#pragma once
#include <pgmspace.h>
const uint8_t PROGMEM Font_NotoSansBold36[] = {
0x00,0x00,0x00,0x5e,0x00,0x00,0x00,0x0b,0x00,0x00,0x00,0x24,0x00,0x00,0x00,0x00,
0x00,0x00,0x00,0x1c,0x00,0x00,0x00,0x09,0x00,0x00,0x00,0x21,0x00,0x00,0x00,0x1b,
0x00,0x00,0x00,0x07,0x00,0x00,0x00,0x0a,0x00,0x00,0x00,0x1a,0x00,0x00,0x00,0x02,
0x00,0x00,0x00,0x00,0x00,0x00,0x00,0x22,0x00,0x00,0x00,0x0a,0x00,0x00,0x00,0x0d,
0x00,0x00,0x00,0x11,0x00,0x00,0x00,0x1a,0x00,0x00,0x00,0x02,0x00,0x00,0x00,0x00,
0x00,0x00,0x00,0x23,0x00,0x00,0x00,0x1a,0x00,0x00,0x00,0x17,0x00,0x00,0x00,0x17,
0x00,0x00,0x00,0x1a,0x00,0x00,0x00,0x00,0x00,0x00,0x00,0x00,0x00,0x00,0x00,0x24,
0x00,0x00,0x00,0x1f,0x00,0x00,0x00,0x13,0x00,0x00,0x00,0x15,0x00,0x00,0x00,0x1c,
0x00,0x00,0x00,0x01,0x00,0x00,0x00,0x00,0x00,0x00,0x00,0x25,0x00,0x00,0x00,0x1c,
0x00,0x00,0x00,0x1f,0x00,0x00,0x00,0x20,0x00,0x00,0x00,0x1b,0x00,0x00,0x00,0x01,
0x00,0x00,0x00,0x00,0x00,0x00,0x00,0x26,0x00,0x00,0x00,0x1c,0x00,0x00,0x00,0x1a,
0x00,0x00,0x00,0x1b,0x00,0x00,0x00,0x1b,0x00,0x00,0x00,0x01,0x00,0x00,0x00,0x00,
0x00,0x00,0x00,0x27,0x00,0x00,0x00,0x0a,0x00,0x00,0x00,0x06,0x00,0x00,0x00,0x0a,
0x00,0x00,0x00,0x1a,0x00,0x00,0x00,0x02,0x00,0x00,0x00,0x00,0x00,0x00,0x00,0x28,
0x00,0x00,0x00,0x20,0x00,0x00,0x00,0x0a,0x00,0x00,0x00,0x0c,0x00,0x00,0x00,0x1a,
0x00,0x00,0x00,0x01,0x00,0x00,0x00,0x00,0x00,0x00,0x00,0x29,0x00,0x00,0x00,0x20,
0x00,0x00,0x00,0x0a,0x00,0x00,0x00,0x0c,0x00,0x00,0x00,0x1a,0x00,0x00,0x00,0x01,
0x00,0x00,0x00,0x00,0x00,0x00,0x00,0x2a,0x00,0x00,0x00,0x12,0x00,0x00,0x00,0x12,
0x00,0x00,0x00,0x14,0x00,0x00,0x00,0x1c,0x00,0x00,0x00,0x01,0x00,0x00,0x00,0x00,
0x00,0x00,0x00,0x2b,0x00,0x00,0x00,0x12,0x00,0x00,0x00,0x12,0x00,0x00,0x00,0x15,
0x00,0x00,0x00,0x16,0x00,0x00,0x00,0x01,0x00,0x00,0x00,0x00,0x00,0x00,0x00,0x2c,
0x00,0x00,0x00,0x0a,0x00,0x00,0x00,0x07,0x00,0x00,0x00,0x0a,0x00,0x00,0x00,0x05,
0x00,0x00,0x00,0x01,0x00,0x00,0x00,0x00,0x00,0x00,0x00,0x2d,0x00,0x00,0x00,0x05,
0x00,0x00,0x00,0x0a,0x00,0x00,0x00,0x0c,0x00,0x00,0x00,0x0c,0x00,0x00,0x00,0x01,
0x00,0x00,0x00,0x00,0x00,0x00,0x00,0x2e,0x00,0x00,0x00,0x07,0x00,0x00,0x00,0x07,
0x00,0x00,0x00,0x0a,0x00,0x00,0x00,0x06,0x00,0x00,0x00,0x02,0x00,0x00,0x00,0x00,
0x00,0x00,0x00,0x2f,0x00,0x00,0x00,0x1a,0x00,0x00,0x00,0x0f,0x00,0x00,0x00,0x0f,
0x00,0x00,0x00,0x1a,0x00,0x00,0x00,0x00,0x00,0x00,0x00,0x00,0x00,0x00,0x00,0x30,
0x00,0x00,0x00,0x1c,0x00,0x00,0x00,0x13,0x00,0x00,0x00,0x15,0x00,0x00,0x00,0x1b,
0x00,0x00,0x00,0x01,0x00,0x00,0x00,0x00,0x00,0x00,0x00,0x31,0x00,0x00,0x00,0x1a,
0x00,0x00,0x00,0x0d,0x00,0x00,0x00,0x15,0x00,0x00,0x00,0x1a,0x00,0x00,0x00,0x02,
0x00,0x00,0x00,0x00,0x00,0x00,0x00,0x32,0x00,0x00,0x00,0x1b,0x00,0x00,0x00,0x13,
0x00,0x00,0x00,0x15,0x00,0x00,0x00,0x1b,0x00,0x00,0x00,0x01,0x00,0x00,0x00,0x00,
0x00,0x00,0x00,0x33,0x00,0x00,0x00,0x1c,0x00,0x00,0x00,0x13,0x00,0x00,0x00,0x15,
0x00,0x00,0x00,0x1b,0x00,0x00,0x00,0x01,0x00,0x00,0x00,0x00,0x00,0x00,0x00,0x34,
0x00,0x00,0x00,0x1a,0x00,0x00,0x00,0x14,0x00,0x00,0x00,0x15,0x00,0x00,0x00,0x1a,
0x00,0x00,0x00,0x00,0x00,0x00,0x00,0x00,0x00,0x00,0x00,0x35,0x00,0x00,0x00,0x1b,
0x00,0x00,0x00,0x12,0x00,0x00,0x00,0x15,0x00,0x00,0x00,0x1a,0x00,0x00,0x00,0x01,
0x00,0x00,0x00,0x00,0x00,0x00,0x00,0x36,0x00,0x00,0x00,0x1b,0x00,0x00,0x00,0x13,
0x00,0x00,0x00,0x15,0x00,0x00,0x00,0x1a,0x00,0x00,0x00,0x01,0x00,0x00,0x00,0x00,
0x00,0x00,0x00,0x37,0x00,0x00,0x00,0x1a,0x00,0x00,0x00,0x13,0x00,0x00,0x00,0x15,
0x00,0x00,0x00,0x1a,0x00,0x00,0x00,0x01,0x00,0x00,0x00,0x00,0x00,0x00,0x00,0x38,
0x00,0x00,0x00,0x1b,0x00,0x00,0x00,0x13,0x00,0x00,0x00,0x15,0x00,0x00,0x00,0x1a,
0x00,0x00,0x00,0x01,0x00,0x00,0x00,0x00,0x00,0x00,0x00,0x39,0x00,0x00,0x00,0x1b,
0x00,0x00,0x00,0x13,0x00,0x00,0x00,0x15,0x00,0x00,0x00,0x1a,0x00,0x00,0x00,0x01,
0x00,0x00,0x00,0x00,0x00,0x00,0x00,0x3a,0x00,0x00,0x00,0x15,0x00,0x00,0x00,0x07,
0x00,0x00,0x00,0x0a,0x00,0x00,0x00,0x14,0x00,0x00,0x00,0x02,0x00,0x00,0x00,0x00,
0x00,0x00,0x00,0x3b,0x00,0x00,0x00,0x19,0x00,0x00,0x00,0x08,0x00,0x00,0x00,0x0a,
0x00,0x00,0x00,0x14,0x00,0x00,0x00,0x01,0x00,0x00,0x00,0x00,0x00,0x00,0x00,0x3c,
0x00,0x00,0x00,0x14,0x00,0x00,0x00,0x12,0x00,0x00,0x00,0x15,0x00,0x00,0x00,0x17,
0x00,0x00,0x00,0x01,0x00,0x00,0x00,0x00,0x00,0x00,0x00,0x3d,0x00,0x00,0x00,0x0b,
0x00,0x00,0x00,0x12,0x00,0x00,0x00,0x15,0x00,0x00,0x00,0x12,0x00,0x00,0x00,0x01,
0x00,0x00,0x00,0x00,0x00,0x00,0x00,0x3e,0x00,0x00,0x00,0x14,0x00,0x00,0x00,0x12,
0x00,0x00,0x00,0x15,0x00,0x00,0x00,0x17,0x00,0x00,0x00,0x01,0x00,0x00,0x00,0x00,
0x00,0x00,0x00,0x3f,0x00,0x00,0x00,0x1c,0x00,0x00,0x00,0x11,0x00,0x00,0x00,0x11,
0x00,0x00,0x00,0x1b,0x00,0x00,0x00,0x00,0x00,0x00,0x00,0x00,0x00,0x00,0x00,0x40,
0x00,0x00,0x00,0x1d,0x00,0x00,0x00,0x1e,0x00,0x00,0x00,0x20,0x00,0x00,0x00,0x1a,
0x00,0x00,0x00,0x01,0x00,0x00,0x00,0x00,0x00,0x00,0x00,0x41,0x00,0x00,0x00,0x1a,
0x00,0x00,0x00,0x19,0x00,0x00,0x00,0x19,0x00,0x00,0x00,0x1a,0x00,0x00,0x00,0x00,
0x00,0x00,0x00,0x00,0x00,0x00,0x00,0x42,0x00,0x00,0x00,0x1a,0x00,0x00,0x00,0x14,
0x00,0x00,0x00,0x18,0x00,0x00,0x00,0x1a,0x00,0x00,0x00,0x03,0x00,0x00,0x00,0x00,
0x00,0x00,0x00,0x43,0x00,0x00,0x00,0x1c,0x00,0x00,0x00,0x14,0x00,0x00,0x00,0x17,
0x00,0x00,0x00,0x1b,0x00,0x00,0x00,0x02,0x00,0x00,0x00,0x00,0x00,0x00,0x00,0x44,
0x00,0x00,0x00,0x1a,0x00,0x00,0x00,0x16,0x00,0x00,0x00,0x1b,0x00,0x00,0x00,0x1a,
0x00,0x00,0x00,0x03,0x00,0x00,0x00,0x00,0x00,0x00,0x00,0x45,0x00,0x00,0x00,0x1a,
0x00,0x00,0x00,0x0f,0x00,0x00,0x00,0x14,0x00,0x00,0x00,0x1a,0x00,0x00,0x00,0x03,
0x00,0x00,0x00,0x00,0x00,0x00,0x00,0x46,0x00,0x00,0x00,0x1a,0x00,0x00,0x00,0x0f,
0x00,0x00,0x00,0x14,0x00,0x00,0x00,0x1a,0x00,0x00,0x00,0x03,0x00,0x00,0x00,0x00,
0x00,0x00,0x00,0x47,0x00,0x00,0x00,0x1c,0x00,0x00,0x00,0x16,0x00,0x00,0x00,0x1a,
0x00,0x00,0x00,0x1b,0x00,0x00,0x00,0x02,0x00,0x00,0x00,0x00,0x00,0x00,0x00,0x48,
0x00,0x00,0x00,0x1a,0x00,0x00,0x00,0x16,0x00,0x00,0x00,0x1c,0x00,0x00,0x00,0x1a,
0x00,0x00,0x00,0x03,0x00,0x00,0x00,0x00,0x00,0x00,0x00,0x49,0x00,0x00,0x00,0x1a,
0x00,0x00,0x00,0x0c,0x00,0x00,0x00,0x0e,0x00,0x00,0x00,0x1a,0x00,0x00,0x00,0x01,
0x00,0x00,0x00,0x00,0x00,0x00,0x00,0x4a,0x00,0x00,0x00,0x22,0x00,0x00,0x00,0x0c,
0x00,0x00,0x00,0x0c,0x00,0x00,0x00,0x1a,0xff,0xff,0xff,0xfd,0x00,0x00,0x00,0x00,
0x00,0x00,0x00,0x4b,0x00,0x00,0x00,0x1a,0x00,0x00,0x00,0x15,0x00,0x00,0x00,0x18,
0x00,0x00,0x00,0x1a,0x00,0x00,0x00,0x03,0x00,0x00,0x00,0x00,0x00,0x00,0x00,0x4c,
0x00,0x00,0x00,0x1a,0x00,0x00,0x00,0x11,0x00,0x00,0x00,0x14,0x00,0x00,0x00,0x1a,
0x00,0x00,0x00,0x03,0x00,0x00,0x00,0x00,0x00,0x00,0x00,0x4d,0x00,0x00,0x00,0x1a,
0x00,0x00,0x00,0x1c,0x00,0x00,0x00,0x22,0x00,0x00,0x00,0x1a,0x00,0x00,0x00,0x03,
0x00,0x00,0x00,0x00,0x00,0x00,0x00,0x4e,0x00,0x00,0x00,0x1a,0x00,0x00,0x00,0x17,
0x00,0x00,0x00,0x1d,0x00,0x00,0x00,0x1a,0x00,0x00,0x00,0x03,0x00,0x00,0x00,0x00,
0x00,0x00,0x00,0x4f,0x00,0x00,0x00,0x1c,0x00,0x00,0x00,0x19,0x00,0x00,0x00,0x1d,
0x00,0x00,0x00,0x1b,0x00,0x00,0x00,0x02,0x00,0x00,0x00,0x00,0x00,0x00,0x00,0x50,
0x00,0x00,0x00,0x1a,0x00,0x00,0x00,0x12,0x00,0x00,0x00,0x17,0x00,0x00,0x00,0x1a,
0x00,0x00,0x00,0x03,0x00,0x00,0x00,0x00,0x00,0x00,0x00,0x51,0x00,0x00,0x00,0x22,
0x00,0x00,0x00,0x19,0x00,0x00,0x00,0x1d,0x00,0x00,0x00,0x1b,0x00,0x00,0x00,0x02,
0x00,0x00,0x00,0x00,0x00,0x00,0x00,0x52,0x00,0x00,0x00,0x1a,0x00,0x00,0x00,0x15,
0x00,0x00,0x00,0x18,0x00,0x00,0x00,0x1a,0x00,0x00,0x00,0x03,0x00,0x00,0x00,0x00,
0x00,0x00,0x00,0x53,0x00,0x00,0x00,0x1c,0x00,0x00,0x00,0x12,0x00,0x00,0x00,0x14,
0x00,0x00,0x00,0x1b,0x00,0x00,0x00,0x01,0x00,0x00,0x00,0x00,0x00,0x00,0x00,0x54,
0x00,0x00,0x00,0x1a,0x00,0x00,0x00,0x15,0x00,0x00,0x00,0x15,0x00,0x00,0x00,0x1a,
0x00,0x00,0x00,0x00,0x00,0x00,0x00,0x00,0x00,0x00,0x00,0x55,0x00,0x00,0x00,0x1b,
0x00,0x00,0x00,0x16,0x00,0x00,0x00,0x1b,0x00,0x00,0x00,0x1a,0x00,0x00,0x00,0x03,
0x00,0x00,0x00,0x00,0x00,0x00,0x00,0x56,0x00,0x00,0x00,0x1a,0x00,0x00,0x00,0x18,
0x00,0x00,0x00,0x17,0x00,0x00,0x00,0x1a,0x00,0x00,0x00,0x00,0x00,0x00,0x00,0x00,
0x00,0x00,0x00,0x57,0x00,0x00,0x00,0x1a,0x00,0x00,0x00,0x23,0x00,0x00,0x00,0x23,
0x00,0x00,0x00,0x1a,0x00,0x00,0x00,0x00,0x00,0x00,0x00,0x00,0x00,0x00,0x00,0x58,
0x00,0x00,0x00,0x1a,0x00,0x00,0x00,0x18,0x00,0x00,0x00,0x18,0x00,0x00,0x00,0x1a,
0x00,0x00,0x00,0x00,0x00,0x00,0x00,0x00,0x00,0x00,0x00,0x59,0x00,0x00,0x00,0x1a,
0x00,0x00,0x00,0x17,0x00,0x00,0x00,0x16,0x00,0x00,0x00,0x1a,0x00,0x00,0x00,0x00,
0x00,0x00,0x00,0x00,0x00,0x00,0x00,0x5a,0x00,0x00,0x00,0x1a,0x00,0x00,0x00,0x14,
0x00,0x00,0x00,0x15,0x00,0x00,0x00,0x1a,0x00,0x00,0x00,0x00,0x00,0x00,0x00,0x00,
0x00,0x00,0x00,0x5b,0x00,0x00,0x00,0x20,0x00,0x00,0x00,0x09,0x00,0x00,0x00,0x0c,
0x00,0x00,0x00,0x1a,0x00,0x00,0x00,0x02,0x00,0x00,0x00,0x00,0x00,0x00,0x00,0x5c,
0x00,0x00,0x00,0x1a,0x00,0x00,0x00,0x0f,0x00,0x00,0x00,0x0f,0x00,0x00,0x00,0x1a,
0x00,0x00,0x00,0x00,0x00,0x00,0x00,0x00,0x00,0x00,0x00,0x5d,0x00,0x00,0x00,0x20,
0x00,0x00,0x00,0x0a,0x00,0x00,0x00,0x0c,0x00,0x00,0x00,0x1a,0x00,0x00,0x00,0x00,
0x00,0x00,0x00,0x00,0x00,0x00,0x00,0x5e,0x00,0x00,0x00,0x11,0x00,0x00,0x00,0x14,
0x00,0x00,0x00,0x15,0x00,0x00,0x00,0x1a,0x00,0x00,0x00,0x00,0x00,0x00,0x00,0x00,
0x00,0x00,0x00,0x5f,0x00,0x00,0x00,0x03,0x00,0x00,0x00,0x10,0x00,0x00,0x00,0x0f,
0xff,0xff,0xff,0xfd,0xff,0xff,0xff,0xff,0x00,0x00,0x00,0x00,0x00,0x00,0x00,0x60,
0x00,0x00,0x00,0x07,0x00,0x00,0x00,0x0b,0x00,0x00,0x00,0x0d,0x00,0x00,0x00,0x1c,
0x00,0x00,0x00,0x01,0x00,0x00,0x00,0x00,0x00,0x00,0x00,0x61,0x00,0x00,0x00,0x15,
0x00,0x00,0x00,0x12,0x00,0x00,0x00,0x16,0x00,0x00,0x00,0x14,0x00,0x00,0x00,0x01,
0x00,0x00,0x00,0x00,0x00,0x00,0x00,0x62,0x00,0x00,0x00,0x1d,0x00,0x00,0x00,0x14,
0x00,0x00,0x00,0x17,0x00,0x00,0x00,0x1c,0x00,0x00,0x00,0x02,0x00,0x00,0x00,0x00,
0x00,0x00,0x00,0x63,0x00,0x00,0x00,0x15,0x00,0x00,0x00,0x11,0x00,0x00,0x00,0x13,
0x00,0x00,0x00,0x14,0x00,0x00,0x00,0x01,0x00,0x00,0x00,0x00,0x00,0x00,0x00,0x64,
0x00,0x00,0x00,0x1d,0x00,0x00,0x00,0x13,0x00,0x00,0x00,0x17,0x00,0x00,0x00,0x1c,
0x00,0x00,0x00,0x01,0x00,0x00,0x00,0x00,0x00,0x00,0x00,0x65,0x00,0x00,0x00,0x15,
0x00,0x00,0x00,0x13,0x00,0x00,0x00,0x15,0x00,0x00,0x00,0x14,0x00,0x00,0x00,0x01,
0x00,0x00,0x00,0x00,0x00,0x00,0x00,0x66,0x00,0x00,0x00,0x1c,0x00,0x00,0x00,0x10,
0x00,0x00,0x00,0x0e,0x00,0x00,0x00,0x1c,0x00,0x00,0x00,0x00,0x00,0x00,0x00,0x00,
0x00,0x00,0x00,0x67,0x00,0x00,0x00,0x1d,0x00,0x00,0x00,0x13,0x00,0x00,0x00,0x17,
0x00,0x00,0x00,0x14,0x00,0x00,0x00,0x01,0x00,0x00,0x00,0x00,0x00,0x00,0x00,0x68,
0x00,0x00,0x00,0x1c,0x00,0x00,0x00,0x13,0x00,0x00,0x00,0x18,0x00,0x00,0x00,0x1c,
0x00,0x00,0x00,0x02,0x00,0x00,0x00,0x00,0x00,0x00,0x00,0x69,0x00,0x00,0x00,0x1c,
0x00,0x00,0x00,0x07,0x00,0x00,0x00,0x0b,0x00,0x00,0x00,0x1c,0x00,0x00,0x00,0x02,
0x00,0x00,0x00,0x00,0x00,0x00,0x00,0x6a,0x00,0x00,0x00,0x25,0x00,0x00,0x00,0x0c,
0x00,0x00,0x00,0x0b,0x00,0x00,0x00,0x1c,0xff,0xff,0xff,0xfd,0x00,0x00,0x00,0x00,
0x00,0x00,0x00,0x6b,0x00,0x00,0x00,0x1c,0x00,0x00,0x00,0x15,0x00,0x00,0x00,0x16,
0x00,0x00,0x00,0x1c,0x00,0x00,0x00,0x02,0x00,0x00,0x00,0x00,0x00,0x00,0x00,0x6c,
0x00,0x00,0x00,0x1c,0x00,0x00,0x00,0x07,0x00,0x00,0x00,0x0b,0x00,0x00,0x00,0x1c,
0x00,0x00,0x00,0x02,0x00,0x00,0x00,0x00,0x00,0x00,0x00,0x6d,0x00,0x00,0x00,0x14,
0x00,0x00,0x00,0x1f,0x00,0x00,0x00,0x23,0x00,0x00,0x00,0x14,0x00,0x00,0x00,0x02,
0x00,0x00,0x00,0x00,0x00,0x00,0x00,0x6e,0x00,0x00,0x00,0x14,0x00,0x00,0x00,0x13,
0x00,0x00,0x00,0x18,0x00,0x00,0x00,0x14,0x00,0x00,0x00,0x02,0x00,0x00,0x00,0x00,
0x00,0x00,0x00,0x6f,0x00,0x00,0x00,0x15,0x00,0x00,0x00,0x14,0x00,0x00,0x00,0x16,
0x00,0x00,0x00,0x14,0x00,0x00,0x00,0x01,0x00,0x00,0x00,0x00,0x00,0x00,0x00,0x70,
0x00,0x00,0x00,0x1d,0x00,0x00,0x00,0x14,0x00,0x00,0x00,0x17,0x00,0x00,0x00,0x14,
0x00,0x00,0x00,0x02,0x00,0x00,0x00,0x00,0x00,0x00,0x00,0x71,0x00,0x00,0x00,0x1d,
0x00,0x00,0x00,0x13,0x00,0x00,0x00,0x17,0x00,0x00,0x00,0x14,0x00,0x00,0x00,0x01,
0x00,0x00,0x00,0x00,0x00,0x00,0x00,0x72,0x00,0x00,0x00,0x14,0x00,0x00,0x00,0x0e,
0x00,0x00,0x00,0x10,0x00,0x00,0x00,0x14,0x00,0x00,0x00,0x02,0x00,0x00,0x00,0x00,
0x00,0x00,0x00,0x73,0x00,0x00,0x00,0x15,0x00,0x00,0x00,0x10,0x00,0x00,0x00,0x12,
0x00,0x00,0x00,0x14,0x00,0x00,0x00,0x01,0x00,0x00,0x00,0x00,0x00,0x00,0x00,0x74,
0x00,0x00,0x00,0x19,0x00,0x00,0x00,0x0f,0x00,0x00,0x00,0x10,0x00,0x00,0x00,0x18,
0x00,0x00,0x00,0x00,0x00,0x00,0x00,0x00,0x00,0x00,0x00,0x75,0x00,0x00,0x00,0x15,
0x00,0x00,0x00,0x13,0x00,0x00,0x00,0x18,0x00,0x00,0x00,0x14,0x00,0x00,0x00,0x02,
0x00,0x00,0x00,0x00,0x00,0x00,0x00,0x76,0x00,0x00,0x00,0x14,0x00,0x00,0x00,0x15,
0x00,0x00,0x00,0x14,0x00,0x00,0x00,0x14,0x00,0x00,0x00,0x00,0x00,0x00,0x00,0x00,
0x00,0x00,0x00,0x77,0x00,0x00,0x00,0x14,0x00,0x00,0x00,0x1f,0x00,0x00,0x00,0x1f,
0x00,0x00,0x00,0x14,0x00,0x00,0x00,0x00,0x00,0x00,0x00,0x00,0x00,0x00,0x00,0x78,
0x00,0x00,0x00,0x14,0x00,0x00,0x00,0x15,0x00,0x00,0x00,0x15,0x00,0x00,0x00,0x14,
0x00,0x00,0x00,0x00,0x00,0x00,0x00,0x00,0x00,0x00,0x00,0x79,0x00,0x00,0x00,0x1d,
0x00,0x00,0x00,0x15,0x00,0x00,0x00,0x14,0x00,0x00,0x00,0x14,0x00,0x00,0x00,0x00,
0x00,0x00,0x00,0x00,0x00,0x00,0x00,0x7a,0x00,0x00,0x00,0x14,0x00,0x00,0x00,0x10,
0x00,0x00,0x00,0x12,0x00,0x00,0x00,0x14,0x00,0x00,0x00,0x01,0x00,0x00,0x00,0x00,
0x00,0x00,0x00,0x7b,0x00,0x00,0x00,0x20,0x00,0x00,0x00,0x0d,0x00,0x00,0x00,0x0e,
0x00,0x00,0x00,0x1a,0x00,0x00,0x00,0x00,0x00,0x00,0x00,0x00,0x00,0x00,0x00,0x7c,
0x00,0x00,0x00,0x25,0x00,0x00,0x00,0x04,0x00,0x00,0x00,0x14,0x00,0x00,0x00,0x1c,
0x00,0x00,0x00,0x08,0x00,0x00,0x00,0x00,0x00,0x00,0x00,0x7d,0x00,0x00,0x00,0x20,
0x00,0x00,0x00,0x0d,0x00,0x00,0x00,0x0e,0x00,0x00,0x00,0x1a,0x00,0x00,0x00,0x01,
0x00,0x00,0x00,0x00,0x00,0x00,0x00,0x7e,0x00,0x00,0x00,0x07,0x00,0x00,0x00,0x12,
0x00,0x00,0x00,0x15,0x00,0x00,0x00,0x10,0x00,0x00,0x00,0x01,0x00,0x00,0x00,0x00,
0x9f,0xae,0xae,0xae,0xae,0xae,0x2a,0xb8,0xff,0xff,0xff,0xff,0xff,0x0e,0xb4,0xff,
0xff,0xff,0xff,0xff,0x06,0xac,0xff,0xff,0xff,0xff,0xff,0x00,0xa5,0xff,0xff,0xff,
0xff,0xfa,0x00,0x9f,0xff,0xff,0xff,0xff,0xf2,0x00,0x96,0xff,0xff,0xff,0xff,0xeb,
0x00,0x74,0xff,0xff,0xff,0xff,0xce,0x00,0x5f,0xff,0xff,0xff,0xff,0xb4,0x00,0x59,
0xff,0xff,0xff,0xff,0xae,0x00,0x52,0xff,0xff,0xff,0xff,0xa7,0x00,0x4a,0xff,0xff,
0xff,0xff,0x9f,0x00,0x46,0xff,0xff,0xff,0xff,0x99,0x00,0x2e,0xff,0xff,0xff,0xff,
0x90,0x00,0x0c,0xff,0xff,0xff,0xff,0x63,0x00,0x06,0xff,0xff,0xff,0xff,0x5b,0x00,
0x00,0xff,0xff,0xff,0xff,0x55,0x00,0x00,0x61,0x63,0x63,0x63,0x1f,0x00,0x00,0x00,
0x00,0x00,0x00,0x00,0x00,0x00,0x00,0x00,0x00,0x00,0x00,0x00,0x00,0x26,0x6a,0x7d,
0x3d,0x00,0x00,0x57,0xfc,0xff,0xff,0xff,0x96,0x00,0xd4,0xff,0xff,0xff,0xff,0xff,
0x0c,0xf4,0xff,0xff,0xff,0xff,0xff,0x3d,0xce,0xff,0xff,0xff,0xff,0xfc,0x0a,0x4a,
0xf8,0xff,0xff,0xff,0x83,0x00,0x00,0x19,0x5b,0x5f,0x30,0x00,0x00,0x6e,0xae,0xae,
0xae,0xae,0x2c,0x00,0x2e,0xae,0xae,0xae,0xae,0x6e,0x99,0xff,0xff,0xff,0xff,0x15,
0x00,0x1d,0xff,0xff,0xff,0xff,0x99,0x70,0xff,0xff,0xff,0xff,0x04,0x00,0x08,0xff,
0xff,0xff,0xff,0x74,0x5b,0xff,0xff,0xff,0xfa,0x00,0x00,0x00,0xfc,0xff,0xff,0xff,
0x5b,0x52,0xff,0xff,0xff,0xf0,0x00,0x00,0x00,0xf4,0xff,0xff,0xff,0x50,0x48,0xff,
0xff,0xff,0xcc,0x00,0x00,0x00,0xd6,0xff,0xff,0xff,0x48,0x2c,0xff,0xff,0xff,0xb2,
0x00,0x00,0x00,0xb4,0xff,0xff,0xff,0x2e,0x08,0xff,0xff,0xff,0xa5,0x00,0x00,0x00,
0xaa,0xff,0xff,0xff,0x08,0x00,0xff,0xff,0xff,0x9d,0x00,0x00,0x00,0x9f,0xff,0xff,
0xff,0x00,0x00,0x96,0x9b,0x9b,0x59,0x00,0x00,0x00,0x5b,0x9b,0x9b,0x94,0x00,0x00,
0x00,0x00,0x00,0x00,0x00,0x00,0x00,0x61,0xa7,0xa7,0xa7,0x33,0x00,0x00,0x28,0xa7,
0xa7,0xa7,0x63,0x00,0x00,0x00,0x00,0x00,0x00,0x00,0x00,0x00,0x00,0x00,0xae,0xff,
0xff,0xff,0x15,0x00,0x00,0x59,0xff,0xff,0xff,0x59,0x00,0x00,0x00,0x00,0x00,0x00,
0x00,0x00,0x00,0x00,0x00,0xee,0xff,0xff,0xf2,0x00,0x00,0x00,0x92,0xff,0xff,0xff,
0x37,0x00,0x00,0x00,0x00,0x00,0x00,0x00,0x00,0x00,0x00,0x11,0xff,0xff,0xff,0xae,
0x00,0x00,0x00,0xb8,0xff,0xff,0xfc,0x02,0x00,0x00,0x00,0x00,0x00,0x00,0x00,0x00,
0x00,0x00,0x4c,0xff,0xff,0xff,0x8c,0x00,0x00,0x00,0xf6,0xff,0xff,0xce,0x00,0x00,
0x00,0x00,0x00,0x00,0x00,0x00,0x00,0x00,0x00,0x79,0xff,0xff,0xff,0x55,0x00,0x00,
0x1f,0xff,0xff,0xff,0xa1,0x00,0x00,0x00,0x00,0x00,0x00,0x00,0x00,0x00,0x00,0x00,
0xaa,0xff,0xff,0xff,0x28,0x00,0x00,0x52,0xff,0xff,0xff,0x68,0x00,0x00,0x00,0x00,
0x00,0x00,0x90,0x94,0x94,0x94,0x94,0xe7,0xff,0xff,0xff,0x94,0x94,0x94,0xc1,0xff,
0xff,0xff,0xb6,0x94,0x94,0x94,0x3b,0x00,0x00,0xf8,0xff,0xff,0xff,0xff,0xff,0xff,
0xff,0xff,0xff,0xff,0xff,0xff,0xff,0xff,0xff,0xff,0xff,0xff,0xff,0x63,0x00,0x00,
0xf8,0xff,0xff,0xff,0xff,0xff,0xff,0xff,0xff,0xff,0xff,0xff,0xff,0xff,0xff,0xff,
0xff,0xff,0xff,0xff,0x63,0x00,0x00,0xf8,0xff,0xff,0xff,0xff,0xff,0xff,0xff,0xff,
0xff,0xff,0xff,0xff,0xff,0xff,0xff,0xff,0xff,0xff,0xff,0x63,0x00,0x00,0x3b,0x3d,
0x3d,0x3d,0xb8,0xff,0xff,0xff,0x68,0x3d,0x3d,0x7d,0xff,0xff,0xff,0x96,0x3d,0x3d,
0x3d,0x3d,0x19,0x00,0x00,0x00,0x00,0x00,0x00,0xc1,0xff,0xff,0xfc,0x02,0x00,0x00,
0x81,0xff,0xff,0xff,0x4c,0x00,0x00,0x00,0x00,0x00,0x00,0x00,0x00,0x00,0x00,0x02,
0xfa,0xff,0xff,0xce,0x00,0x00,0x00,0xae,0xff,0xff,0xff,0x0c,0x00,0x00,0x00,0x00,
0x00,0x00,0x00,0x00,0x00,0x00,0x30,0xff,0xff,0xff,0x9f,0x00,0x00,0x00,0xf2,0xff,
0xff,0xe3,0x00,0x00,0x00,0x00,0x00,0x00,0x30,0xb4,0xb4,0xb4,0xb4,0xcc,0xff,0xff,
0xff,0xd6,0xb4,0xb4,0xb6,0xff,0xff,0xff,0xe7,0xb4,0xb4,0xb4,0xb4,0x35,0x00,0x44,
0xff,0xff,0xff,0xff,0xff,0xff,0xff,0xff,0xff,0xff,0xff,0xff,0xff,0xff,0xff,0xff,
0xff,0xff,0xff,0xff,0x4a,0x00,0x44,0xff,0xff,0xff,0xff,0xff,0xff,0xff,0xff,0xff,
0xff,0xff,0xff,0xff,0xff,0xff,0xff,0xff,0xff,0xff,0xff,0x4a,0x00,0x3d,0xeb,0xeb,
0xeb,0xeb,0xff,0xff,0xff,0xf8,0xeb,0xeb,0xeb,0xf8,0xff,0xff,0xff,0xeb,0xeb,0xeb,
0xeb,0xeb,0x44,0x00,0x00,0x00,0x00,0x00,0x1f,0xff,0xff,0xff,0xa5,0x00,0x00,0x00,
0xee,0xff,0xff,0xf4,0x00,0x00,0x00,0x00,0x00,0x00,0x00,0x00,0x00,0x00,0x00,0x50,
0xff,0xff,0xff,0x74,0x00,0x00,0x11,0xff,0xff,0xff,0xb4,0x00,0x00,0x00,0x00,0x00,
0x00,0x00,0x00,0x00,0x00,0x00,0x7f,0xff,0xff,0xff,0x4a,0x00,0x00,0x4c,0xff,0xff,
0xff,0x8e,0x00,0x00,0x00,0x00,0x00,0x00,0x00,0x00,0x00,0x00,0x00,0xac,0xff,0xff,
0xff,0x0e,0x00,0x00,0x79,0xff,0xff,0xff,0x55,0x00,0x00,0x00,0x00,0x00,0x00,0x00,
0x00,0x00,0x00,0x00,0xdf,0xff,0xff,0xee,0x00,0x00,0x00,0xaa,0xff,0xff,0xff,0x28,
0x00,0x00,0x00,0x00,0x00,0x00,0x00,0x00,0x00,0x00,0x06,0xff,0xff,0xff,0xae,0x00,
0x00,0x00,0xdd,0xff,0xff,0xf8,0x00,0x00,0x00,0x00,0x00,0x00,0x00,0x00,0x00,0x00,
0x00,0x41,0xff,0xff,0xff,0x8a,0x00,0x00,0x06,0xff,0xff,0xff,0xbf,0x00,0x00,0x00,
0x00,0x00,0x00,0x00,0x00,0x00,0x00,0x00,0x00,0x00,0x00,0x00,0x00,0x4a,0x50,0x2e,
0x00,0x00,0x00,0x00,0x00,0x00,0x00,0x00,0x00,0x00,0x00,0x00,0x00,0x00,0x00,0x00,
0xeb,0xff,0x94,0x00,0x00,0x00,0x00,0x00,0x00,0x00,0x00,0x00,0x00,0x00,0x00,0x00,
0x00,0x00,0x00,0xeb,0xff,0x94,0x00,0x00,0x00,0x00,0x00,0x00,0x00,0x00,0x00,0x00,
0x00,0x00,0x00,0x1f,0x59,0x92,0xf8,0xff,0xda,0xa3,0x8a,0x57,0x2a,0x00,0x00,0x00,
0x00,0x00,0x00,0x00,0x41,0xc3,0xff,0xff,0xff,0xff,0xff,0xff,0xff,0xff,0xff,0xff,
0xe7,0x92,0x2c,0x00,0x00,0x00,0x90,0xff,0xff,0xff,0xff,0xff,0xff,0xff,0xff,0xff,
0xff,0xff,0xff,0xff,0xff,0x8a,0x00,0x00,0x7d,0xff,0xff,0xff,0xff,0xff,0xff,0xff,
0xff,0xff,0xff,0xff,0xff,0xff,0xff,0xff,0x24,0x00,0x15,0xfa,0xff,0xff,0xff,0xff,
0xff,0xd8,0xf8,0xff,0xda,0xb6,0xf6,0xff,0xff,0xff,0xbf,0x00,0x00,0x55,0xff,0xff,
0xff,0xff,0xff,0x4e,0x00,0xeb,0xff,0x94,0x00,0x00,0x22,0x68,0xc3,0x55,0x00,0x00,
0x61,0xff,0xff,0xff,0xff,0xe9,0x00,0x00,0xeb,0xff,0x94,0x00,0x00,0x00,0x00,0x00,
0x00,0x00,0x00,0x57,0xff,0xff,0xff,0xff,0xfc,0x26,0x00,0xeb,0xff,0x94,0x00,0x00,
0x00,0x00,0x00,0x00,0x00,0x00,0x2c,0xff,0xff,0xff,0xff,0xff,0xee,0x6e,0xeb,0xff,
0x94,0x00,0x00,0x00,0x00,0x00,0x00,0x00,0x00,0x00,0xc3,0xff,0xff,0xff,0xff,0xff,
0xff,0xff,0xff,0x94,0x00,0x00,0x00,0x00,0x00,0x00,0x00,0x00,0x00,0x1d,0xe7,0xff,
0xff,0xff,0xff,0xff,0xff,0xff,0xff,0xc3,0x5d,0x02,0x00,0x00,0x00,0x00,0x00,0x00,
0x00,0x19,0xc1,0xff,0xff,0xff,0xff,0xff,0xff,0xff,0xff,0xff,0xe3,0x72,0x02,0x00,
0x00,0x00,0x00,0x00,0x00,0x00,0x55,0xd6,0xff,0xff,0xff,0xff,0xff,0xff,0xff,0xff,
0xff,0xd0,0x1d,0x00,0x00,0x00,0x00,0x00,0x00,0x00,0x00,0x4a,0xbd,0xff,0xff,0xff,
0xff,0xff,0xff,0xff,0xff,0xe5,0x17,0x00,0x00,0x00,0x00,0x00,0x00,0x00,0x00,0x00,
0xeb,0xff,0xff,0xff,0xff,0xff,0xff,0xff,0xff,0xa7,0x00,0x00,0x00,0x00,0x00,0x00,
0x00,0x00,0x00,0xeb,0xff,0x96,0x6a,0xf2,0xff,0xff,0xff,0xff,0xfa,0x02,0x00,0x00,
0x00,0x00,0x00,0x00,0x00,0x00,0xeb,0xff,0x94,0x00,0x4c,0xff,0xff,0xff,0xff,0xff,
0x28,0x2c,0x28,0x00,0x00,0x00,0x00,0x00,0x00,0xeb,0xff,0x94,0x00,0x1b,0xff,0xff,
0xff,0xff,0xff,0x26,0x5d,0xff,0xc7,0x74,0x2a,0x00,0x00,0x00,0xeb,0xff,0x94,0x06,
0xa3,0xff,0xff,0xff,0xff,0xf8,0x02,0x5d,0xff,0xff,0xff,0xff,0xf4,0xb2,0xa1,0xf8,
0xff,0xdf,0xee,0xff,0xff,0xff,0xff,0xff,0x9b,0x00,0x5d,0xff,0xff,0xff,0xff,0xff,
0xff,0xff,0xff,0xff,0xff,0xff,0xff,0xff,0xff,0xff,0xe9,0x19,0x00,0x5d,0xff,0xff,
0xff,0xff,0xff,0xff,0xff,0xff,0xff,0xff,0xff,0xff,0xff,0xff,0xe1,0x30,0x00,0x00,
0x0a,0x66,0xbb,0xfa,0xff,0xff,0xff,0xff,0xff,0xff,0xff,0xff,0xff,0xe1,0x7f,0x0c,
0x00,0x00,0x00,0x00,0x00,0x00,0x02,0x39,0x57,0x66,0x94,0xf8,0xff,0xbd,0x57,0x28,
0x00,0x00,0x00,0x00,0x00,0x00,0x00,0x00,0x00,0x00,0x00,0x00,0x00,0x00,0xeb,0xff,
0x94,0x00,0x00,0x00,0x00,0x00,0x00,0x00,0x00,0x00,0x00,0x00,0x00,0x00,0x00,0x00,
0x00,0xeb,0xff,0x94,0x00,0x00,0x00,0x00,0x00,0x00,0x00,0x00,0x00,0x00,0x00,0x00,
0x00,0x00,0x00,0x00,0xeb,0xff,0x94,0x00,0x00,0x00,0x00,0x00,0x00,0x00,0x00,0x00,
0x00,0x00,0x00,0x00,0x00,0x00,0x00,0x06,0x06,0x04,0x00,0x00,0x00,0x00,0x00,0x00,
0x00,0x00,0x00,0x00,0x00,0x00,0x00,0x00,0x02,0x00,0x00,0x00,0x00,0x00,0x00,0x00,
0x00,0x00,0x00,0x00,0x00,0x00,0x00,0x00,0x00,0x00,0x00,0x00,0x00,0x00,0x00,0x00,
0x00,0x00,0x00,0x11,0x85,0xdd,0xff,0xff,0xf0,0x9f,0x26,0x00,0x00,0x00,0x00,0x00,
0x00,0x00,0x00,0x00,0x04,0xa5,0xae,0xae,0xae,0x22,0x00,0x00,0x00,0x00,0x00,0x00,
0x00,0x15,0xdf,0xff,0xff,0xff,0xff,0xff,0xff,0xf6,0x46,0x00,0x00,0x00,0x00,0x00,
0x00,0x00,0x00,0x74,0xff,0xff,0xff,0xbf,0x00,0x00,0x00,0x00,0x00,0x00,0x00,0x00,
0xb2,0xff,0xff,0xff,0xff,0xff,0xff,0xff,0xff,0xee,0x15,0x00,0x00,0x00,0x00,0x00,
0x00,0x11,0xee,0xff,0xff,0xff,0x2c,0x00,0x00,0x00,0x00,0x00,0x00,0x00,0x2a,0xff,
0xff,0xff,0xff,0xd4,0xae,0xff,0xff,0xff,0xff,0x85,0x00,0x00,0x00,0x00,0x00,0x00,
0x8a,0xff,0xff,0xff,0x9f,0x00,0x00,0x00,0x00,0x00,0x00,0x00,0x00,0x7d,0xff,0xff,
0xff,0xfa,0x13,0x00,0x9d,0xff,0xff,0xff,0xdf,0x00,0x00,0x00,0x00,0x00,0x22,0xfc,
0xff,0xff,0xf6,0x1b,0x00,0x00,0x00,0x00,0x00,0x00,0x00,0x00,0xae,0xff,0xff,0xff,
0xb6,0x00,0x00,0x50,0xff,0xff,0xff,0xff,0x11,0x00,0x00,0x00,0x00,0xaa,0xff,0xff,
0xff,0x81,0x00,0x00,0x00,0x00,0x00,0x00,0x00,0x00,0x00,0xc9,0xff,0xff,0xff,0x9f,
0x00,0x00,0x26,0xff,0xff,0xff,0xff,0x46,0x00,0x00,0x00,0x37,0xff,0xff,0xff,0xe7,
0x0c,0x00,0x00,0x00,0x00,0x00,0x00,0x00,0x00,0x00,0xeb,0xff,0xff,0xff,0x96,0x00,
0x00,0x0c,0xff,0xff,0xff,0xff,0x4c,0x00,0x00,0x00,0xc7,0xff,0xff,0xff,0x6a,0x00,
0x00,0x00,0x00,0x00,0x00,0x00,0x00,0x00,0x00,0xeb,0xff,0xff,0xff,0x96,0x00,0x00,
0x0c,0xff,0xff,0xff,0xff,0x4c,0x00,0x00,0x55,0xff,0xff,0xff,0xd6,0x00,0x00,0x00,
0x00,0x00,0x00,0x00,0x00,0x00,0x00,0x00,0xc1,0xff,0xff,0xff,0x9f,0x00,0x00,0x26,
0xff,0xff,0xff,0xff,0x46,0x00,0x02,0xdd,0xff,0xff,0xff,0x4a,0x00,0x00,0x00,0x00,
0x00,0x00,0x00,0x00,0x00,0x00,0x00,0xa7,0xff,0xff,0xff,0xb4,0x00,0x00,0x50,0xff,
0xff,0xff,0xff,0x11,0x00,0x72,0xff,0xff,0xff,0xbf,0x00,0x00,0x3f,0x9d,0xb2,0xb4,
0xa5,0x61,0x02,0x00,0x00,0x00,0x70,0xff,0xff,0xff,0xfa,0x13,0x00,0x9b,0xff,0xff,
0xff,0xe5,0x00,0x11,0xee,0xff,0xff,0xff,0x2e,0x02,0xa5,0xff,0xff,0xff,0xff,0xff,
0xff,0xd4,0x1b,0x00,0x00,0x1d,0xfc,0xff,0xff,0xff,0xd0,0xa7,0xff,0xff,0xff,0xff,
0x8e,0x00,0x8a,0xff,0xff,0xff,0x9f,0x00,0x85,0xff,0xff,0xff,0xff,0xff,0xff,0xff,
0xff,0xd4,0x04,0x00,0x00,0x99,0xff,0xff,0xff,0xff,0xff,0xff,0xff,0xff,0xf6,0x1d,
0x22,0xfa,0xff,0xff,0xf8,0x1b,0x15,0xfa,0xff,0xff,0xff,0xfc,0xf4,0xff,0xff,0xff,
0xff,0x6c,0x00,0x00,0x0c,0xc7,0xff,0xff,0xff,0xff,0xff,0xff,0xfc,0x55,0x00,0xa7,
0xff,0xff,0xff,0x81,0x00,0x68,0xff,0xff,0xff,0xff,0x35,0x02,0xc5,0xff,0xff,0xff,
0xce,0x00,0x00,0x00,0x06,0x7b,0xd6,0xff,0xff,0xf6,0xa7,0x30,0x00,0x30,0xff,0xff,
0xff,0xe7,0x0c,0x00,0xa7,0xff,0xff,0xff,0xc7,0x00,0x00,0x57,0xff,0xff,0xff,0xfc,
0x06,0x00,0x00,0x00,0x00,0x00,0x00,0x02,0x00,0x00,0x00,0x00,0xc7,0xff,0xff,0xff,
0x6a,0x00,0x00,0xbb,0xff,0xff,0xff,0xa1,0x00,0x00,0x37,0xff,0xff,0xff,0xff,0x3d,
0x00,0x00,0x00,0x00,0x00,0x00,0x00,0x00,0x00,0x00,0x50,0xff,0xff,0xff,0xd6,0x00,
0x00,0x00,0xeb,0xff,0xff,0xff,0x99,0x00,0x00,0x0c,0xff,0xff,0xff,0xff,0x4a,0x00,
0x00,0x00,0x00,0x00,0x00,0x00,0x00,0x00,0x02,0xda,0xff,0xff,0xff,0x4c,0x00,0x00,
0x00,0xeb,0xff,0xff,0xff,0x94,0x00,0x00,0x0c,0xff,0xff,0xff,0xff,0x4c,0x00,0x00,
0x00,0x00,0x00,0x00,0x00,0x00,0x00,0x70,0xff,0xff,0xff,0xbf,0x00,0x00,0x00,0x00,
0xd0,0xff,0xff,0xff,0x9d,0x00,0x00,0x17,0xff,0xff,0xff,0xff,0x48,0x00,0x00,0x00,
0x00,0x00,0x00,0x00,0x00,0x0c,0xeb,0xff,0xff,0xff,0x2e,0x00,0x00,0x00,0x00,0xae,
0xff,0xff,0xff,0xaa,0x00,0x00,0x4a,0xff,0xff,0xff,0xff,0x24,0x00,0x00,0x00,0x00,
0x00,0x00,0x00,0x00,0x88,0xff,0xff,0xff,0x9f,0x00,0x00,0x00,0x00,0x00,0x85,0xff,
0xff,0xff,0xeb,0x02,0x00,0x7d,0xff,0xff,0xff,0xf6,0x00,0x00,0x00,0x00,0x00,0x00,
0x00,0x00,0x1d,0xf8,0xff,0xff,0xf8,0x1b,0x00,0x00,0x00,0x00,0x00,0x33,0xff,0xff,
0xff,0xff,0x9b,0x5f,0xee,0xff,0xff,0xff,0xa5,0x00,0x00,0x00,0x00,0x00,0x00,0x00,
0x00,0xa3,0xff,0xff,0xff,0x83,0x00,0x00,0x00,0x00,0x00,0x00,0x00,0xc1,0xff,0xff,
0xff,0xff,0xff,0xff,0xff,0xff,0xff,0x37,0x00,0x00,0x00,0x00,0x00,0x00,0x00,0x30,
0xff,0xff,0xff,0xe7,0x0c,0x00,0x00,0x00,0x00,0x00,0x00,0x00,0x24,0xe9,0xff,0xff,
0xff,0xff,0xff,0xff,0xff,0x8e,0x00,0x00,0x00,0x00,0x00,0x00,0x00,0x00,0xc1,0xff,
0xff,0xff,0x6e,0x00,0x00,0x00,0x00,0x00,0x00,0x00,0x00,0x00,0x24,0xbf,0xff,0xff,
0xff,0xff,0xeb,0x74,0x00,0x00,0x00,0x00,0x00,0x00,0x00,0x00,0x00,0x00,0x00,0x00,
0x00,0x00,0x00,0x00,0x00,0x00,0x00,0x00,0x00,0x00,0x00,0x00,0x00,0x19,0x48,0x4c,
0x37,0x02,0x00,0x00,0x00,0x00,0x00,0x00,0x00,0x00,0x00,0x00,0x00,0x00,0x00,0x00,
0x02,0x00,0x00,0x00,0x00,0x00,0x00,0x00,0x00,0x00,0x00,0x00,0x00,0x00,0x00,0x00,
0x00,0x00,0x00,0x00,0x00,0x0c,0x6e,0xbb,0xf6,0xff,0xff,0xf8,0xc9,0x85,0x1f,0x00,
0x00,0x00,0x00,0x00,0x00,0x00,0x00,0x00,0x00,0x00,0x00,0x00,0x00,0x00,0x41,0xe7,
0xff,0xff,0xff,0xff,0xff,0xff,0xff,0xff,0xfa,0x6c,0x00,0x00,0x00,0x00,0x00,0x00,
0x00,0x00,0x00,0x00,0x00,0x00,0x00,0x39,0xfa,0xff,0xff,0xff,0xff,0xff,0xff,0xff,
0xff,0xff,0xff,0xff,0x61,0x00,0x00,0x00,0x00,0x00,0x00,0x00,0x00,0x00,0x00,0x00,
0x00,0xd6,0xff,0xff,0xff,0xff,0xff,0xff,0xff,0xff,0xff,0xff,0xff,0xff,0xeb,0x04,
0x00,0x00,0x00,0x00,0x00,0x00,0x00,0x00,0x00,0x00,0x30,0xff,0xff,0xff,0xff,0xff,
0x7b,0x1b,0x13,0x74,0xff,0xff,0xff,0xff,0xff,0x48,0x00,0x00,0x00,0x00,0x00,0x00,
0x00,0x00,0x00,0x00,0x52,0xff,0xff,0xff,0xff,0xb2,0x00,0x00,0x00,0x00,0xac,0xff,
0xff,0xff,0xff,0x50,0x00,0x00,0x00,0x00,0x00,0x00,0x00,0x00,0x00,0x00,0x4e,0xff,
0xff,0xff,0xff,0xa3,0x00,0x00,0x00,0x00,0xa7,0xff,0xff,0xff,0xff,0x4a,0x00,0x00,
0x00,0x00,0x00,0x00,0x00,0x00,0x00,0x00,0x2c,0xff,0xff,0xff,0xff,0xd2,0x00,0x00,
0x00,0x15,0xee,0xff,0xff,0xff,0xfc,0x11,0x00,0x00,0x00,0x00,0x00,0x00,0x00,0x00,
0x00,0x00,0x00,0xe1,0xff,0xff,0xff,0xff,0x5d,0x00,0x1f,0xd4,0xff,0xff,0xff,0xff,
0xaa,0x00,0x00,0x00,0x00,0x00,0x00,0x00,0x00,0x00,0x00,0x00,0x00,0x72,0xff,0xff,
0xff,0xff,0xf2,0x83,0xf4,0xff,0xff,0xff,0xff,0xe9,0x17,0x00,0x00,0x00,0x00,0x00,
0x00,0x00,0x00,0x00,0x00,0x00,0x00,0x02,0xce,0xff,0xff,0xff,0xff,0xff,0xff,0xff,
0xff,0xff,0xe9,0x2c,0x00,0x00,0x00,0x00,0x00,0x00,0x00,0x00,0x00,0x00,0x00,0x00,
0x00,0x00,0x22,0xfa,0xff,0xff,0xff,0xff,0xff,0xff,0xff,0xc7,0x1d,0x00,0x00,0x00,
0x00,0x00,0x00,0x00,0x00,0x00,0x00,0x00,0x00,0x00,0x00,0x24,0xc9,0xff,0xff,0xff,
0xff,0xff,0xff,0xff,0x96,0x02,0x00,0x00,0x00,0x00,0x00,0x7d,0xb4,0xb4,0xb4,0xb4,
0x94,0x00,0x00,0x00,0x3d,0xf0,0xff,0xff,0xff,0xff,0xff,0xff,0xff,0xff,0xe9,0x28,
0x00,0x00,0x00,0x00,0x04,0xfa,0xff,0xff,0xff,0xff,0x8e,0x00,0x00,0x2a,0xf2,0xff,
0xff,0xff,0xff,0xff,0xff,0xff,0xff,0xff,0xff,0xe9,0x2e,0x00,0x00,0x00,0x59,0xff,
0xff,0xff,0xff,0xff,0x33,0x00,0x00,0xcc,0xff,0xff,0xff,0xff,0xff,0xa5,0x3d,0xf2,
0xff,0xff,0xff,0xff,0xee,0x37,0x00,0x00,0xc1,0xff,0xff,0xff,0xff,0xd0,0x00,0x00,
0x33,0xff,0xff,0xff,0xff,0xff,0xc1,0x00,0x00,0x37,0xf2,0xff,0xff,0xff,0xff,0xee,
0x39,0x35,0xff,0xff,0xff,0xff,0xff,0x5f,0x00,0x00,0x63,0xff,0xff,0xff,0xff,0xff,
0x3f,0x00,0x00,0x00,0x37,0xee,0xff,0xff,0xff,0xff,0xf2,0xd4,0xff,0xff,0xff,0xff,
0xda,0x02,0x00,0x00,0x96,0xff,0xff,0xff,0xff,0xff,0x0a,0x00,0x00,0x00,0x00,0x37,
0xee,0xff,0xff,0xff,0xff,0xff,0xff,0xff,0xff,0xff,0x4e,0x00,0x00,0x00,0x94,0xff,
0xff,0xff,0xff,0xff,0x39,0x00,0x00,0x00,0x00,0x00,0x37,0xee,0xff,0xff,0xff,0xff,
0xff,0xff,0xff,0xac,0x00,0x00,0x00,0x00,0x5b,0xff,0xff,0xff,0xff,0xff,0xbf,0x04,
0x00,0x00,0x00,0x00,0x00,0x35,0xfc,0xff,0xff,0xff,0xff,0xff,0xe1,0x13,0x00,0x00,
0x00,0x00,0x24,0xff,0xff,0xff,0xff,0xff,0xff,0xd2,0x5f,0x2c,0x19,0x4a,0x79,0xda,
0xff,0xff,0xff,0xff,0xff,0xff,0xff,0x57,0x00,0x00,0x00,0x00,0x00,0xa5,0xff,0xff,
0xff,0xff,0xff,0xff,0xff,0xff,0xff,0xff,0xff,0xff,0xff,0xff,0xff,0xff,0xff,0xff,
0xff,0xff,0x5b,0x00,0x00,0x00,0x00,0x13,0xda,0xff,0xff,0xff,0xff,0xff,0xff,0xff,
0xff,0xff,0xff,0xff,0xff,0xff,0xff,0xff,0xff,0xff,0xff,0xff,0xff,0x66,0x00,0x00,
0x00,0x00,0x15,0xbd,0xff,0xff,0xff,0xff,0xff,0xff,0xff,0xff,0xff,0xff,0xff,0xf8,
0x85,0x3d,0xee,0xff,0xff,0xff,0xff,0xff,0x6e,0x00,0x00,0x00,0x00,0x00,0x4c,0xb4,
0xfa,0xff,0xff,0xff,0xff,0xff,0xff,0xd2,0x7b,0x15,0x00,0x00,0x2e,0xe9,0xff,0xff,
0xff,0xff,0xff,0x74,0x00,0x00,0x00,0x00,0x00,0x00,0x02,0x30,0x4c,0x50,0x50,0x46,
0x06,0x00,0x00,0x00,0x00,0x00,0x00,0x00,0x00,0x00,0x00,0x00,0x00,0x00,0x6e,0xae,
0xae,0xae,0xae,0x2c,0x99,0xff,0xff,0xff,0xff,0x15,0x70,0xff,0xff,0xff,0xff,0x04,
0x5b,0xff,0xff,0xff,0xfa,0x00,0x52,0xff,0xff,0xff,0xf0,0x00,0x48,0xff,0xff,0xff,
0xcc,0x00,0x2c,0xff,0xff,0xff,0xb2,0x00,0x08,0xff,0xff,0xff,0xa5,0x00,0x00,0xff,
0xff,0xff,0x9d,0x00,0x00,0x96,0x9b,0x9b,0x59,0x00,0x00,0x00,0x00,0x00,0x00,0x5d,
0xae,0xae,0xae,0x94,0x00,0x00,0x00,0x00,0x30,0xfa,0xff,0xff,0xff,0x48,0x00,0x00,
0x00,0x02,0xd4,0xff,0xff,0xff,0xae,0x00,0x00,0x00,0x00,0x77,0xff,0xff,0xff,0xfc,
0x26,0x00,0x00,0x00,0x0c,0xee,0xff,0xff,0xff,0xa7,0x00,0x00,0x00,0x00,0x74,0xff,
0xff,0xff,0xff,0x33,0x00,0x00,0x00,0x00,0xda,0xff,0xff,0xff,0xd2,0x00,0x00,0x00,
0x00,0x35,0xff,0xff,0xff,0xff,0x77,0x00,0x00,0x00,0x00,0x81,0xff,0xff,0xff,0xff,
0x2a,0x00,0x00,0x00,0x00,0xc1,0xff,0xff,0xff,0xeb,0x00,0x00,0x00,0x00,0x02,0xfa,
0xff,0xff,0xff,0xaa,0x00,0x00,0x00,0x00,0x2c,0xff,0xff,0xff,0xff,0x7d,0x00,0x00,
0x00,0x00,0x50,0xff,0xff,0xff,0xff,0x55,0x00,0x00,0x00,0x00,0x5f,0xff,0xff,0xff,
0xff,0x46,0x00,0x00,0x00,0x00,0x81,0xff,0xff,0xff,0xff,0x30,0x00,0x00,0x00,0x00,
0x96,0xff,0xff,0xff,0xff,0x0c,0x00,0x00,0x00,0x00,0x99,0xff,0xff,0xff,0xff,0x0c,
0x00,0x00,0x00,0x00,0x8c,0xff,0xff,0xff,0xff,0x26,0x00,0x00,0x00,0x00,0x61,0xff,
0xff,0xff,0xff,0x44,0x00,0x00,0x00,0x00,0x57,0xff,0xff,0xff,0xff,0x50,0x00,0x00,
0x00,0x00,0x39,0xff,0xff,0xff,0xff,0x74,0x00,0x00,0x00,0x00,0x04,0xfc,0xff,0xff,
0xff,0xa5,0x00,0x00,0x00,0x00,0x00,0xd0,0xff,0xff,0xff,0xe1,0x00,0x00,0x00,0x00,
0x00,0x90,0xff,0xff,0xff,0xff,0x22,0x00,0x00,0x00,0x00,0x41,0xff,0xff,0xff,0xff,
0x6a,0x00,0x00,0x00,0x00,0x00,0xe3,0xff,0xff,0xff,0xc5,0x00,0x00,0x00,0x00,0x00,
0x7f,0xff,0xff,0xff,0xff,0x28,0x00,0x00,0x00,0x00,0x15,0xf4,0xff,0xff,0xff,0x96,
0x00,0x00,0x00,0x00,0x00,0x7f,0xff,0xff,0xff,0xfa,0x1d,0x00,0x00,0x00,0x00,0x06,
0xd8,0xff,0xff,0xff,0xa3,0x00,0x00,0x00,0x00,0x00,0x33,0xfa,0xff,0xff,0xff,0x3f,
0x00,0x00,0x00,0x00,0x00,0x57,0xa7,0xa7,0xa7,0x8c,0x70,0xae,0xae,0xae,0x81,0x00,
0x00,0x00,0x00,0x00,0x1f,0xf4,0xff,0xff,0xff,0x5f,0x00,0x00,0x00,0x00,0x00,0x7d,
0xff,0xff,0xff,0xf2,0x1b,0x00,0x00,0x00,0x00,0x06,0xe5,0xff,0xff,0xff,0xa7,0x00,
0x00,0x00,0x00,0x00,0x70,0xff,0xff,0xff,0xff,0x2e,0x00,0x00,0x00,0x00,0x0a,0xf4,
0xff,0xff,0xff,0xa7,0x00,0x00,0x00,0x00,0x00,0x9b,0xff,0xff,0xff,0xfc,0x15,0x00,
0x00,0x00,0x00,0x41,0xff,0xff,0xff,0xff,0x68,0x00,0x00,0x00,0x00,0x02,0xf6,0xff,
0xff,0xff,0xb2,0x00,0x00,0x00,0x00,0x00,0xac,0xff,0xff,0xff,0xf8,0x02,0x00,0x00,
0x00,0x00,0x77,0xff,0xff,0xff,0xff,0x35,0x00,0x00,0x00,0x00,0x4e,0xff,0xff,0xff,
0xff,0x59,0x00,0x00,0x00,0x00,0x22,0xff,0xff,0xff,0xff,0x8c,0x00,0x00,0x00,0x00,
0x02,0xff,0xff,0xff,0xff,0xa3,0x00,0x00,0x00,0x00,0x00,0xfa,0xff,0xff,0xff,0xac,
0x00,0x00,0x00,0x00,0x00,0xf4,0xff,0xff,0xff,0xb2,0x00,0x00,0x00,0x00,0x00,0xf2,
0xff,0xff,0xff,0xb4,0x00,0x00,0x00,0x00,0x00,0xf8,0xff,0xff,0xff,0xae,0x00,0x00,
0x00,0x00,0x02,0xff,0xff,0xff,0xff,0xa5,0x00,0x00,0x00,0x00,0x19,0xff,0xff,0xff,
0xff,0x99,0x00,0x00,0x00,0x00,0x4a,0xff,0xff,0xff,0xff,0x5d,0x00,0x00,0x00,0x00,
0x70,0xff,0xff,0xff,0xff,0x44,0x00,0x00,0x00,0x00,0xaa,0xff,0xff,0xff,0xfa,0x04,
0x00,0x00,0x00,0x00,0xf2,0xff,0xff,0xff,0xc1,0x00,0x00,0x00,0x00,0x3f,0xff,0xff,
0xff,0xff,0x77,0x00,0x00,0x00,0x00,0x92,0xff,0xff,0xff,0xff,0x22,0x00,0x00,0x00,
0x06,0xf2,0xff,0xff,0xff,0xb8,0x00,0x00,0x00,0x00,0x6a,0xff,0xff,0xff,0xff,0x39,
0x00,0x00,0x00,0x04,0xe1,0xff,0xff,0xff,0xb2,0x00,0x00,0x00,0x00,0x77,0xff,0xff,
0xff,0xf4,0x1f,0x00,0x00,0x00,0x1b,0xf2,0xff,0xff,0xff,0x63,0x00,0x00,0x00,0x00,
0x68,0xa7,0xa7,0xa7,0x7b,0x00,0x00,0x00,0x00,0x00,0x00,0x00,0x00,0x00,0x00,0x00,
0x2a,0x57,0x57,0x57,0x57,0x02,0x00,0x00,0x00,0x00,0x00,0x00,0x00,0x00,0x00,0x00,
0x00,0x00,0x5d,0xff,0xff,0xff,0xfc,0x00,0x00,0x00,0x00,0x00,0x00,0x00,0x00,0x00,
0x00,0x00,0x00,0x00,0x50,0xff,0xff,0xff,0xeb,0x00,0x00,0x00,0x00,0x00,0x00,0x00,
0x00,0x00,0x00,0x00,0x00,0x00,0x39,0xff,0xff,0xff,0xb4,0x00,0x00,0x00,0x00,0x00,
0x00,0x00,0x00,0x00,0x00,0x00,0x00,0x00,0x08,0xff,0xff,0xff,0xa7,0x00,0x00,0x00,
0x00,0x00,0x00,0x00,0x33,0x81,0x37,0x00,0x00,0x00,0x00,0xfa,0xff,0xff,0x96,0x00,
0x00,0x00,0x06,0x50,0x92,0x00,0x5b,0xff,0xff,0xeb,0xa5,0x57,0x11,0xe1,0xff,0xff,
0x5f,0x2c,0x74,0xbd,0xfa,0xff,0xff,0x06,0x92,0xff,0xff,0xff,0xff,0xff,0xfc,0xf8,
0xff,0xff,0xfa,0xff,0xff,0xff,0xff,0xff,0xff,0x3d,0xae,0xff,0xff,0xff,0xff,0xff,
0xff,0xff,0xff,0xff,0xff,0xff,0xff,0xff,0xff,0xff,0xff,0x50,0x90,0xb6,0xe1,0xf6,
0xff,0xff,0xff,0xff,0xff,0xff,0xff,0xff,0xff,0xfc,0xf4,0xe1,0xb6,0x44,0x00,0x00,
0x00,0x00,0x00,0x3d,0xfc,0xff,0xff,0xff,0xff,0xcc,0x08,0x00,0x00,0x00,0x00,0x00,
0x00,0x00,0x00,0x00,0x11,0xdf,0xff,0xff,0xff,0xff,0xff,0xff,0x85,0x00,0x00,0x00,
0x00,0x00,0x00,0x00,0x00,0x00,0xb0,0xff,0xff,0xff,0x88,0xf2,0xff,0xff,0xff,0x44,
0x00,0x00,0x00,0x00,0x00,0x00,0x00,0x6e,0xff,0xff,0xff,0xfa,0x13,0x83,0xff,0xff,
0xff,0xe9,0x17,0x00,0x00,0x00,0x00,0x00,0x2e,0xfa,0xff,0xff,0xff,0x96,0x00,0x11,
0xf4,0xff,0xff,0xff,0xc3,0x00,0x00,0x00,0x00,0x00,0x66,0xf2,0xff,0xff,0xff,0x28,
0x00,0x00,0x83,0xff,0xff,0xff,0xd6,0x26,0x00,0x00,0x00,0x00,0x00,0x11,0x83,0xf4,
0xb8,0x00,0x00,0x00,0x13,0xf4,0xe1,0x61,0x00,0x00,0x00,0x00,0x00,0x00,0x00,0x00,
0x00,0x13,0x1f,0x00,0x00,0x00,0x00,0x3b,0x04,0x00,0x00,0x00,0x00,0x00,0x00,0x00,
0x00,0x00,0x00,0x00,0x00,0x3f,0x63,0x63,0x63,0x1b,0x00,0x00,0x00,0x00,0x00,0x00,
0x00,0x00,0x00,0x00,0x00,0x00,0x00,0xa1,0xff,0xff,0xff,0x44,0x00,0x00,0x00,0x00,
0x00,0x00,0x00,0x00,0x00,0x00,0x00,0x00,0x00,0xa1,0xff,0xff,0xff,0x44,0x00,0x00,
0x00,0x00,0x00,0x00,0x00,0x00,0x00,0x00,0x00,0x00,0x00,0xa1,0xff,0xff,0xff,0x44,
0x00,0x00,0x00,0x00,0x00,0x00,0x00,0x00,0x00,0x00,0x00,0x00,0x00,0xa1,0xff,0xff,
0xff,0x44,0x00,0x00,0x00,0x00,0x00,0x00,0x00,0x00,0x00,0x00,0x00,0x00,0x00,0xa1,
0xff,0xff,0xff,0x44,0x00,0x00,0x00,0x00,0x00,0x00,0x00,0x00,0x00,0x00,0x00,0x00,
0x00,0xa1,0xff,0xff,0xff,0x44,0x00,0x00,0x00,0x00,0x00,0x00,0x3f,0xa1,0xa1,0xa1,
0xa1,0xa1,0xa1,0xdd,0xff,0xff,0xff,0xbb,0xa1,0xa1,0xa1,0xa1,0xa1,0xa1,0x63,0xff,
0xff,0xff,0xff,0xff,0xff,0xff,0xff,0xff,0xff,0xff,0xff,0xff,0xff,0xff,0xff,0xff,
0x63,0xff,0xff,0xff,0xff,0xff,0xff,0xff,0xff,0xff,0xff,0xff,0xff,0xff,0xff,0xff,
0xff,0xff,0x63,0xff,0xff,0xff,0xff,0xff,0xff,0xff,0xff,0xff,0xff,0xff,0xff,0xff,
0xff,0xff,0xff,0xff,0x1b,0x44,0x44,0x44,0x44,0x44,0x44,0xbb,0xff,0xff,0xff,0x77,
0x44,0x44,0x44,0x44,0x44,0x44,0x00,0x00,0x00,0x00,0x00,0x00,0x00,0xa1,0xff,0xff,
0xff,0x44,0x00,0x00,0x00,0x00,0x00,0x00,0x00,0x00,0x00,0x00,0x00,0x00,0x00,0xa1,
0xff,0xff,0xff,0x44,0x00,0x00,0x00,0x00,0x00,0x00,0x00,0x00,0x00,0x00,0x00,0x00,
0x00,0xa1,0xff,0xff,0xff,0x44,0x00,0x00,0x00,0x00,0x00,0x00,0x00,0x00,0x00,0x00,
0x00,0x00,0x00,0xa1,0xff,0xff,0xff,0x44,0x00,0x00,0x00,0x00,0x00,0x00,0x00,0x00,
0x00,0x00,0x00,0x00,0x00,0xa1,0xff,0xff,0xff,0x44,0x00,0x00,0x00,0x00,0x00,0x00,
0x00,0x00,0x00,0x00,0x00,0x00,0x00,0xa1,0xff,0xff,0xff,0x44,0x00,0x00,0x00,0x00,
0x00,0x00,0x00,0x04,0x3d,0x3d,0x3d,0x3d,0x33,0x00,0x3d,0xff,0xff,0xff,0xff,0xf6,
0x00,0x5b,0xff,0xff,0xff,0xff,0xaa,0x00,0x99,0xff,0xff,0xff,0xff,0x5d,0x00,0xbb,
0xff,0xff,0xff,0xfa,0x0a,0x00,0xf8,0xff,0xff,0xff,0xa5,0x00,0x2a,0xff,0xff,0xff,
0xff,0x44,0x00,0x5b,0xff,0xff,0xff,0xdd,0x00,0x00,0xa1,0xff,0xff,0xff,0x74,0x00,
0x00,0x81,0xa1,0xa1,0xa1,0x0e,0x00,0x00,0xd8,0xe5,0xe5,0xe5,0xe5,0xe5,0xe5,0xe5,
0xe5,0x83,0xf2,0xff,0xff,0xff,0xff,0xff,0xff,0xff,0xff,0x94,0xf2,0xff,0xff,0xff,
0xff,0xff,0xff,0xff,0xff,0x94,0xf2,0xff,0xff,0xff,0xff,0xff,0xff,0xff,0xff,0x94,
0x8c,0x94,0x94,0x94,0x94,0x94,0x94,0x94,0x94,0x55,0x00,0x26,0x6a,0x7d,0x3d,0x00,
0x00,0x57,0xfc,0xff,0xff,0xff,0x96,0x00,0xd4,0xff,0xff,0xff,0xff,0xff,0x0c,0xf4,
0xff,0xff,0xff,0xff,0xff,0x3d,0xce,0xff,0xff,0xff,0xff,0xfc,0x0a,0x4a,0xf8,0xff,
0xff,0xff,0x83,0x00,0x00,0x19,0x5b,0x5f,0x30,0x00,0x00,0x00,0x00,0x00,0x00,0x00,
0x00,0x00,0x00,0x00,0x37,0xae,0xae,0xae,0xae,0x5f,0x00,0x00,0x00,0x00,0x00,0x00,
0x00,0x00,0x00,0x9b,0xff,0xff,0xff,0xff,0x39,0x00,0x00,0x00,0x00,0x00,0x00,0x00,
0x00,0x04,0xf4,0xff,0xff,0xff,0xd8,0x00,0x00,0x00,0x00,0x00,0x00,0x00,0x00,0x00,
0x5d,0xff,0xff,0xff,0xff,0x7b,0x00,0x00,0x00,0x00,0x00,0x00,0x00,0x00,0x00,0xbb,
0xff,0xff,0xff,0xff,0x1b,0x00,0x00,0x00,0x00,0x00,0x00,0x00,0x00,0x19,0xff,0xff,
0xff,0xff,0xbd,0x00,0x00,0x00,0x00,0x00,0x00,0x00,0x00,0x00,0x79,0xff,0xff,0xff,
0xff,0x5f,0x00,0x00,0x00,0x00,0x00,0x00,0x00,0x00,0x00,0xd4,0xff,0xff,0xff,0xf6,
0x06,0x00,0x00,0x00,0x00,0x00,0x00,0x00,0x00,0x37,0xff,0xff,0xff,0xff,0x9d,0x00,
0x00,0x00,0x00,0x00,0x00,0x00,0x00,0x00,0x94,0xff,0xff,0xff,0xff,0x3d,0x00,0x00,
0x00,0x00,0x00,0x00,0x00,0x00,0x04,0xf0,0xff,0xff,0xff,0xdf,0x00,0x00,0x00,0x00,
0x00,0x00,0x00,0x00,0x00,0x55,0xff,0xff,0xff,0xff,0x7d,0x00,0x00,0x00,0x00,0x00,
0x00,0x00,0x00,0x00,0xb2,0xff,0xff,0xff,0xff,0x1f,0x00,0x00,0x00,0x00,0x00,0x00,
0x00,0x00,0x15,0xfc,0xff,0xff,0xff,0xbf,0x00,0x00,0x00,0x00,0x00,0x00,0x00,0x00,
0x00,0x70,0xff,0xff,0xff,0xff,0x61,0x00,0x00,0x00,0x00,0x00,0x00,0x00,0x00,0x00,
0xd2,0xff,0xff,0xff,0xf8,0x08,0x00,0x00,0x00,0x00,0x00,0x00,0x00,0x00,0x30,0xff,
0xff,0xff,0xff,0x9f,0x00,0x00,0x00,0x00,0x00,0x00,0x00,0x00,0x00,0x90,0xff,0xff,
0xff,0xff,0x3d,0x00,0x00,0x00,0x00,0x00,0x00,0x00,0x00,0x02,0xeb,0xff,0xff,0xff,
0xe1,0x00,0x00,0x00,0x00,0x00,0x00,0x00,0x00,0x00,0x4e,0xff,0xff,0xff,0xff,0x81,
0x00,0x00,0x00,0x00,0x00,0x00,0x00,0x00,0x00,0xb0,0xff,0xff,0xff,0xff,0x24,0x00,
0x00,0x00,0x00,0x00,0x00,0x00,0x00,0x13,0xfc,0xff,0xff,0xff,0xc5,0x00,0x00,0x00,
0x00,0x00,0x00,0x00,0x00,0x00,0x6e,0xff,0xff,0xff,0xff,0x66,0x00,0x00,0x00,0x00,
0x00,0x00,0x00,0x00,0x00,0xce,0xff,0xff,0xff,0xfa,0x0c,0x00,0x00,0x00,0x00,0x00,
0x00,0x00,0x00,0x2c,0xff,0xff,0xff,0xff,0xa5,0x00,0x00,0x00,0x00,0x00,0x00,0x00,
0x00,0x00,0x8a,0xff,0xff,0xff,0xff,0x44,0x00,0x00,0x00,0x00,0x00,0x00,0x00,0x00,
0x00,0x00,0x00,0x00,0x00,0x00,0x00,0x00,0x00,0x04,0x06,0x02,0x00,0x00,0x00,0x00,
0x00,0x00,0x00,0x00,0x00,0x00,0x00,0x00,0x02,0x61,0xb4,0xf6,0xff,0xff,0xfc,0xd6,
0x8a,0x1b,0x00,0x00,0x00,0x00,0x00,0x00,0x00,0x00,0x22,0xd4,0xff,0xff,0xff,0xff,
0xff,0xff,0xff,0xff,0xf4,0x5f,0x00,0x00,0x00,0x00,0x00,0x00,0x17,0xe5,0xff,0xff,
0xff,0xff,0xff,0xff,0xff,0xff,0xff,0xff,0xff,0x61,0x00,0x00,0x00,0x00,0x00,0xb4,
0xff,0xff,0xff,0xff,0xff,0xff,0xff,0xff,0xff,0xff,0xff,0xff,0xf8,0x24,0x00,0x00,
0x00,0x3d,0xff,0xff,0xff,0xff,0xff,0xd4,0x63,0x52,0x90,0xff,0xff,0xff,0xff,0xff,
0xa5,0x00,0x00,0x00,0xa1,0xff,0xff,0xff,0xff,0xe1,0x0e,0x00,0x00,0x00,0x72,0xff,
0xff,0xff,0xff,0xfc,0x17,0x00,0x00,0xf2,0xff,0xff,0xff,0xff,0x72,0x00,0x00,0x00,
0x00,0x02,0xe7,0xff,0xff,0xff,0xff,0x68,0x00,0x30,0xff,0xff,0xff,0xff,0xff,0x2e,
0x00,0x00,0x00,0x00,0x00,0xa5,0xff,0xff,0xff,0xff,0xac,0x00,0x57,0xff,0xff,0xff,
0xff,0xf8,0x00,0x00,0x00,0x00,0x00,0x00,0x6a,0xff,0xff,0xff,0xff,0xe7,0x00,0x7d,
0xff,0xff,0xff,0xff,0xe5,0x00,0x00,0x00,0x00,0x00,0x00,0x50,0xff,0xff,0xff,0xff,
0xff,0x02,0x9f,0xff,0xff,0xff,0xff,0xb4,0x00,0x00,0x00,0x00,0x00,0x00,0x46,0xff,
0xff,0xff,0xff,0xff,0x1f,0xa7,0xff,0xff,0xff,0xff,0xb0,0x00,0x00,0x00,0x00,0x00,
0x00,0x2a,0xff,0xff,0xff,0xff,0xff,0x44,0xac,0xff,0xff,0xff,0xff,0xae,0x00,0x00,
0x00,0x00,0x00,0x00,0x13,0xff,0xff,0xff,0xff,0xff,0x4a,0xae,0xff,0xff,0xff,0xff,
0xae,0x00,0x00,0x00,0x00,0x00,0x00,0x13,0xff,0xff,0xff,0xff,0xff,0x4a,0xa7,0xff,
0xff,0xff,0xff,0xae,0x00,0x00,0x00,0x00,0x00,0x00,0x1d,0xff,0xff,0xff,0xff,0xff,
0x46,0x9f,0xff,0xff,0xff,0xff,0xb4,0x00,0x00,0x00,0x00,0x00,0x00,0x41,0xff,0xff,
0xff,0xff,0xff,0x37,0x83,0xff,0xff,0xff,0xff,0xd2,0x00,0x00,0x00,0x00,0x00,0x00,
0x4c,0xff,0xff,0xff,0xff,0xff,0x08,0x57,0xff,0xff,0xff,0xff,0xf8,0x00,0x00,0x00,
0x00,0x00,0x00,0x5d,0xff,0xff,0xff,0xff,0xf8,0x00,0x33,0xff,0xff,0xff,0xff,0xff,
0x1b,0x00,0x00,0x00,0x00,0x00,0x96,0xff,0xff,0xff,0xff,0xc5,0x00,0x00,0xf4,0xff,
0xff,0xff,0xff,0x5b,0x00,0x00,0x00,0x00,0x00,0xd2,0xff,0xff,0xff,0xff,0x94,0x00,
0x00,0xa1,0xff,0xff,0xff,0xff,0xc7,0x00,0x00,0x00,0x00,0x41,0xff,0xff,0xff,0xff,
0xff,0x48,0x00,0x00,0x3b,0xff,0xff,0xff,0xff,0xff,0x9f,0x1b,0x02,0x4c,0xe9,0xff,
0xff,0xff,0xff,0xe3,0x00,0x00,0x00,0x00,0xbd,0xff,0xff,0xff,0xff,0xff,0xff,0xff,
0xff,0xff,0xff,0xff,0xff,0xff,0x68,0x00,0x00,0x00,0x00,0x24,0xee,0xff,0xff,0xff,
0xff,0xff,0xff,0xff,0xff,0xff,0xff,0xff,0xbb,0x00,0x00,0x00,0x00,0x00,0x00,0x39,
0xe9,0xff,0xff,0xff,0xff,0xff,0xff,0xff,0xff,0xff,0xbd,0x0c,0x00,0x00,0x00,0x00,
0x00,0x00,0x00,0x15,0x94,0xf2,0xff,0xff,0xff,0xff,0xff,0xd8,0x6a,0x00,0x00,0x00,
0x00,0x00,0x00,0x00,0x00,0x00,0x00,0x00,0x02,0x37,0x4e,0x50,0x4c,0x17,0x00,0x00,
0x00,0x00,0x00,0x00,0x00,0x00,0x00,0x00,0x00,0x00,0x00,0x00,0x13,0x9d,0xae,0xae,
0xae,0xa1,0x00,0x00,0x00,0x00,0x00,0x00,0x30,0xe1,0xff,0xff,0xff,0xff,0xeb,0x00,
0x00,0x00,0x00,0x00,0x5b,0xf6,0xff,0xff,0xff,0xff,0xff,0xeb,0x00,0x00,0x00,0x00,
0x92,0xff,0xff,0xff,0xff,0xff,0xff,0xff,0xeb,0x00,0x00,0x15,0xc1,0xff,0xff,0xff,
0xff,0xff,0xff,0xff,0xff,0xeb,0x00,0x33,0xe3,0xff,0xff,0xff,0xff,0xff,0xff,0xff,
0xff,0xff,0xeb,0x5d,0xf8,0xff,0xff,0xff,0xff,0xe9,0x8c,0xff,0xff,0xff,0xff,0xeb,
0x5d,0xff,0xff,0xff,0xff,0xdd,0x1f,0x70,0xff,0xff,0xff,0xff,0xeb,0x00,0x8e,0xff,
0xff,0xb6,0x11,0x00,0x94,0xff,0xff,0xff,0xff,0xeb,0x00,0x00,0xbd,0x88,0x00,0x00,
0x00,0x94,0xff,0xff,0xff,0xff,0xeb,0x00,0x00,0x02,0x00,0x00,0x00,0x00,0x9b,0xff,
0xff,0xff,0xff,0xeb,0x00,0x00,0x00,0x00,0x00,0x00,0x00,0x9b,0xff,0xff,0xff,0xff,
0xeb,0x00,0x00,0x00,0x00,0x00,0x00,0x00,0x9b,0xff,0xff,0xff,0xff,0xeb,0x00,0x00,
0x00,0x00,0x00,0x00,0x00,0x9b,0xff,0xff,0xff,0xff,0xeb,0x00,0x00,0x00,0x00,0x00,
0x00,0x00,0x9b,0xff,0xff,0xff,0xff,0xeb,0x00,0x00,0x00,0x00,0x00,0x00,0x00,0x9b,
0xff,0xff,0xff,0xff,0xeb,0x00,0x00,0x00,0x00,0x00,0x00,0x00,0x9b,0xff,0xff,0xff,
0xff,0xeb,0x00,0x00,0x00,0x00,0x00,0x00,0x00,0x9b,0xff,0xff,0xff,0xff,0xeb,0x00,
0x00,0x00,0x00,0x00,0x00,0x00,0x9b,0xff,0xff,0xff,0xff,0xeb,0x00,0x00,0x00,0x00,
0x00,0x00,0x00,0x9b,0xff,0xff,0xff,0xff,0xeb,0x00,0x00,0x00,0x00,0x00,0x00,0x00,
0x9b,0xff,0xff,0xff,0xff,0xeb,0x00,0x00,0x00,0x00,0x00,0x00,0x00,0x9b,0xff,0xff,
0xff,0xff,0xeb,0x00,0x00,0x00,0x00,0x00,0x00,0x00,0x9b,0xff,0xff,0xff,0xff,0xeb,
0x00,0x00,0x00,0x00,0x00,0x00,0x00,0x9b,0xff,0xff,0xff,0xff,0xeb,0x00,0x00,0x00,
0x00,0x00,0x00,0x00,0x9b,0xff,0xff,0xff,0xff,0xeb,0x00,0x00,0x00,0x00,0x00,0x00,
0x00,0x9b,0xff,0xff,0xff,0xff,0xeb,0x00,0x00,0x00,0x00,0x00,0x00,0x00,0x00,0x00,
0x02,0x00,0x00,0x00,0x00,0x00,0x00,0x00,0x00,0x00,0x00,0x00,0x00,0x00,0x1f,0x7d,
0xbb,0xf2,0xff,0xff,0xfc,0xe9,0xa7,0x4a,0x00,0x00,0x00,0x00,0x00,0x00,0x00,0x13,
0x9d,0xfc,0xff,0xff,0xff,0xff,0xff,0xff,0xff,0xff,0xff,0xc5,0x1d,0x00,0x00,0x00,
0x00,0x44,0xe9,0xff,0xff,0xff,0xff,0xff,0xff,0xff,0xff,0xff,0xff,0xff,0xff,0xe9,
0x1d,0x00,0x00,0x55,0xff,0xff,0xff,0xff,0xff,0xff,0xff,0xff,0xff,0xff,0xff,0xff,
0xff,0xff,0xff,0xc3,0x00,0x00,0x0c,0xcc,0xff,0xff,0xff,0xff,0xfa,0xac,0x7b,0x70,
0xae,0xff,0xff,0xff,0xff,0xff,0xff,0x3d,0x00,0x00,0x19,0xe7,0xff,0xff,0x8e,0x13,
0x00,0x00,0x00,0x00,0x50,0xff,0xff,0xff,0xff,0xff,0x8e,0x00,0x00,0x00,0x33,0xd6,
0x35,0x00,0x00,0x00,0x00,0x00,0x00,0x00,0xd0,0xff,0xff,0xff,0xff,0xa5,0x00,0x00,
0x00,0x00,0x00,0x00,0x00,0x00,0x00,0x00,0x00,0x00,0x00,0xae,0xff,0xff,0xff,0xff,
0xa5,0x00,0x00,0x00,0x00,0x00,0x00,0x00,0x00,0x00,0x00,0x00,0x00,0x00,0xc7,0xff,
0xff,0xff,0xff,0x8a,0x00,0x00,0x00,0x00,0x00,0x00,0x00,0x00,0x00,0x00,0x00,0x00,
0x17,0xfc,0xff,0xff,0xff,0xff,0x50,0x00,0x00,0x00,0x00,0x00,0x00,0x00,0x00,0x00,
0x00,0x00,0x00,0x96,0xff,0xff,0xff,0xff,0xe7,0x02,0x00,0x00,0x00,0x00,0x00,0x00,
0x00,0x00,0x00,0x00,0x00,0x48,0xff,0xff,0xff,0xff,0xff,0x6e,0x00,0x00,0x00,0x00,
0x00,0x00,0x00,0x00,0x00,0x00,0x00,0x2a,0xf0,0xff,0xff,0xff,0xff,0xc5,0x00,0x00,
0x00,0x00,0x00,0x00,0x00,0x00,0x00,0x00,0x00,0x1b,0xe5,0xff,0xff,0xff,0xff,0xe9,
0x1b,0x00,0x00,0x00,0x00,0x00,0x00,0x00,0x00,0x00,0x00,0x15,0xda,0xff,0xff,0xff,
0xff,0xee,0x33,0x00,0x00,0x00,0x00,0x00,0x00,0x00,0x00,0x00,0x00,0x13,0xd2,0xff,
0xff,0xff,0xff,0xf0,0x37,0x00,0x00,0x00,0x00,0x00,0x00,0x00,0x00,0x00,0x00,0x11,
0xce,0xff,0xff,0xff,0xff,0xee,0x37,0x00,0x00,0x00,0x00,0x00,0x00,0x00,0x00,0x00,
0x00,0x11,0xc9,0xff,0xff,0xff,0xff,0xe9,0x30,0x00,0x00,0x00,0x00,0x00,0x00,0x00,
0x00,0x00,0x00,0x11,0xc9,0xff,0xff,0xff,0xff,0xe5,0x26,0x00,0x00,0x00,0x00,0x00,
0x00,0x00,0x00,0x00,0x00,0x0e,0xc7,0xff,0xff,0xff,0xff,0xda,0x19,0x00,0x00,0x00,
0x00,0x00,0x00,0x00,0x00,0x00,0x00,0x0e,0xc7,0xff,0xff,0xff,0xff,0xd0,0x15,0x00,
0x00,0x00,0x00,0x00,0x00,0x00,0x00,0x00,0x00,0x0c,0xc5,0xff,0xff,0xff,0xff,0xff,
0xb6,0x9b,0x9b,0x9b,0x9b,0x9b,0x9b,0x9b,0x9b,0x9b,0x9b,0x39,0x90,0xff,0xff,0xff,
0xff,0xff,0xff,0xff,0xff,0xff,0xff,0xff,0xff,0xff,0xff,0xff,0xff,0xff,0x5d,0x9b,
0xff,0xff,0xff,0xff,0xff,0xff,0xff,0xff,0xff,0xff,0xff,0xff,0xff,0xff,0xff,0xff,
0xff,0x5d,0x9b,0xff,0xff,0xff,0xff,0xff,0xff,0xff,0xff,0xff,0xff,0xff,0xff,0xff,
0xff,0xff,0xff,0xff,0x5d,0x9b,0xff,0xff,0xff,0xff,0xff,0xff,0xff,0xff,0xff,0xff,
0xff,0xff,0xff,0xff,0xff,0xff,0xff,0x5d,0x00,0x00,0x00,0x00,0x00,0x00,0x00,0x00,
0x04,0x00,0x00,0x00,0x00,0x00,0x00,0x00,0x00,0x00,0x00,0x00,0x00,0x00,0x26,0x81,
0xb8,0xf2,0xfc,0xff,0xff,0xf8,0xd0,0x9b,0x44,0x00,0x00,0x00,0x00,0x00,0x00,0x33,
0xbb,0xff,0xff,0xff,0xff,0xff,0xff,0xff,0xff,0xff,0xff,0xff,0xcc,0x26,0x00,0x00,
0x00,0x52,0xff,0xff,0xff,0xff,0xff,0xff,0xff,0xff,0xff,0xff,0xff,0xff,0xff,0xff,
0xee,0x2a,0x00,0x00,0x06,0xd6,0xff,0xff,0xff,0xff,0xff,0xff,0xff,0xff,0xff,0xff,
0xff,0xff,0xff,0xff,0xce,0x00,0x00,0x00,0x35,0xff,0xff,0xff,0xd6,0x85,0x59,0x50,
0x5d,0xaa,0xff,0xff,0xff,0xff,0xff,0xff,0x2a,0x00,0x00,0x00,0x88,0xd4,0x4a,0x00,
0x00,0x00,0x00,0x00,0x00,0x72,0xff,0xff,0xff,0xff,0xff,0x55,0x00,0x00,0x00,0x04,
0x02,0x00,0x00,0x00,0x00,0x00,0x00,0x00,0x02,0xfc,0xff,0xff,0xff,0xff,0x55,0x00,
0x00,0x00,0x00,0x00,0x00,0x00,0x00,0x00,0x00,0x00,0x00,0x00,0xf6,0xff,0xff,0xff,
0xff,0x44,0x00,0x00,0x00,0x00,0x00,0x00,0x00,0x00,0x00,0x00,0x00,0x00,0x22,0xff,
0xff,0xff,0xff,0xeb,0x02,0x00,0x00,0x00,0x00,0x00,0x00,0x00,0x00,0x00,0x00,0x00,
0x0e,0xb8,0xff,0xff,0xff,0xff,0x6c,0x00,0x00,0x00,0x00,0x00,0x00,0x30,0x4a,0x4a,
0x52,0x5d,0xa1,0xf0,0xff,0xff,0xff,0xff,0x8a,0x00,0x00,0x00,0x00,0x00,0x00,0x00,
0xa7,0xff,0xff,0xff,0xff,0xff,0xff,0xff,0xff,0xdd,0x4e,0x00,0x00,0x00,0x00,0x00,
0x00,0x00,0x00,0xa7,0xff,0xff,0xff,0xff,0xff,0xff,0xf8,0x92,0x13,0x00,0x00,0x00,
0x00,0x00,0x00,0x00,0x00,0x00,0xa7,0xff,0xff,0xff,0xff,0xff,0xff,0xff,0xff,0xff,
0xbf,0x3f,0x00,0x00,0x00,0x00,0x00,0x00,0x00,0x9b,0xeb,0xeb,0xf0,0xfa,0xff,0xff,
0xff,0xff,0xff,0xff,0xff,0x7f,0x00,0x00,0x00,0x00,0x00,0x00,0x00,0x00,0x00,0x00,
0x00,0x19,0x63,0xdd,0xff,0xff,0xff,0xff,0xff,0x57,0x00,0x00,0x00,0x00,0x00,0x00,
0x00,0x00,0x00,0x00,0x00,0x00,0x15,0xeb,0xff,0xff,0xff,0xff,0xd0,0x00,0x00,0x00,
0x00,0x00,0x00,0x00,0x00,0x00,0x00,0x00,0x00,0x00,0xa1,0xff,0xff,0xff,0xff,0xff,
0x06,0x00,0x00,0x00,0x00,0x00,0x00,0x00,0x00,0x00,0x00,0x00,0x00,0x96,0xff,0xff,
0xff,0xff,0xff,0x0e,0x00,0x00,0x00,0x00,0x00,0x00,0x00,0x00,0x00,0x00,0x00,0x00,
0xb2,0xff,0xff,0xff,0xff,0xff,0x06,0x4e,0x24,0x00,0x00,0x00,0x00,0x00,0x00,0x00,
0x00,0x00,0x39,0xff,0xff,0xff,0xff,0xff,0xe5,0x00,0xa1,0xff,0xc3,0x74,0x41,0x06,
0x00,0x00,0x00,0x28,0x77,0xf2,0xff,0xff,0xff,0xff,0xff,0x8e,0x00,0xa1,0xff,0xff,
0xff,0xff,0xff,0xfa,0xf8,0xfc,0xff,0xff,0xff,0xff,0xff,0xff,0xff,0xf0,0x19,0x00,
0xa1,0xff,0xff,0xff,0xff,0xff,0xff,0xff,0xff,0xff,0xff,0xff,0xff,0xff,0xff,0xfa,
0x48,0x00,0x00,0xa1,0xff,0xff,0xff,0xff,0xff,0xff,0xff,0xff,0xff,0xff,0xff,0xff,
0xff,0xdd,0x3b,0x00,0x00,0x00,0x06,0x5f,0xaa,0xf2,0xff,0xff,0xff,0xff,0xff,0xff,
0xff,0xfc,0xbd,0x66,0x04,0x00,0x00,0x00,0x00,0x00,0x00,0x00,0x00,0x11,0x44,0x4e,
0x50,0x50,0x4c,0x2c,0x02,0x00,0x00,0x00,0x00,0x00,0x00,0x00,0x00,0x00,0x00,0x00,
0x00,0x00,0x00,0x00,0x00,0x00,0x00,0x3b,0xae,0xae,0xae,0xae,0xa1,0x00,0x00,0x00,
0x00,0x00,0x00,0x00,0x00,0x00,0x00,0x00,0x00,0x00,0x0c,0xdd,0xff,0xff,0xff,0xff,
0xeb,0x00,0x00,0x00,0x00,0x00,0x00,0x00,0x00,0x00,0x00,0x00,0x00,0x00,0x96,0xff,
0xff,0xff,0xff,0xff,0xeb,0x00,0x00,0x00,0x00,0x00,0x00,0x00,0x00,0x00,0x00,0x00,
0x00,0x44,0xff,0xff,0xff,0xff,0xff,0xff,0xeb,0x00,0x00,0x00,0x00,0x00,0x00,0x00,
0x00,0x00,0x00,0x00,0x11,0xe5,0xff,0xff,0xff,0xff,0xff,0xff,0xeb,0x00,0x00,0x00,
0x00,0x00,0x00,0x00,0x00,0x00,0x00,0x00,0xa1,0xff,0xff,0xff,0xff,0xff,0xff,0xff,
0xeb,0x00,0x00,0x00,0x00,0x00,0x00,0x00,0x00,0x00,0x00,0x50,0xff,0xff,0xff,0xeb,
0xff,0xff,0xff,0xff,0xeb,0x00,0x00,0x00,0x00,0x00,0x00,0x00,0x00,0x00,0x15,0xe9,
0xff,0xff,0xff,0x74,0xff,0xff,0xff,0xff,0xeb,0x00,0x00,0x00,0x00,0x00,0x00,0x00,
0x00,0x00,0xac,0xff,0xff,0xff,0x9b,0x50,0xff,0xff,0xff,0xff,0xeb,0x00,0x00,0x00,
0x00,0x00,0x00,0x00,0x00,0x59,0xff,0xff,0xff,0xe7,0x13,0x57,0xff,0xff,0xff,0xff,
0xeb,0x00,0x00,0x00,0x00,0x00,0x00,0x00,0x19,0xee,0xff,0xff,0xff,0x50,0x00,0x57,
0xff,0xff,0xff,0xff,0xeb,0x00,0x00,0x00,0x00,0x00,0x00,0x00,0xb4,0xff,0xff,0xff,
0xa7,0x00,0x00,0x5b,0xff,0xff,0xff,0xff,0xeb,0x00,0x00,0x00,0x00,0x00,0x00,0x61,
0xff,0xff,0xff,0xe9,0x13,0x00,0x00,0x5d,0xff,0xff,0xff,0xff,0xeb,0x00,0x00,0x00,
0x00,0x00,0x1d,0xf2,0xff,0xff,0xff,0x52,0x00,0x00,0x00,0x5d,0xff,0xff,0xff,0xff,
0xeb,0x00,0x00,0x00,0x00,0x00,0xbd,0xff,0xff,0xff,0xac,0x00,0x00,0x00,0x00,0x5d,
0xff,0xff,0xff,0xff,0xeb,0x00,0x00,0x00,0x00,0x6e,0xff,0xff,0xff,0xee,0x17,0x00,
0x00,0x00,0x00,0x5d,0xff,0xff,0xff,0xff,0xeb,0x00,0x00,0x00,0x24,0xf6,0xff,0xff,
0xff,0xce,0x94,0x94,0x94,0x94,0x94,0xbb,0xff,0xff,0xff,0xff,0xf8,0x94,0x94,0x90,
0x57,0xff,0xff,0xff,0xff,0xff,0xff,0xff,0xff,0xff,0xff,0xff,0xff,0xff,0xff,0xff,
0xff,0xff,0xff,0xf8,0x57,0xff,0xff,0xff,0xff,0xff,0xff,0xff,0xff,0xff,0xff,0xff,
0xff,0xff,0xff,0xff,0xff,0xff,0xff,0xf8,0x57,0xff,0xff,0xff,0xff,0xff,0xff,0xff,
0xff,0xff,0xff,0xff,0xff,0xff,0xff,0xff,0xff,0xff,0xff,0xf8,0x39,0xa7,0xa7,0xa7,
0xa7,0xa7,0xa7,0xa7,0xa7,0xa7,0xa7,0xc7,0xff,0xff,0xff,0xff,0xf8,0xa7,0xa7,0xa3,
0x00,0x00,0x00,0x00,0x00,0x00,0x00,0x00,0x00,0x00,0x00,0x5d,0xff,0xff,0xff,0xff,
0xeb,0x00,0x00,0x00,0x00,0x00,0x00,0x00,0x00,0x00,0x00,0x00,0x00,0x00,0x00,0x5d,
0xff,0xff,0xff,0xff,0xeb,0x00,0x00,0x00,0x00,0x00,0x00,0x00,0x00,0x00,0x00,0x00,
0x00,0x00,0x00,0x5d,0xff,0xff,0xff,0xff,0xeb,0x00,0x00,0x00,0x00,0x00,0x00,0x00,
0x00,0x00,0x00,0x00,0x00,0x00,0x00,0x5d,0xff,0xff,0xff,0xff,0xeb,0x00,0x00,0x00,
0x00,0x00,0x00,0x00,0x00,0x00,0x00,0x00,0x00,0x00,0x00,0x5d,0xff,0xff,0xff,0xff,
0xeb,0x00,0x00,0x00,0x00,0x00,0x7d,0xae,0xae,0xae,0xae,0xae,0xae,0xae,0xae,0xae,
0xae,0xae,0xae,0xae,0x2a,0x00,0x00,0x00,0xdf,0xff,0xff,0xff,0xff,0xff,0xff,0xff,
0xff,0xff,0xff,0xff,0xff,0xff,0x3d,0x00,0x00,0x00,0xf4,0xff,0xff,0xff,0xff,0xff,
0xff,0xff,0xff,0xff,0xff,0xff,0xff,0xff,0x3d,0x00,0x00,0x00,0xfc,0xff,0xff,0xff,
0xff,0xff,0xff,0xff,0xff,0xff,0xff,0xff,0xff,0xff,0x3d,0x00,0x00,0x08,0xff,0xff,
0xff,0xff,0xff,0xf2,0xf2,0xf2,0xf2,0xf2,0xf2,0xf2,0xf2,0xf2,0x39,0x00,0x00,0x1b,
0xff,0xff,0xff,0xff,0xf2,0x00,0x00,0x00,0x00,0x00,0x00,0x00,0x00,0x00,0x00,0x00,
0x00,0x46,0xff,0xff,0xff,0xff,0xd4,0x00,0x00,0x00,0x00,0x00,0x00,0x00,0x00,0x00,
0x00,0x00,0x00,0x4e,0xff,0xff,0xff,0xff,0xb2,0x00,0x00,0x00,0x00,0x00,0x00,0x00,
0x00,0x00,0x00,0x00,0x00,0x59,0xff,0xff,0xff,0xff,0xa5,0x00,0x00,0x00,0x00,0x00,
0x00,0x00,0x00,0x00,0x00,0x00,0x00,0x61,0xff,0xff,0xff,0xff,0x9d,0x3d,0x55,0x5d,
0x59,0x4a,0x0c,0x00,0x00,0x00,0x00,0x00,0x00,0x8a,0xff,0xff,0xff,0xff,0xff,0xff,
0xff,0xff,0xff,0xff,0xfc,0xb6,0x30,0x00,0x00,0x00,0x00,0x9f,0xff,0xff,0xff,0xff,
0xff,0xff,0xff,0xff,0xff,0xff,0xff,0xff,0xff,0x79,0x00,0x00,0x00,0xaa,0xff,0xff,
0xff,0xff,0xff,0xff,0xff,0xff,0xff,0xff,0xff,0xff,0xff,0xff,0x66,0x00,0x00,0x68,
0xf4,0xff,0xff,0xff,0xfc,0xf8,0xff,0xff,0xff,0xff,0xff,0xff,0xff,0xff,0xf8,0x1b,
0x00,0x00,0x15,0x6e,0x50,0x17,0x00,0x00,0x02,0x30,0x85,0xf8,0xff,0xff,0xff,0xff,
0xff,0x7d,0x00,0x00,0x00,0x00,0x00,0x00,0x00,0x00,0x00,0x00,0x00,0x44,0xff,0xff,
0xff,0xff,0xff,0xb6,0x00,0x00,0x00,0x00,0x00,0x00,0x00,0x00,0x00,0x00,0x00,0x00,
0xb6,0xff,0xff,0xff,0xff,0xee,0x00,0x00,0x00,0x00,0x00,0x00,0x00,0x00,0x00,0x00,
0x00,0x00,0x96,0xff,0xff,0xff,0xff,0xf2,0x00,0x00,0x00,0x00,0x00,0x00,0x00,0x00,
0x00,0x00,0x00,0x00,0x9b,0xff,0xff,0xff,0xff,0xe7,0x00,0x00,0x00,0x00,0x00,0x00,
0x00,0x00,0x00,0x00,0x00,0x00,0xc5,0xff,0xff,0xff,0xff,0xae,0x2c,0x61,0x04,0x00,
0x00,0x00,0x00,0x00,0x00,0x00,0x00,0x59,0xff,0xff,0xff,0xff,0xff,0x7b,0x44,0xff,
0xf8,0xa7,0x68,0x44,0x0a,0x06,0x11,0x4c,0x9f,0xff,0xff,0xff,0xff,0xff,0xfc,0x1f,
0x44,0xff,0xff,0xff,0xff,0xff,0xff,0xff,0xff,0xff,0xff,0xff,0xff,0xff,0xff,0xff,
0x8a,0x00,0x44,0xff,0xff,0xff,0xff,0xff,0xff,0xff,0xff,0xff,0xff,0xff,0xff,0xff,
0xff,0xbd,0x04,0x00,0x44,0xff,0xff,0xff,0xff,0xff,0xff,0xff,0xff,0xff,0xff,0xff,
0xff,0xff,0x96,0x06,0x00,0x00,0x00,0x3f,0xa3,0xe7,0xff,0xff,0xff,0xff,0xff,0xff,
0xff,0xe9,0x9b,0x2e,0x00,0x00,0x00,0x00,0x00,0x00,0x00,0x00,0x0a,0x44,0x4e,0x50,
0x50,0x48,0x17,0x00,0x00,0x00,0x00,0x00,0x00,0x00,0x00,0x00,0x00,0x00,0x00,0x00,
0x00,0x11,0x5f,0xa5,0xcc,0xf0,0xf8,0xf8,0xf6,0xee,0x77,0x00,0x00,0x00,0x00,0x00,
0x00,0x00,0x17,0x94,0xfa,0xff,0xff,0xff,0xff,0xff,0xff,0xff,0xff,0xa1,0x00,0x00,
0x00,0x00,0x00,0x00,0x48,0xee,0xff,0xff,0xff,0xff,0xff,0xff,0xff,0xff,0xff,0xff,
0xa1,0x00,0x00,0x00,0x00,0x00,0x46,0xfc,0xff,0xff,0xff,0xff,0xff,0xff,0xff,0xff,
0xff,0xff,0xff,0xa1,0x00,0x00,0x00,0x00,0x1d,0xee,0xff,0xff,0xff,0xff,0xff,0xd0,
0x85,0x57,0x4c,0x4a,0x4c,0x5d,0x5d,0x00,0x00,0x00,0x00,0xb4,0xff,0xff,0xff,0xff,
0xe7,0x48,0x00,0x00,0x00,0x00,0x00,0x00,0x00,0x00,0x00,0x00,0x00,0x33,0xff,0xff,
0xff,0xff,0xe9,0x1b,0x00,0x00,0x00,0x00,0x00,0x00,0x00,0x00,0x00,0x00,0x00,0x00,
0x96,0xff,0xff,0xff,0xff,0x5d,0x00,0x00,0x00,0x00,0x00,0x00,0x00,0x00,0x00,0x00,
0x00,0x00,0x00,0xe9,0xff,0xff,0xff,0xee,0x02,0x00,0x00,0x00,0x00,0x00,0x00,0x00,
0x00,0x00,0x00,0x00,0x00,0x2a,0xff,0xff,0xff,0xff,0xa5,0x00,0x00,0x44,0x94,0xa7,
0xa7,0x9b,0x57,0x06,0x00,0x00,0x00,0x00,0x57,0xff,0xff,0xff,0xff,0x6a,0x17,0xc3,
0xff,0xff,0xff,0xff,0xff,0xff,0xeb,0x5b,0x00,0x00,0x00,0x81,0xff,0xff,0xff,0xff,
0x5f,0xda,0xff,0xff,0xff,0xff,0xff,0xff,0xff,0xff,0xff,0x70,0x00,0x00,0xa1,0xff,
0xff,0xff,0xff,0xe5,0xff,0xff,0xff,0xff,0xff,0xff,0xff,0xff,0xff,0xff,0xff,0x30,
0x00,0xaa,0xff,0xff,0xff,0xff,0xff,0xff,0xf2,0xa1,0x66,0x8e,0xd8,0xff,0xff,0xff,
0xff,0xff,0xb4,0x00,0xae,0xff,0xff,0xff,0xff,0xff,0xcc,0x17,0x00,0x00,0x00,0x06,
0xbf,0xff,0xff,0xff,0xff,0xfc,0x04,0xae,0xff,0xff,0xff,0xff,0xfa,0x1b,0x00,0x00,
0x00,0x00,0x00,0x2a,0xff,0xff,0xff,0xff,0xff,0x48,0xaa,0xff,0xff,0xff,0xff,0xb0,
0x00,0x00,0x00,0x00,0x00,0x00,0x00,0xf2,0xff,0xff,0xff,0xff,0x55,0x9b,0xff,0xff,
0xff,0xff,0xaa,0x00,0x00,0x00,0x00,0x00,0x00,0x00,0xeb,0xff,0xff,0xff,0xff,0x59,
0x5f,0xff,0xff,0xff,0xff,0xd2,0x00,0x00,0x00,0x00,0x00,0x00,0x00,0xf2,0xff,0xff,
0xff,0xff,0x55,0x30,0xff,0xff,0xff,0xff,0xff,0x22,0x00,0x00,0x00,0x00,0x00,0x19,
0xff,0xff,0xff,0xff,0xff,0x3d,0x00,0xdd,0xff,0xff,0xff,0xff,0xae,0x00,0x00,0x00,
0x00,0x00,0x8e,0xff,0xff,0xff,0xff,0xfa,0x02,0x00,0x70,0xff,0xff,0xff,0xff,0xff,
0xa7,0x22,0x00,0x19,0x8c,0xff,0xff,0xff,0xff,0xff,0xa7,0x00,0x00,0x02,0xd2,0xff,
0xff,0xff,0xff,0xff,0xff,0xff,0xff,0xff,0xff,0xff,0xff,0xff,0xfc,0x2a,0x00,0x00,
0x00,0x24,0xe9,0xff,0xff,0xff,0xff,0xff,0xff,0xff,0xff,0xff,0xff,0xff,0xff,0x6e,
0x00,0x00,0x00,0x00,0x00,0x2a,0xda,0xff,0xff,0xff,0xff,0xff,0xff,0xff,0xff,0xff,
0xfc,0x6c,0x00,0x00,0x00,0x00,0x00,0x00,0x00,0x06,0x72,0xd8,0xff,0xff,0xff,0xff,
0xff,0xfa,0xa1,0x2a,0x00,0x00,0x00,0x00,0x00,0x00,0x00,0x00,0x00,0x00,0x00,0x17,
0x4a,0x50,0x4e,0x37,0x02,0x00,0x00,0x00,0x00,0x00,0x00,0xae,0xae,0xae,0xae,0xae,
0xae,0xae,0xae,0xae,0xae,0xae,0xae,0xae,0xae,0xae,0xae,0xae,0xae,0x3f,0xff,0xff,
0xff,0xff,0xff,0xff,0xff,0xff,0xff,0xff,0xff,0xff,0xff,0xff,0xff,0xff,0xff,0xff,
0x5d,0xff,0xff,0xff,0xff,0xff,0xff,0xff,0xff,0xff,0xff,0xff,0xff,0xff,0xff,0xff,
0xff,0xff,0xff,0x5d,0xff,0xff,0xff,0xff,0xff,0xff,0xff,0xff,0xff,0xff,0xff,0xff,
0xff,0xff,0xff,0xff,0xff,0xff,0x59,0xeb,0xeb,0xeb,0xeb,0xeb,0xeb,0xeb,0xeb,0xeb,
0xeb,0xeb,0xeb,0xf2,0xff,0xff,0xff,0xff,0xfa,0x15,0x00,0x00,0x00,0x00,0x00,0x00,
0x00,0x00,0x00,0x00,0x00,0x00,0xa1,0xff,0xff,0xff,0xff,0x99,0x00,0x00,0x00,0x00,
0x00,0x00,0x00,0x00,0x00,0x00,0x00,0x00,0x1d,0xfc,0xff,0xff,0xff,0xff,0x2a,0x00,
0x00,0x00,0x00,0x00,0x00,0x00,0x00,0x00,0x00,0x00,0x00,0x8a,0xff,0xff,0xff,0xff,
0xbf,0x00,0x00,0x00,0x00,0x00,0x00,0x00,0x00,0x00,0x00,0x00,0x00,0x0c,0xf2,0xff,
0xff,0xff,0xff,0x4e,0x00,0x00,0x00,0x00,0x00,0x00,0x00,0x00,0x00,0x00,0x00,0x00,
0x74,0xff,0xff,0xff,0xff,0xda,0x00,0x00,0x00,0x00,0x00,0x00,0x00,0x00,0x00,0x00,
0x00,0x00,0x02,0xe3,0xff,0xff,0xff,0xff,0x6c,0x00,0x00,0x00,0x00,0x00,0x00,0x00,
0x00,0x00,0x00,0x00,0x00,0x5d,0xff,0xff,0xff,0xff,0xf4,0x0c,0x00,0x00,0x00,0x00,
0x00,0x00,0x00,0x00,0x00,0x00,0x00,0x00,0xd4,0xff,0xff,0xff,0xff,0x8c,0x00,0x00,
0x00,0x00,0x00,0x00,0x00,0x00,0x00,0x00,0x00,0x00,0x44,0xff,0xff,0xff,0xff,0xfc,
0x22,0x00,0x00,0x00,0x00,0x00,0x00,0x00,0x00,0x00,0x00,0x00,0x00,0xc1,0xff,0xff,
0xff,0xff,0xb0,0x00,0x00,0x00,0x00,0x00,0x00,0x00,0x00,0x00,0x00,0x00,0x00,0x30,
0xff,0xff,0xff,0xff,0xff,0x3f,0x00,0x00,0x00,0x00,0x00,0x00,0x00,0x00,0x00,0x00,
0x00,0x00,0xa5,0xff,0xff,0xff,0xff,0xd0,0x00,0x00,0x00,0x00,0x00,0x00,0x00,0x00,
0x00,0x00,0x00,0x00,0x1d,0xfc,0xff,0xff,0xff,0xff,0x63,0x00,0x00,0x00,0x00,0x00,
0x00,0x00,0x00,0x00,0x00,0x00,0x00,0x8c,0xff,0xff,0xff,0xff,0xe9,0x02,0x00,0x00,
0x00,0x00,0x00,0x00,0x00,0x00,0x00,0x00,0x00,0x0e,0xf4,0xff,0xff,0xff,0xff,0x81,
0x00,0x00,0x00,0x00,0x00,0x00,0x00,0x00,0x00,0x00,0x00,0x00,0x79,0xff,0xff,0xff,
0xff,0xfa,0x17,0x00,0x00,0x00,0x00,0x00,0x00,0x00,0x00,0x00,0x00,0x00,0x04,0xe5,
0xff,0xff,0xff,0xff,0x9f,0x00,0x00,0x00,0x00,0x00,0x00,0x00,0x00,0x00,0x00,0x00,
0x00,0x68,0xff,0xff,0xff,0xff,0xff,0x33,0x00,0x00,0x00,0x00,0x00,0x00,0x00,0x00,
0x00,0x00,0x00,0x00,0xd6,0xff,0xff,0xff,0xff,0xc3,0x00,0x00,0x00,0x00,0x00,0x00,
0x00,0x00,0x00,0x00,0x00,0x00,0x4a,0xff,0xff,0xff,0xff,0xff,0x52,0x00,0x00,0x00,
0x00,0x00,0x00,0x00,0x00,0x00,0x00,0x00,0x00,0xc1,0xff,0xff,0xff,0xff,0xe1,0x00,
0x00,0x00,0x00,0x00,0x00,0x00,0x00,0x00,0x00,0x00,0x00,0x00,0x00,0x0e,0x68,0xac,
0xe9,0xfc,0xff,0xf8,0xd2,0x9d,0x44,0x00,0x00,0x00,0x00,0x00,0x00,0x00,0x00,0x6c,
0xf0,0xff,0xff,0xff,0xff,0xff,0xff,0xff,0xff,0xff,0xd0,0x2a,0x00,0x00,0x00,0x00,
0x00,0x90,0xff,0xff,0xff,0xff,0xff,0xff,0xff,0xff,0xff,0xff,0xff,0xff,0xf2,0x30,
0x00,0x00,0x00,0x4a,0xff,0xff,0xff,0xff,0xff,0xff,0xfc,0xf6,0xff,0xff,0xff,0xff,
0xff,0xff,0xd6,0x00,0x00,0x00,0xb0,0xff,0xff,0xff,0xff,0xee,0x57,0x02,0x00,0x1b,
0xa7,0xff,0xff,0xff,0xff,0xff,0x44,0x00,0x00,0xf2,0xff,0xff,0xff,0xff,0x63,0x00,
0x00,0x00,0x00,0x00,0xd2,0xff,0xff,0xff,0xff,0x61,0x00,0x00,0xf6,0xff,0xff,0xff,
0xff,0x2e,0x00,0x00,0x00,0x00,0x00,0xa1,0xff,0xff,0xff,0xff,0x70,0x00,0x00,0xcc,
0xff,0xff,0xff,0xff,0x4e,0x00,0x00,0x00,0x00,0x00,0xb8,0xff,0xff,0xff,0xff,0x55,
0x00,0x00,0x88,0xff,0xff,0xff,0xff,0xd2,0x11,0x00,0x00,0x00,0x48,0xff,0xff,0xff,
0xff,0xfa,0x15,0x00,0x00,0x19,0xee,0xff,0xff,0xff,0xff,0xe1,0x3f,0x06,0x83,0xff,
0xff,0xff,0xff,0xff,0x83,0x00,0x00,0x00,0x00,0x44,0xfa,0xff,0xff,0xff,0xff,0xff,
0xf6,0xff,0xff,0xff,0xff,0xff,0xa3,0x00,0x00,0x00,0x00,0x00,0x00,0x46,0xf2,0xff,
0xff,0xff,0xff,0xff,0xff,0xff,0xff,0xf8,0x70,0x00,0x00,0x00,0x00,0x00,0x00,0x00,
0x00,0x35,0xf8,0xff,0xff,0xff,0xff,0xff,0xff,0xff,0x50,0x00,0x00,0x00,0x00,0x00,
0x00,0x00,0x00,0x5f,0xf0,0xff,0xff,0xff,0xff,0xff,0xff,0xff,0xff,0xff,0x96,0x0a,
0x00,0x00,0x00,0x00,0x00,0x8e,0xff,0xff,0xff,0xff,0xff,0xf8,0xf2,0xff,0xff,0xff,
0xff,0xff,0xd4,0x19,0x00,0x00,0x00,0x7b,0xff,0xff,0xff,0xff,0xff,0xaa,0x19,0x19,
0xa7,0xff,0xff,0xff,0xff,0xff,0xda,0x0c,0x00,0x1f,0xfc,0xff,0xff,0xff,0xff,0x74,
0x00,0x00,0x00,0x00,0x52,0xf6,0xff,0xff,0xff,0xff,0x90,0x00,0x74,0xff,0xff,0xff,
0xff,0xb2,0x00,0x00,0x00,0x00,0x00,0x00,0x4e,0xff,0xff,0xff,0xff,0xfa,0x04,0xa7,
0xff,0xff,0xff,0xff,0x57,0x00,0x00,0x00,0x00,0x00,0x00,0x00,0xd2,0xff,0xff,0xff,
0xff,0x44,0xae,0xff,0xff,0xff,0xff,0x50,0x00,0x00,0x00,0x00,0x00,0x00,0x00,0xb6,
0xff,0xff,0xff,0xff,0x4a,0xa7,0xff,0xff,0xff,0xff,0x94,0x00,0x00,0x00,0x00,0x00,
0x00,0x0c,0xf8,0xff,0xff,0xff,0xff,0x35,0x6e,0xff,0xff,0xff,0xff,0xff,0x5f,0x00,
0x00,0x00,0x00,0x13,0xb6,0xff,0xff,0xff,0xff,0xee,0x00,0x15,0xf4,0xff,0xff,0xff,
0xff,0xff,0xdd,0xaa,0xa3,0xb4,0xfa,0xff,0xff,0xff,0xff,0xff,0x7b,0x00,0x00,0x5f,
0xff,0xff,0xff,0xff,0xff,0xff,0xff,0xff,0xff,0xff,0xff,0xff,0xff,0xff,0xbd,0x04,
0x00,0x00,0x00,0x61,0xf4,0xff,0xff,0xff,0xff,0xff,0xff,0xff,0xff,0xff,0xff,0xff,
0xa1,0x0a,0x00,0x00,0x00,0x00,0x00,0x1b,0x8c,0xe7,0xff,0xff,0xff,0xff,0xff,0xff,
0xfa,0xa5,0x39,0x00,0x00,0x00,0x00,0x00,0x00,0x00,0x00,0x00,0x00,0x13,0x48,0x50,
0x50,0x4c,0x2c,0x00,0x00,0x00,0x00,0x00,0x00,0x00,0x00,0x00,0x00,0x00,0x0e,0x6e,
0xae,0xee,0xf8,0xf6,0xdd,0xa3,0x4a,0x00,0x00,0x00,0x00,0x00,0x00,0x00,0x00,0x00,
0x68,0xf0,0xff,0xff,0xff,0xff,0xff,0xff,0xff,0xff,0xd6,0x37,0x00,0x00,0x00,0x00,
0x00,0x00,0x8a,0xff,0xff,0xff,0xff,0xff,0xff,0xff,0xff,0xff,0xff,0xff,0xfa,0x4e,
0x00,0x00,0x00,0x00,0x5b,0xff,0xff,0xff,0xff,0xff,0xff,0xff,0xff,0xff,0xff,0xff,
0xff,0xff,0xf6,0x2c,0x00,0x00,0x04,0xe5,0xff,0xff,0xff,0xff,0xff,0xaa,0x5b,0x59,
0xae,0xff,0xff,0xff,0xff,0xff,0xcc,0x00,0x00,0x52,0xff,0xff,0xff,0xff,0xff,0x61,
0x00,0x00,0x00,0x00,0x6e,0xff,0xff,0xff,0xff,0xff,0x44,0x00,0x9d,0xff,0xff,0xff,
0xff,0xc7,0x00,0x00,0x00,0x00,0x00,0x00,0xc5,0xff,0xff,0xff,0xff,0xa7,0x00,0xb2,
0xff,0xff,0xff,0xff,0x83,0x00,0x00,0x00,0x00,0x00,0x00,0x5b,0xff,0xff,0xff,0xff,
0xe9,0x00,0xc3,0xff,0xff,0xff,0xff,0x5d,0x00,0x00,0x00,0x00,0x00,0x00,0x26,0xff,
0xff,0xff,0xff,0xff,0x06,0xbd,0xff,0xff,0xff,0xff,0x5f,0x00,0x00,0x00,0x00,0x00,
0x00,0x13,0xff,0xff,0xff,0xff,0xff,0x41,0xb2,0xff,0xff,0xff,0xff,0xa1,0x00,0x00,
0x00,0x00,0x00,0x00,0x5d,0xff,0xff,0xff,0xff,0xff,0x4a,0x92,0xff,0xff,0xff,0xff,
0xf4,0x19,0x00,0x00,0x00,0x00,0x17,0xe1,0xff,0xff,0xff,0xff,0xff,0x4a,0x48,0xff,
0xff,0xff,0xff,0xff,0xdd,0x57,0x17,0x22,0x6a,0xe9,0xff,0xff,0xff,0xff,0xff,0xff,
0x48,0x00,0xd6,0xff,0xff,0xff,0xff,0xff,0xff,0xff,0xff,0xff,0xff,0xff,0xff,0xff,
0xff,0xff,0xff,0x41,0x00,0x39,0xfa,0xff,0xff,0xff,0xff,0xff,0xff,0xff,0xff,0xff,
0xc1,0xb2,0xff,0xff,0xff,0xff,0x0a,0x00,0x00,0x48,0xf0,0xff,0xff,0xff,0xff,0xff,
0xff,0xff,0xcc,0x15,0xce,0xff,0xff,0xff,0xf8,0x00,0x00,0x00,0x00,0x19,0x8a,0xda,
0xfc,0xff,0xfc,0xd8,0x81,0x08,0x02,0xfc,0xff,0xff,0xff,0xc9,0x00,0x00,0x00,0x00,
0x00,0x00,0x00,0x02,0x06,0x00,0x00,0x00,0x00,0x41,0xff,0xff,0xff,0xff,0x96,0x00,
0x00,0x00,0x00,0x00,0x00,0x00,0x00,0x00,0x00,0x00,0x00,0x00,0x9b,0xff,0xff,0xff,
0xff,0x46,0x00,0x00,0x00,0x00,0x00,0x00,0x00,0x00,0x00,0x00,0x00,0x00,0x35,0xfc,
0xff,0xff,0xff,0xe5,0x02,0x00,0x00,0x00,0x00,0x00,0x00,0x00,0x00,0x00,0x00,0x00,
0x39,0xe9,0xff,0xff,0xff,0xff,0x77,0x00,0x00,0x00,0x00,0x1f,0x00,0x00,0x00,0x00,
0x06,0x4c,0xa3,0xff,0xff,0xff,0xff,0xff,0xda,0x06,0x00,0x00,0x00,0x00,0xff,0xfc,
0xf0,0xee,0xf4,0xff,0xff,0xff,0xff,0xff,0xff,0xff,0xf2,0x2e,0x00,0x00,0x00,0x00,
0x00,0xff,0xff,0xff,0xff,0xff,0xff,0xff,0xff,0xff,0xff,0xff,0xf0,0x41,0x00,0x00,
0x00,0x00,0x00,0x00,0xff,0xff,0xff,0xff,0xff,0xff,0xff,0xff,0xff,0xff,0xbb,0x22,
0x00,0x00,0x00,0x00,0x00,0x00,0x00,0xff,0xff,0xff,0xff,0xff,0xff,0xff,0xe9,0x9d,
0x39,0x00,0x00,0x00,0x00,0x00,0x00,0x00,0x00,0x00,0x30,0x4a,0x50,0x50,0x4e,0x48,
0x11,0x00,0x00,0x00,0x00,0x00,0x00,0x00,0x00,0x00,0x00,0x15,0x9f,0xf6,0xfc,0xc1,
0x30,0x00,0xa5,0xff,0xff,0xff,0xff,0xe7,0x02,0xf2,0xff,0xff,0xff,0xff,0xff,0x2c,
0xf0,0xff,0xff,0xff,0xff,0xff,0x28,0x96,0xff,0xff,0xff,0xff,0xdd,0x00,0x0a,0x8c,
0xe7,0xf2,0xaa,0x1f,0x00,0x00,0x00,0x00,0x00,0x00,0x00,0x00,0x00,0x00,0x00,0x00,
0x00,0x00,0x00,0x00,0x00,0x00,0x00,0x00,0x00,0x00,0x00,0x00,0x00,0x00,0x00,0x00,
0x00,0x00,0x00,0x00,0x00,0x00,0x00,0x00,0x00,0x00,0x00,0x00,0x00,0x00,0x00,0x00,
0x00,0x00,0x00,0x00,0x00,0x00,0x00,0x00,0x00,0x00,0x00,0x00,0x00,0x00,0x26,0x6a,
0x7d,0x3d,0x00,0x00,0x57,0xfc,0xff,0xff,0xff,0x96,0x00,0xd4,0xff,0xff,0xff,0xff,
0xff,0x0c,0xf4,0xff,0xff,0xff,0xff,0xff,0x3d,0xce,0xff,0xff,0xff,0xff,0xfc,0x0a,
0x4a,0xf8,0xff,0xff,0xff,0x83,0x00,0x00,0x19,0x5b,0x5f,0x30,0x00,0x00,0x00,0x15,
0x9f,0xf6,0xfc,0xc1,0x30,0x00,0x00,0xa5,0xff,0xff,0xff,0xff,0xe7,0x02,0x00,0xf2,
0xff,0xff,0xff,0xff,0xff,0x2c,0x00,0xf0,0xff,0xff,0xff,0xff,0xff,0x28,0x00,0x96,
0xff,0xff,0xff,0xff,0xdd,0x00,0x00,0x0a,0x8c,0xe7,0xf2,0xaa,0x1f,0x00,0x00,0x00,
0x00,0x00,0x00,0x00,0x00,0x00,0x00,0x00,0x00,0x00,0x00,0x00,0x00,0x00,0x00,0x00,
0x00,0x00,0x00,0x00,0x00,0x00,0x00,0x00,0x00,0x00,0x00,0x00,0x00,0x00,0x00,0x00,
0x00,0x00,0x00,0x00,0x00,0x00,0x00,0x00,0x00,0x00,0x00,0x00,0x00,0x00,0x00,0x00,
0x00,0x00,0x00,0x00,0x00,0x00,0x00,0x00,0x00,0x00,0x00,0x00,0x00,0x00,0x00,0x00,
0x00,0x00,0x00,0x00,0x00,0x00,0x00,0x04,0x3d,0x3d,0x3d,0x3d,0x33,0x00,0x00,0x3d,
0xff,0xff,0xff,0xff,0xf6,0x00,0x00,0x5b,0xff,0xff,0xff,0xff,0xaa,0x00,0x00,0x99,
0xff,0xff,0xff,0xff,0x5d,0x00,0x00,0xbb,0xff,0xff,0xff,0xfa,0x0a,0x00,0x00,0xf8,
0xff,0xff,0xff,0xa5,0x00,0x00,0x2a,0xff,0xff,0xff,0xff,0x44,0x00,0x00,0x5b,0xff,
0xff,0xff,0xdd,0x00,0x00,0x00,0xa1,0xff,0xff,0xff,0x74,0x00,0x00,0x00,0x81,0xa1,
0xa1,0xa1,0x0e,0x00,0x00,0x00,0x00,0x00,0x00,0x00,0x00,0x00,0x00,0x00,0x00,0x00,
0x00,0x00,0x00,0x00,0x00,0x00,0x00,0x37,0x00,0x00,0x00,0x00,0x00,0x00,0x00,0x00,
0x00,0x00,0x00,0x00,0x00,0x00,0x00,0x37,0xbd,0xff,0x00,0x00,0x00,0x00,0x00,0x00,
0x00,0x00,0x00,0x00,0x00,0x00,0x00,0x39,0xbf,0xff,0xff,0xff,0x00,0x00,0x00,0x00,
0x00,0x00,0x00,0x00,0x00,0x00,0x00,0x39,0xbf,0xff,0xff,0xff,0xff,0xff,0x00,0x00,
0x00,0x00,0x00,0x00,0x00,0x00,0x00,0x39,0xbf,0xff,0xff,0xff,0xff,0xff,0xff,0xe9,
0x00,0x00,0x00,0x00,0x00,0x00,0x00,0x39,0xc1,0xff,0xff,0xff,0xff,0xff,0xff,0xd8,
0x6a,0x04,0x00,0x00,0x00,0x00,0x00,0x39,0xc1,0xff,0xff,0xff,0xff,0xff,0xff,0xcc,
0x57,0x00,0x00,0x00,0x00,0x00,0x00,0x3b,0xc1,0xff,0xff,0xff,0xff,0xff,0xff,0xbd,
0x3d,0x00,0x00,0x00,0x00,0x00,0x00,0x3b,0xc1,0xff,0xff,0xff,0xff,0xff,0xfc,0xa3,
0x2e,0x00,0x00,0x00,0x00,0x00,0x00,0x00,0x5b,0xff,0xff,0xff,0xff,0xff,0xf8,0x90,
0x1f,0x00,0x00,0x00,0x00,0x00,0x00,0x00,0x00,0x00,0x63,0xff,0xff,0xff,0xff,0xff,
0x8c,0x15,0x00,0x00,0x00,0x00,0x00,0x00,0x00,0x00,0x00,0x00,0x52,0xff,0xff,0xff,
0xff,0xff,0xff,0xfa,0xa5,0x3b,0x00,0x00,0x00,0x00,0x00,0x00,0x00,0x00,0x00,0x26,
0x94,0xf6,0xff,0xff,0xff,0xff,0xff,0xff,0xd2,0x6e,0x0c,0x00,0x00,0x00,0x00,0x00,
0x00,0x00,0x00,0x0e,0x77,0xe3,0xff,0xff,0xff,0xff,0xff,0xff,0xf8,0x99,0x30,0x00,
0x00,0x00,0x00,0x00,0x00,0x00,0x00,0x02,0x59,0xcc,0xff,0xff,0xff,0xff,0xff,0xff,
0xff,0xcc,0x63,0x06,0x00,0x00,0x00,0x00,0x00,0x00,0x00,0x00,0x37,0xaa,0xfc,0xff,
0xff,0xff,0xff,0xff,0xff,0xf0,0x00,0x00,0x00,0x00,0x00,0x00,0x00,0x00,0x00,0x00,
0x1f,0x8a,0xf2,0xff,0xff,0xff,0xff,0xff,0x00,0x00,0x00,0x00,0x00,0x00,0x00,0x00,
0x00,0x00,0x00,0x00,0x0a,0x6e,0xdd,0xff,0xff,0xff,0x00,0x00,0x00,0x00,0x00,0x00,
0x00,0x00,0x00,0x00,0x00,0x00,0x00,0x00,0x00,0x4e,0xc1,0xff,0x00,0x00,0x00,0x00,
0x00,0x00,0x00,0x00,0x00,0x00,0x00,0x00,0x00,0x00,0x00,0x00,0x00,0x30,0x63,0xff,
0xff,0xff,0xff,0xff,0xff,0xff,0xff,0xff,0xff,0xff,0xff,0xff,0xff,0xff,0xff,0xff,
0x63,0xff,0xff,0xff,0xff,0xff,0xff,0xff,0xff,0xff,0xff,0xff,0xff,0xff,0xff,0xff,
0xff,0xff,0x63,0xff,0xff,0xff,0xff,0xff,0xff,0xff,0xff,0xff,0xff,0xff,0xff,0xff,
0xff,0xff,0xff,0xff,0x48,0xbb,0xbb,0xbb,0xbb,0xbb,0xbb,0xbb,0xbb,0xbb,0xbb,0xbb,
0xbb,0xbb,0xbb,0xbb,0xbb,0xbb,0x00,0x00,0x00,0x00,0x00,0x00,0x00,0x00,0x00,0x00,
0x00,0x00,0x00,0x00,0x00,0x00,0x00,0x00,0x00,0x00,0x00,0x00,0x00,0x00,0x00,0x00,
0x00,0x00,0x00,0x00,0x00,0x00,0x00,0x00,0x00,0x00,0x1b,0x44,0x44,0x44,0x44,0x44,
0x44,0x44,0x44,0x44,0x44,0x44,0x44,0x44,0x44,0x44,0x44,0x44,0x63,0xff,0xff,0xff,
0xff,0xff,0xff,0xff,0xff,0xff,0xff,0xff,0xff,0xff,0xff,0xff,0xff,0xff,0x63,0xff,
0xff,0xff,0xff,0xff,0xff,0xff,0xff,0xff,0xff,0xff,0xff,0xff,0xff,0xff,0xff,0xff,
0x63,0xff,0xff,0xff,0xff,0xff,0xff,0xff,0xff,0xff,0xff,0xff,0xff,0xff,0xff,0xff,
0xff,0xff,0x41,0xa7,0xa7,0xa7,0xa7,0xa7,0xa7,0xa7,0xa7,0xa7,0xa7,0xa7,0xa7,0xa7,
0xa7,0xa7,0xa7,0xa7,0x22,0x0e,0x00,0x00,0x00,0x00,0x00,0x00,0x00,0x00,0x00,0x00,
0x00,0x00,0x00,0x00,0x00,0x00,0x63,0xf2,0x7f,0x0e,0x00,0x00,0x00,0x00,0x00,0x00,
0x00,0x00,0x00,0x00,0x00,0x00,0x00,0x00,0x63,0xff,0xff,0xf2,0x81,0x0e,0x00,0x00,
0x00,0x00,0x00,0x00,0x00,0x00,0x00,0x00,0x00,0x00,0x63,0xff,0xff,0xff,0xff,0xf2,
0x81,0x0e,0x00,0x00,0x00,0x00,0x00,0x00,0x00,0x00,0x00,0x00,0x52,0xff,0xff,0xff,
0xff,0xff,0xff,0xf2,0x81,0x0e,0x00,0x00,0x00,0x00,0x00,0x00,0x00,0x00,0x00,0x26,
0x96,0xfa,0xff,0xff,0xff,0xff,0xff,0xf4,0x83,0x11,0x00,0x00,0x00,0x00,0x00,0x00,
0x00,0x00,0x00,0x19,0x8a,0xf2,0xff,0xff,0xff,0xff,0xff,0xf4,0x83,0x11,0x00,0x00,
0x00,0x00,0x00,0x00,0x00,0x00,0x00,0x0c,0x77,0xe5,0xff,0xff,0xff,0xff,0xff,0xf4,
0x83,0x13,0x00,0x00,0x00,0x00,0x00,0x00,0x00,0x00,0x00,0x04,0x68,0xd8,0xff,0xff,
0xff,0xff,0xff,0xf4,0x83,0x13,0x00,0x00,0x00,0x00,0x00,0x00,0x00,0x00,0x00,0x00,
0x50,0xc9,0xff,0xff,0xff,0xff,0xff,0xf4,0x00,0x00,0x00,0x00,0x00,0x00,0x00,0x00,
0x00,0x00,0x00,0x3d,0xd8,0xff,0xff,0xff,0xff,0xff,0x00,0x00,0x00,0x00,0x00,0x00,
0x00,0x00,0x0c,0x6c,0xd4,0xff,0xff,0xff,0xff,0xff,0xff,0xe9,0x00,0x00,0x00,0x00,
0x00,0x00,0x30,0x99,0xf8,0xff,0xff,0xff,0xff,0xff,0xff,0xd4,0x68,0x04,0x00,0x00,
0x00,0x06,0x63,0xc9,0xff,0xff,0xff,0xff,0xff,0xff,0xff,0xb8,0x3f,0x00,0x00,0x00,
0x00,0x26,0x8e,0xf0,0xff,0xff,0xff,0xff,0xff,0xff,0xf8,0x94,0x26,0x00,0x00,0x00,
0x00,0x00,0x57,0xff,0xff,0xff,0xff,0xff,0xff,0xff,0xe3,0x79,0x11,0x00,0x00,0x00,
0x00,0x00,0x00,0x00,0x63,0xff,0xff,0xff,0xff,0xff,0xcc,0x5b,0x02,0x00,0x00,0x00,
0x00,0x00,0x00,0x00,0x00,0x00,0x63,0xff,0xff,0xfc,0xac,0x3b,0x00,0x00,0x00,0x00,
0x00,0x00,0x00,0x00,0x00,0x00,0x00,0x00,0x63,0xf2,0x8c,0x1f,0x00,0x00,0x00,0x00,
0x00,0x00,0x00,0x00,0x00,0x00,0x00,0x00,0x00,0x00,0x1f,0x0a,0x00,0x00,0x00,0x00,
0x00,0x00,0x00,0x00,0x00,0x00,0x00,0x00,0x00,0x00,0x00,0x00,0x00,0x00,0x00,0x00,
0x00,0x00,0x00,0x00,0x02,0x00,0x00,0x00,0x00,0x00,0x00,0x00,0x00,0x00,0x00,0x02,
0x4e,0x99,0xc9,0xf6,0xff,0xff,0xfc,0xe9,0xa7,0x4c,0x00,0x00,0x00,0x00,0x17,0x83,
0xee,0xff,0xff,0xff,0xff,0xff,0xff,0xff,0xff,0xff,0xff,0xc7,0x19,0x00,0x00,0xae,
0xff,0xff,0xff,0xff,0xff,0xff,0xff,0xff,0xff,0xff,0xff,0xff,0xff,0xe1,0x13,0x00,
0x2e,0xff,0xff,0xff,0xff,0xff,0xff,0xff,0xff,0xff,0xff,0xff,0xff,0xff,0xff,0x9f,
0x00,0x00,0xb6,0xff,0xff,0xe1,0x94,0x57,0x4a,0x4a,0x6c,0xe1,0xff,0xff,0xff,0xff,
0xfa,0x06,0x00,0x33,0xbf,0x41,0x00,0x00,0x00,0x00,0x00,0x00,0x15,0xf8,0xff,0xff,
0xff,0xff,0x48,0x00,0x00,0x00,0x00,0x00,0x00,0x00,0x00,0x00,0x00,0x00,0xb6,0xff,
0xff,0xff,0xff,0x4a,0x00,0x00,0x00,0x00,0x00,0x00,0x00,0x00,0x00,0x00,0x00,0xe3,
0xff,0xff,0xff,0xff,0x3b,0x00,0x00,0x00,0x00,0x00,0x00,0x00,0x00,0x00,0x00,0x63,
0xff,0xff,0xff,0xff,0xee,0x02,0x00,0x00,0x00,0x00,0x00,0x00,0x00,0x00,0x00,0x5d,
0xff,0xff,0xff,0xff,0xff,0x7b,0x00,0x00,0x00,0x00,0x00,0x00,0x00,0x00,0x08,0x9b,
0xff,0xff,0xff,0xff,0xff,0xbd,0x00,0x00,0x00,0x00,0x00,0x00,0x00,0x00,0x15,0xcc,
0xff,0xff,0xff,0xff,0xff,0xb4,0x08,0x00,0x00,0x00,0x00,0x00,0x00,0x00,0x0c,0xd2,
0xff,0xff,0xff,0xff,0xff,0x7f,0x00,0x00,0x00,0x00,0x00,0x00,0x00,0x00,0x00,0x88,
0xff,0xff,0xff,0xff,0xeb,0x3f,0x00,0x00,0x00,0x00,0x00,0x00,0x00,0x00,0x00,0x00,
0xe9,0xff,0xff,0xff,0xf4,0x2c,0x00,0x00,0x00,0x00,0x00,0x00,0x00,0x00,0x00,0x00,
0x0a,0xff,0xff,0xff,0xff,0x9f,0x00,0x00,0x00,0x00,0x00,0x00,0x00,0x00,0x00,0x00,
0x00,0x0c,0xff,0xff,0xff,0xff,0x94,0x00,0x00,0x00,0x00,0x00,0x00,0x00,0x00,0x00,
0x00,0x00,0x04,0x63,0x63,0x63,0x63,0x3b,0x00,0x00,0x00,0x00,0x00,0x00,0x00,0x00,
0x00,0x00,0x00,0x00,0x00,0x00,0x00,0x00,0x00,0x00,0x00,0x00,0x00,0x00,0x00,0x00,
0x00,0x00,0x00,0x00,0x00,0x00,0x00,0x00,0x00,0x00,0x00,0x00,0x00,0x00,0x00,0x00,
0x00,0x00,0x00,0x00,0x00,0x00,0x13,0x5b,0x85,0x52,0x02,0x00,0x00,0x00,0x00,0x00,
0x00,0x00,0x00,0x00,0x00,0x00,0x28,0xee,0xff,0xff,0xff,0xcc,0x02,0x00,0x00,0x00,
0x00,0x00,0x00,0x00,0x00,0x00,0x00,0x9b,0xff,0xff,0xff,0xff,0xff,0x4e,0x00,0x00,
0x00,0x00,0x00,0x00,0x00,0x00,0x00,0x00,0xae,0xff,0xff,0xff,0xff,0xff,0x5d,0x00,
0x00,0x00,0x00,0x00,0x00,0x00,0x00,0x00,0x00,0x96,0xff,0xff,0xff,0xff,0xff,0x4c,
0x00,0x00,0x00,0x00,0x00,0x00,0x00,0x00,0x00,0x00,0x1f,0xe5,0xff,0xff,0xff,0xbd,
0x00,0x00,0x00,0x00,0x00,0x00,0x00,0x00,0x00,0x00,0x00,0x00,0x08,0x55,0x61,0x44,
0x00,0x00,0x00,0x00,0x00,0x00,0x00,0x00,0x00,0x00,0x00,0x00,0x00,0x00,0x00,0x00,
0x00,0x00,0x00,0x11,0x50,0x7f,0x9f,0xa7,0xa7,0xa5,0x94,0x59,0x24,0x00,0x00,0x00,
0x00,0x00,0x00,0x00,0x00,0x00,0x00,0x00,0x00,0x00,0x00,0x00,0x00,0x00,0x02,0x5d,
0xbf,0xfc,0xff,0xff,0xff,0xff,0xff,0xff,0xff,0xff,0xff,0xd2,0x6c,0x06,0x00,0x00,
0x00,0x00,0x00,0x00,0x00,0x00,0x00,0x00,0x00,0x00,0x00,0x4c,0xda,0xff,0xff,0xff,
0xff,0xff,0xff,0xff,0xff,0xff,0xff,0xff,0xff,0xff,0xff,0xdf,0x44,0x00,0x00,0x00,
0x00,0x00,0x00,0x00,0x00,0x00,0x00,0x04,0x9b,0xff,0xff,0xff,0xff,0xff,0xff,0xd6,
0xae,0xa3,0xa1,0xa7,0xcc,0xfc,0xff,0xff,0xff,0xff,0xff,0x79,0x00,0x00,0x00,0x00,
0x00,0x00,0x00,0x00,0x08,0xbb,0xff,0xff,0xff,0xff,0xd6,0x66,0x0e,0x00,0x00,0x00,
0x00,0x00,0x00,0x11,0x72,0xe7,0xff,0xff,0xff,0xff,0x77,0x00,0x00,0x00,0x00,0x00,
0x00,0x00,0xac,0xff,0xff,0xff,0xfa,0x72,0x00,0x00,0x00,0x00,0x00,0x00,0x00,0x00,
0x00,0x00,0x00,0x0e,0xaa,0xff,0xff,0xff,0xff,0x41,0x00,0x00,0x00,0x00,0x00,0x6e,
0xff,0xff,0xff,0xf0,0x3b,0x00,0x00,0x00,0x00,0x00,0x00,0x00,0x00,0x00,0x00,0x00,
0x00,0x00,0x00,0xa5,0xff,0xff,0xff,0xdd,0x02,0x00,0x00,0x00,0x1d,0xf6,0xff,0xff,
0xff,0x41,0x00,0x00,0x00,0x0c,0x6e,0xb6,0xf2,0xfc,0xfc,0xf4,0xd2,0xa7,0x7d,0x41,
0x02,0x06,0xd6,0xff,0xff,0xff,0x63,0x00,0x00,0x00,0x96,0xff,0xff,0xff,0x88,0x00,
0x00,0x00,0x50,0xe7,0xff,0xff,0xff,0xff,0xff,0xff,0xff,0xff,0xff,0xff,0x44,0x00,
0x4c,0xff,0xff,0xff,0xc3,0x00,0x00,0x11,0xfa,0xff,0xff,0xf0,0x0e,0x00,0x00,0x68,
0xff,0xff,0xff,0xff,0xff,0xff,0xff,0xff,0xff,0xff,0xff,0xff,0x33,0x00,0x00,0xe3,
0xff,0xff,0xfc,0x08,0x00,0x66,0xff,0xff,0xff,0x8e,0x00,0x00,0x39,0xff,0xff,0xff,
0xff,0xd4,0x66,0x46,0x44,0x4c,0xf2,0xff,0xff,0xff,0x0c,0x00,0x00,0xa3,0xff,0xff,
0xff,0x4a,0x00,0xac,0xff,0xff,0xff,0x39,0x00,0x00,0xc9,0xff,0xff,0xff,0xbf,0x08,
0x00,0x00,0x00,0x00,0xf0,0xff,0xff,0xff,0x06,0x00,0x00,0x6a,0xff,0xff,0xff,0x5b,
0x00,0xeb,0xff,0xff,0xf8,0x02,0x00,0x28,0xff,0xff,0xff,0xfc,0x1b,0x00,0x00,0x00,
0x00,0x00,0xf8,0xff,0xff,0xff,0x00,0x00,0x00,0x59,0xff,0xff,0xff,0x63,0x06,0xff,
0xff,0xff,0xd0,0x00,0x00,0x5d,0xff,0xff,0xff,0xb4,0x00,0x00,0x00,0x00,0x00,0x00,
0xff,0xff,0xff,0xf8,0x00,0x00,0x00,0x57,0xff,0xff,0xff,0x63,0x1d,0xff,0xff,0xff,
0xb0,0x00,0x00,0x94,0xff,0xff,0xff,0x96,0x00,0x00,0x00,0x00,0x00,0x08,0xff,0xff,
0xff,0xf2,0x00,0x00,0x00,0x5d,0xff,0xff,0xff,0x5b,0x44,0xff,0xff,0xff,0xaa,0x00,
0x00,0x9b,0xff,0xff,0xff,0x72,0x00,0x00,0x00,0x00,0x00,0x35,0xff,0xff,0xff,0xeb,
0x00,0x00,0x00,0x85,0xff,0xff,0xff,0x4a,0x37,0xff,0xff,0xff,0xae,0x00,0x00,0x79,
0xff,0xff,0xff,0x9b,0x00,0x00,0x00,0x00,0x00,0x70,0xff,0xff,0xff,0xeb,0x00,0x00,
0x00,0xb4,0xff,0xff,0xfc,0x08,0x0c,0xff,0xff,0xff,0xbf,0x00,0x00,0x4c,0xff,0xff,
0xff,0xdd,0x02,0x00,0x00,0x00,0x00,0xd2,0xff,0xff,0xff,0xf2,0x00,0x00,0x17,0xfc,
0xff,0xff,0xbf,0x00,0x00,0xfa,0xff,0xff,0xf6,0x00,0x00,0x04,0xe9,0xff,0xff,0xff,
0xac,0x1d,0x00,0x17,0xa1,0xff,0xff,0xff,0xff,0xff,0x4a,0x08,0xb0,0xff,0xff,0xff,
0x50,0x00,0x00,0xc7,0xff,0xff,0xff,0x35,0x00,0x00,0x66,0xff,0xff,0xff,0xff,0xff,
0xfa,0xff,0xff,0xff,0xff,0xfc,0xff,0xff,0xff,0xfc,0xff,0xff,0xff,0xbf,0x00,0x00,
0x00,0x83,0xff,0xff,0xff,0x8c,0x00,0x00,0x00,0x94,0xff,0xff,0xff,0xff,0xff,0xff,
0xff,0xff,0x61,0x70,0xff,0xff,0xff,0xff,0xff,0xff,0xda,0x17,0x00,0x00,0x00,0x28,
0xff,0xff,0xff,0xf4,0x19,0x00,0x00,0x00,0x55,0xc9,0xff,0xff,0xff,0xff,0xc3,0x37,
0x00,0x00,0x72,0xf0,0xff,0xff,0xfa,0x9b,0x11,0x00,0x00,0x00,0x00,0x00,0xb6,0xff,
0xff,0xff,0xbf,0x02,0x00,0x00,0x00,0x00,0x06,0x37,0x3f,0x08,0x00,0x00,0x00,0x00,
0x00,0x02,0x33,0x37,0x04,0x00,0x00,0x00,0x00,0x00,0x00,0x00,0x28,0xf8,0xff,0xff,
0xff,0xb2,0x0c,0x00,0x00,0x00,0x00,0x00,0x00,0x00,0x00,0x00,0x00,0x00,0x00,0x00,
0x00,0x00,0x00,0x00,0x00,0x00,0x00,0x00,0x00,0x00,0x00,0x61,0xff,0xff,0xff,0xff,
0xdf,0x61,0x02,0x00,0x00,0x00,0x00,0x00,0x00,0x00,0x00,0x00,0x0e,0x52,0xa5,0x44,
0x00,0x00,0x00,0x00,0x00,0x00,0x00,0x00,0x00,0x00,0x77,0xff,0xff,0xff,0xff,0xff,
0xf4,0xaa,0x79,0x59,0x50,0x50,0x5b,0x83,0xa7,0xd6,0xfc,0xff,0xff,0x4a,0x00,0x00,
0x00,0x00,0x00,0x00,0x00,0x00,0x00,0x00,0x00,0x4c,0xe7,0xff,0xff,0xff,0xff,0xff,
0xff,0xff,0xff,0xff,0xff,0xff,0xff,0xff,0xff,0xff,0xff,0x4a,0x00,0x00,0x00,0x00,
0x00,0x00,0x00,0x00,0x00,0x00,0x00,0x00,0x0e,0x81,0xe9,0xff,0xff,0xff,0xff,0xff,
0xff,0xff,0xff,0xff,0xff,0xff,0xff,0xfc,0xb6,0x22,0x00,0x00,0x00,0x00,0x00,0x00,
0x00,0x00,0x00,0x00,0x00,0x00,0x00,0x00,0x02,0x46,0x8a,0xb2,0xeb,0xfa,0xff,0xff,
0xfa,0xe9,0xb0,0x92,0x52,0x0e,0x00,0x00,0x00,0x00,0x00,0x00,0x00,0x00,0x00,0x00,
0x00,0x00,0x00,0x00,0x00,0x00,0x0a,0xbb,0xbb,0xbb,0xbb,0xbb,0xbb,0xa3,0x00,0x00,
0x00,0x00,0x00,0x00,0x00,0x00,0x00,0x00,0x00,0x00,0x00,0x00,0x00,0x00,0x00,0x5f,
0xff,0xff,0xff,0xff,0xff,0xff,0xff,0x2c,0x00,0x00,0x00,0x00,0x00,0x00,0x00,0x00,
0x00,0x00,0x00,0x00,0x00,0x00,0x00,0x00,0xbb,0xff,0xff,0xff,0xff,0xff,0xff,0xff,
0x85,0x00,0x00,0x00,0x00,0x00,0x00,0x00,0x00,0x00,0x00,0x00,0x00,0x00,0x00,0x00,
0x15,0xfc,0xff,0xff,0xff,0xff,0xff,0xff,0xff,0xe1,0x00,0x00,0x00,0x00,0x00,0x00,
0x00,0x00,0x00,0x00,0x00,0x00,0x00,0x00,0x00,0x6e,0xff,0xff,0xff,0xff,0xd2,0xff,
0xff,0xff,0xff,0x3d,0x00,0x00,0x00,0x00,0x00,0x00,0x00,0x00,0x00,0x00,0x00,0x00,
0x00,0x00,0xc5,0xff,0xff,0xff,0xfc,0x44,0xff,0xff,0xff,0xff,0x96,0x00,0x00,0x00,
0x00,0x00,0x00,0x00,0x00,0x00,0x00,0x00,0x00,0x00,0x22,0xff,0xff,0xff,0xff,0xc1,
0x00,0xe9,0xff,0xff,0xff,0xee,0x02,0x00,0x00,0x00,0x00,0x00,0x00,0x00,0x00,0x00,
0x00,0x00,0x00,0x7b,0xff,0xff,0xff,0xff,0x79,0x00,0x9b,0xff,0xff,0xff,0xff,0x4a,
0x00,0x00,0x00,0x00,0x00,0x00,0x00,0x00,0x00,0x00,0x00,0x00,0xd4,0xff,0xff,0xff,
0xff,0x30,0x00,0x4e,0xff,0xff,0xff,0xff,0xa3,0x00,0x00,0x00,0x00,0x00,0x00,0x00,
0x00,0x00,0x00,0x00,0x2e,0xff,0xff,0xff,0xff,0xdd,0x00,0x00,0x04,0xfa,0xff,0xff,
0xff,0xfa,0x06,0x00,0x00,0x00,0x00,0x00,0x00,0x00,0x00,0x00,0x00,0x88,0xff,0xff,
0xff,0xff,0x90,0x00,0x00,0x00,0xae,0xff,0xff,0xff,0xff,0x5b,0x00,0x00,0x00,0x00,
0x00,0x00,0x00,0x00,0x00,0x00,0xe1,0xff,0xff,0xff,0xff,0x44,0x00,0x00,0x00,0x5d,
0xff,0xff,0xff,0xff,0xb6,0x00,0x00,0x00,0x00,0x00,0x00,0x00,0x00,0x00,0x3b,0xff,
0xff,0xff,0xff,0xf4,0x02,0x00,0x00,0x00,0x11,0xfc,0xff,0xff,0xff,0xfc,0x13,0x00,
0x00,0x00,0x00,0x00,0x00,0x00,0x00,0x96,0xff,0xff,0xff,0xff,0xa5,0x00,0x00,0x00,
0x00,0x00,0xbf,0xff,0xff,0xff,0xff,0x6a,0x00,0x00,0x00,0x00,0x00,0x00,0x00,0x02,
0xeb,0xff,0xff,0xff,0xff,0x55,0x00,0x00,0x00,0x00,0x00,0x72,0xff,0xff,0xff,0xff,
0xc5,0x00,0x00,0x00,0x00,0x00,0x00,0x00,0x4a,0xff,0xff,0xff,0xff,0xff,0xb0,0xa7,
0xa7,0xa7,0xa7,0xa7,0xc1,0xff,0xff,0xff,0xff,0xff,0x1f,0x00,0x00,0x00,0x00,0x00,
0x00,0xa1,0xff,0xff,0xff,0xff,0xff,0xff,0xff,0xff,0xff,0xff,0xff,0xff,0xff,0xff,
0xff,0xff,0xff,0x79,0x00,0x00,0x00,0x00,0x00,0x04,0xf8,0xff,0xff,0xff,0xff,0xff,
0xff,0xff,0xff,0xff,0xff,0xff,0xff,0xff,0xff,0xff,0xff,0xff,0xd2,0x00,0x00,0x00,
0x00,0x00,0x59,0xff,0xff,0xff,0xff,0xff,0xff,0xff,0xff,0xff,0xff,0xff,0xff,0xff,
0xff,0xff,0xff,0xff,0xff,0xff,0x2c,0x00,0x00,0x00,0x00,0xb2,0xff,0xff,0xff,0xff,
0xf8,0xeb,0xeb,0xeb,0xeb,0xeb,0xeb,0xeb,0xeb,0xeb,0xff,0xff,0xff,0xff,0xff,0x88,
0x00,0x00,0x00,0x11,0xfc,0xff,0xff,0xff,0xff,0x85,0x00,0x00,0x00,0x00,0x00,0x00,
0x00,0x00,0x00,0xb0,0xff,0xff,0xff,0xff,0xe3,0x00,0x00,0x00,0x68,0xff,0xff,0xff,
0xff,0xff,0x39,0x00,0x00,0x00,0x00,0x00,0x00,0x00,0x00,0x00,0x63,0xff,0xff,0xff,
0xff,0xff,0x3d,0x00,0x00,0xbf,0xff,0xff,0xff,0xff,0xeb,0x00,0x00,0x00,0x00,0x00,
0x00,0x00,0x00,0x00,0x00,0x17,0xff,0xff,0xff,0xff,0xff,0x96,0x00,0x1d,0xff,0xff,
0xff,0xff,0xff,0x9f,0x00,0x00,0x00,0x00,0x00,0x00,0x00,0x00,0x00,0x00,0x00,0xc7,
0xff,0xff,0xff,0xff,0xee,0x02,0x74,0xff,0xff,0xff,0xff,0xff,0x50,0x00,0x00,0x00,
0x00,0x00,0x00,0x00,0x00,0x00,0x00,0x00,0x77,0xff,0xff,0xff,0xff,0xff,0x4c,0xd0,
0xff,0xff,0xff,0xff,0xfa,0x06,0x00,0x00,0x00,0x00,0x00,0x00,0x00,0x00,0x00,0x00,
0x00,0x28,0xff,0xff,0xff,0xff,0xff,0xa3,0x7b,0xae,0xae,0xae,0xae,0xae,0xae,0xae,
0xaa,0xa7,0x9f,0x8a,0x57,0x2a,0x00,0x00,0x00,0x00,0x00,0x00,0xb4,0xff,0xff,0xff,
0xff,0xff,0xff,0xff,0xff,0xff,0xff,0xff,0xff,0xff,0xdf,0x7d,0x0a,0x00,0x00,0x00,
0xb4,0xff,0xff,0xff,0xff,0xff,0xff,0xff,0xff,0xff,0xff,0xff,0xff,0xff,0xff,0xff,
0xdf,0x1d,0x00,0x00,0xb4,0xff,0xff,0xff,0xff,0xff,0xff,0xff,0xff,0xff,0xff,0xff,
0xff,0xff,0xff,0xff,0xff,0xd0,0x00,0x00,0xb4,0xff,0xff,0xff,0xff,0xe5,0xb4,0xb4,
0xb4,0xb8,0xf2,0xff,0xff,0xff,0xff,0xff,0xff,0xff,0x44,0x00,0xb4,0xff,0xff,0xff,
0xff,0xa7,0x00,0x00,0x00,0x00,0x00,0x2a,0xc5,0xff,0xff,0xff,0xff,0xff,0x85,0x00,
0xb4,0xff,0xff,0xff,0xff,0xa7,0x00,0x00,0x00,0x00,0x00,0x00,0x1d,0xff,0xff,0xff,
0xff,0xff,0xa1,0x00,0xb4,0xff,0xff,0xff,0xff,0xa7,0x00,0x00,0x00,0x00,0x00,0x00,
0x00,0xf6,0xff,0xff,0xff,0xff,0x9f,0x00,0xb4,0xff,0xff,0xff,0xff,0xa7,0x00,0x00,
0x00,0x00,0x00,0x00,0x0e,0xff,0xff,0xff,0xff,0xff,0x70,0x00,0xb4,0xff,0xff,0xff,
0xff,0xa7,0x00,0x00,0x00,0x00,0x00,0x00,0x9f,0xff,0xff,0xff,0xff,0xff,0x24,0x00,
0xb4,0xff,0xff,0xff,0xff,0xda,0x94,0x94,0x94,0x94,0xa1,0xdf,0xff,0xff,0xff,0xff,
0xff,0x96,0x00,0x00,0xb4,0xff,0xff,0xff,0xff,0xff,0xff,0xff,0xff,0xff,0xff,0xff,
0xff,0xff,0xff,0xff,0x96,0x04,0x00,0x00,0xb4,0xff,0xff,0xff,0xff,0xff,0xff,0xff,
0xff,0xff,0xff,0xff,0xff,0xff,0xe3,0x57,0x00,0x00,0x00,0x00,0xb4,0xff,0xff,0xff,
0xff,0xff,0xff,0xff,0xff,0xff,0xff,0xff,0xff,0xff,0xff,0xff,0xcc,0x30,0x00,0x00,
0xb4,0xff,0xff,0xff,0xff,0xe5,0xb4,0xb4,0xb4,0xbb,0xe9,0xff,0xff,0xff,0xff,0xff,
0xff,0xf2,0x28,0x00,0xb4,0xff,0xff,0xff,0xff,0xa7,0x00,0x00,0x00,0x00,0x00,0x15,
0x94,0xff,0xff,0xff,0xff,0xff,0xbb,0x00,0xb4,0xff,0xff,0xff,0xff,0xa7,0x00,0x00,
0x00,0x00,0x00,0x00,0x00,0xbb,0xff,0xff,0xff,0xff,0xff,0x08,0xb4,0xff,0xff,0xff,
0xff,0xa7,0x00,0x00,0x00,0x00,0x00,0x00,0x00,0x5d,0xff,0xff,0xff,0xff,0xff,0x46,
0xb4,0xff,0xff,0xff,0xff,0xa7,0x00,0x00,0x00,0x00,0x00,0x00,0x00,0x5d,0xff,0xff,
0xff,0xff,0xff,0x4a,0xb4,0xff,0xff,0xff,0xff,0xa7,0x00,0x00,0x00,0x00,0x00,0x00,
0x00,0xa5,0xff,0xff,0xff,0xff,0xff,0x41,0xb4,0xff,0xff,0xff,0xff,0xa7,0x00,0x00,
0x00,0x00,0x00,0x00,0x50,0xff,0xff,0xff,0xff,0xff,0xfc,0x04,0xb4,0xff,0xff,0xff,
0xff,0xda,0x94,0x94,0x94,0x94,0x9b,0xc9,0xff,0xff,0xff,0xff,0xff,0xff,0xb0,0x00,
0xb4,0xff,0xff,0xff,0xff,0xff,0xff,0xff,0xff,0xff,0xff,0xff,0xff,0xff,0xff,0xff,
0xff,0xf8,0x2a,0x00,0xb4,0xff,0xff,0xff,0xff,0xff,0xff,0xff,0xff,0xff,0xff,0xff,
0xff,0xff,0xff,0xff,0xf8,0x4e,0x00,0x00,0xb4,0xff,0xff,0xff,0xff,0xff,0xff,0xff,
0xff,0xff,0xff,0xff,0xff,0xff,0xff,0xcc,0x2e,0x00,0x00,0x00,0xb4,0xff,0xff,0xff,
0xff,0xff,0xff,0xff,0xff,0xff,0xfa,0xf2,0xb8,0x90,0x3b,0x00,0x00,0x00,0x00,0x00,
0x00,0x00,0x00,0x00,0x00,0x00,0x00,0x00,0x00,0x00,0x00,0x00,0x02,0x00,0x00,0x00,
0x00,0x00,0x00,0x00,0x00,0x00,0x00,0x00,0x00,0x00,0x00,0x46,0x9b,0xd2,0xf8,0xff,
0xff,0xfa,0xe1,0xaa,0x68,0x1d,0x00,0x00,0x00,0x00,0x00,0x00,0x00,0x4a,0xda,0xff,
0xff,0xff,0xff,0xff,0xff,0xff,0xff,0xff,0xff,0xff,0xbf,0x3d,0x00,0x00,0x00,0x00,
0x92,0xff,0xff,0xff,0xff,0xff,0xff,0xff,0xff,0xff,0xff,0xff,0xff,0xff,0xff,0x5b,
0x00,0x00,0x00,0xa3,0xff,0xff,0xff,0xff,0xff,0xff,0xff,0xff,0xff,0xff,0xff,0xff,
0xff,0xff,0xeb,0x02,0x00,0x00,0x6e,0xff,0xff,0xff,0xff,0xff,0xff,0xf4,0xa7,0x7b,
0x6a,0x9d,0xcc,0xff,0xff,0xff,0x8a,0x00,0x00,0x1b,0xf6,0xff,0xff,0xff,0xff,0xff,
0x9d,0x0c,0x00,0x00,0x00,0x00,0x00,0x24,0x85,0xe9,0x26,0x00,0x00,0x90,0xff,0xff,
0xff,0xff,0xff,0x94,0x00,0x00,0x00,0x00,0x00,0x00,0x00,0x00,0x00,0x04,0x00,0x00,
0x04,0xf4,0xff,0xff,0xff,0xff,0xe3,0x08,0x00,0x00,0x00,0x00,0x00,0x00,0x00,0x00,
0x00,0x00,0x00,0x00,0x4e,0xff,0xff,0xff,0xff,0xff,0x77,0x00,0x00,0x00,0x00,0x00,
0x00,0x00,0x00,0x00,0x00,0x00,0x00,0x00,0x8c,0xff,0xff,0xff,0xff,0xff,0x1f,0x00,
0x00,0x00,0x00,0x00,0x00,0x00,0x00,0x00,0x00,0x00,0x00,0x00,0xae,0xff,0xff,0xff,
0xff,0xf2,0x00,0x00,0x00,0x00,0x00,0x00,0x00,0x00,0x00,0x00,0x00,0x00,0x00,0x00,
0xd0,0xff,0xff,0xff,0xff,0xbb,0x00,0x00,0x00,0x00,0x00,0x00,0x00,0x00,0x00,0x00,
0x00,0x00,0x00,0x00,0xee,0xff,0xff,0xff,0xff,0xae,0x00,0x00,0x00,0x00,0x00,0x00,
0x00,0x00,0x00,0x00,0x00,0x00,0x00,0x00,0xf0,0xff,0xff,0xff,0xff,0xae,0x00,0x00,
0x00,0x00,0x00,0x00,0x00,0x00,0x00,0x00,0x00,0x00,0x00,0x00,0xe9,0xff,0xff,0xff,
0xff,0xb2,0x00,0x00,0x00,0x00,0x00,0x00,0x00,0x00,0x00,0x00,0x00,0x00,0x00,0x00,
0xb6,0xff,0xff,0xff,0xff,0xd4,0x00,0x00,0x00,0x00,0x00,0x00,0x00,0x00,0x00,0x00,
0x00,0x00,0x00,0x00,0xa7,0xff,0xff,0xff,0xff,0xfa,0x02,0x00,0x00,0x00,0x00,0x00,
0x00,0x00,0x00,0x00,0x00,0x00,0x00,0x00,0x72,0xff,0xff,0xff,0xff,0xff,0x44,0x00,
0x00,0x00,0x00,0x00,0x00,0x00,0x00,0x00,0x00,0x00,0x00,0x00,0x37,0xff,0xff,0xff,
0xff,0xff,0x9f,0x00,0x00,0x00,0x00,0x00,0x00,0x00,0x00,0x00,0x00,0x00,0x00,0x00,
0x00,0xe3,0xff,0xff,0xff,0xff,0xfc,0x2e,0x00,0x00,0x00,0x00,0x00,0x00,0x00,0x00,
0x00,0x00,0x00,0x00,0x00,0x7f,0xff,0xff,0xff,0xff,0xff,0xe5,0x2c,0x00,0x00,0x00,
0x00,0x00,0x00,0x00,0x00,0x22,0x44,0x00,0x00,0x0c,0xe9,0xff,0xff,0xff,0xff,0xff,
0xfc,0x9b,0x52,0x41,0x3d,0x46,0x57,0x99,0xd4,0xff,0xae,0x00,0x00,0x00,0x4e,0xff,
0xff,0xff,0xff,0xff,0xff,0xff,0xff,0xff,0xff,0xff,0xff,0xff,0xff,0xff,0xae,0x00,
0x00,0x00,0x00,0x66,0xff,0xff,0xff,0xff,0xff,0xff,0xff,0xff,0xff,0xff,0xff,0xff,
0xff,0xff,0xae,0x00,0x00,0x00,0x00,0x00,0x46,0xe5,0xff,0xff,0xff,0xff,0xff,0xff,
0xff,0xff,0xff,0xff,0xff,0xff,0xae,0x00,0x00,0x00,0x00,0x00,0x00,0x08,0x6e,0xc7,
0xfc,0xff,0xff,0xff,0xff,0xff,0xff,0xfa,0xbd,0x72,0x19,0x00,0x00,0x00,0x00,0x00,
0x00,0x00,0x00,0x00,0x04,0x3d,0x4e,0x50,0x50,0x4a,0x28,0x02,0x00,0x00,0x00,0x00,
0x7b,0xae,0xae,0xae,0xae,0xae,0xae,0xae,0xaa,0xa5,0x9b,0x68,0x41,0x02,0x00,0x00,
0x00,0x00,0x00,0x00,0x00,0x00,0xb4,0xff,0xff,0xff,0xff,0xff,0xff,0xff,0xff,0xff,
0xff,0xff,0xff,0xf2,0x96,0x28,0x00,0x00,0x00,0x00,0x00,0x00,0xb4,0xff,0xff,0xff,
0xff,0xff,0xff,0xff,0xff,0xff,0xff,0xff,0xff,0xff,0xff,0xfc,0x8e,0x08,0x00,0x00,
0x00,0x00,0xb4,0xff,0xff,0xff,0xff,0xff,0xff,0xff,0xff,0xff,0xff,0xff,0xff,0xff,
0xff,0xff,0xff,0xcc,0x15,0x00,0x00,0x00,0xb4,0xff,0xff,0xff,0xff,0xe5,0xb4,0xb4,
0xb4,0xc1,0xf4,0xff,0xff,0xff,0xff,0xff,0xff,0xff,0xcc,0x08,0x00,0x00,0xb4,0xff,
0xff,0xff,0xff,0xa7,0x00,0x00,0x00,0x00,0x00,0x2e,0x9b,0xff,0xff,0xff,0xff,0xff,
0xff,0x96,0x00,0x00,0xb4,0xff,0xff,0xff,0xff,0xa7,0x00,0x00,0x00,0x00,0x00,0x00,
0x00,0x48,0xf6,0xff,0xff,0xff,0xff,0xff,0x2a,0x00,0xb4,0xff,0xff,0xff,0xff,0xa7,
0x00,0x00,0x00,0x00,0x00,0x00,0x00,0x00,0x68,0xff,0xff,0xff,0xff,0xff,0x9b,0x00,
0xb4,0xff,0xff,0xff,0xff,0xa7,0x00,0x00,0x00,0x00,0x00,0x00,0x00,0x00,0x00,0xda,
0xff,0xff,0xff,0xff,0xf4,0x02,0xb4,0xff,0xff,0xff,0xff,0xa7,0x00,0x00,0x00,0x00,
0x00,0x00,0x00,0x00,0x00,0x81,0xff,0xff,0xff,0xff,0xff,0x37,0xb4,0xff,0xff,0xff,
0xff,0xa7,0x00,0x00,0x00,0x00,0x00,0x00,0x00,0x00,0x00,0x4e,0xff,0xff,0xff,0xff,
0xff,0x57,0xb4,0xff,0xff,0xff,0xff,0xa7,0x00,0x00,0x00,0x00,0x00,0x00,0x00,0x00,
0x00,0x26,0xff,0xff,0xff,0xff,0xff,0x79,0xb4,0xff,0xff,0xff,0xff,0xa7,0x00,0x00,
0x00,0x00,0x00,0x00,0x00,0x00,0x00,0x0c,0xff,0xff,0xff,0xff,0xff,0x94,0xb4,0xff,
0xff,0xff,0xff,0xa7,0x00,0x00,0x00,0x00,0x00,0x00,0x00,0x00,0x00,0x0a,0xff,0xff,
0xff,0xff,0xff,0x94,0xb4,0xff,0xff,0xff,0xff,0xa7,0x00,0x00,0x00,0x00,0x00,0x00,
0x00,0x00,0x00,0x26,0xff,0xff,0xff,0xff,0xff,0x74,0xb4,0xff,0xff,0xff,0xff,0xa7,
0x00,0x00,0x00,0x00,0x00,0x00,0x00,0x00,0x00,0x50,0xff,0xff,0xff,0xff,0xff,0x57,
0xb4,0xff,0xff,0xff,0xff,0xa7,0x00,0x00,0x00,0x00,0x00,0x00,0x00,0x00,0x00,0x81,
0xff,0xff,0xff,0xff,0xff,0x37,0xb4,0xff,0xff,0xff,0xff,0xa7,0x00,0x00,0x00,0x00,
0x00,0x00,0x00,0x00,0x00,0xda,0xff,0xff,0xff,0xff,0xf4,0x02,0xb4,0xff,0xff,0xff,
0xff,0xa7,0x00,0x00,0x00,0x00,0x00,0x00,0x00,0x00,0x63,0xff,0xff,0xff,0xff,0xff,
0x9f,0x00,0xb4,0xff,0xff,0xff,0xff,0xa7,0x00,0x00,0x00,0x00,0x00,0x00,0x00,0x3b,
0xf2,0xff,0xff,0xff,0xff,0xff,0x35,0x00,0xb4,0xff,0xff,0xff,0xff,0xa7,0x00,0x00,
0x00,0x00,0x00,0x0e,0x7d,0xf8,0xff,0xff,0xff,0xff,0xff,0xa7,0x00,0x00,0xb4,0xff,
0xff,0xff,0xff,0xda,0x94,0x94,0x94,0x9b,0xbb,0xfa,0xff,0xff,0xff,0xff,0xff,0xff,
0xdf,0x13,0x00,0x00,0xb4,0xff,0xff,0xff,0xff,0xff,0xff,0xff,0xff,0xff,0xff,0xff,
0xff,0xff,0xff,0xff,0xff,0xe3,0x22,0x00,0x00,0x00,0xb4,0xff,0xff,0xff,0xff,0xff,
0xff,0xff,0xff,0xff,0xff,0xff,0xff,0xff,0xff,0xff,0xb2,0x15,0x00,0x00,0x00,0x00,
0xb4,0xff,0xff,0xff,0xff,0xff,0xff,0xff,0xff,0xff,0xff,0xff,0xff,0xff,0xc1,0x46,
0x00,0x00,0x00,0x00,0x00,0x00,0xb4,0xff,0xff,0xff,0xff,0xff,0xff,0xff,0xfa,0xf2,
0xc5,0xa5,0x68,0x22,0x00,0x00,0x00,0x00,0x00,0x00,0x00,0x00,0x7b,0xae,0xae,0xae,
0xae,0xae,0xae,0xae,0xae,0xae,0xae,0xae,0xae,0xae,0xae,0xb4,0xff,0xff,0xff,0xff,
0xff,0xff,0xff,0xff,0xff,0xff,0xff,0xff,0xff,0xff,0xb4,0xff,0xff,0xff,0xff,0xff,
0xff,0xff,0xff,0xff,0xff,0xff,0xff,0xff,0xff,0xb4,0xff,0xff,0xff,0xff,0xff,0xff,
0xff,0xff,0xff,0xff,0xff,0xff,0xff,0xff,0xb4,0xff,0xff,0xff,0xff,0xe5,0xb4,0xb4,
0xb4,0xb4,0xb4,0xb4,0xb4,0xb4,0xb4,0xb4,0xff,0xff,0xff,0xff,0xa7,0x00,0x00,0x00,
0x00,0x00,0x00,0x00,0x00,0x00,0xb4,0xff,0xff,0xff,0xff,0xa7,0x00,0x00,0x00,0x00,
0x00,0x00,0x00,0x00,0x00,0xb4,0xff,0xff,0xff,0xff,0xa7,0x00,0x00,0x00,0x00,0x00,
0x00,0x00,0x00,0x00,0xb4,0xff,0xff,0xff,0xff,0xa7,0x00,0x00,0x00,0x00,0x00,0x00,
0x00,0x00,0x00,0xb4,0xff,0xff,0xff,0xff,0xa7,0x00,0x00,0x00,0x00,0x00,0x00,0x00,
0x00,0x00,0xb4,0xff,0xff,0xff,0xff,0xdd,0x9b,0x9b,0x9b,0x9b,0x9b,0x9b,0x9b,0x9b,
0x35,0xb4,0xff,0xff,0xff,0xff,0xff,0xff,0xff,0xff,0xff,0xff,0xff,0xff,0xff,0x57,
0xb4,0xff,0xff,0xff,0xff,0xff,0xff,0xff,0xff,0xff,0xff,0xff,0xff,0xff,0x57,0xb4,
0xff,0xff,0xff,0xff,0xff,0xff,0xff,0xff,0xff,0xff,0xff,0xff,0xff,0x57,0xb4,0xff,
0xff,0xff,0xff,0xf8,0xeb,0xeb,0xeb,0xeb,0xeb,0xeb,0xeb,0xeb,0x50,0xb4,0xff,0xff,
0xff,0xff,0xa7,0x00,0x00,0x00,0x00,0x00,0x00,0x00,0x00,0x00,0xb4,0xff,0xff,0xff,
0xff,0xa7,0x00,0x00,0x00,0x00,0x00,0x00,0x00,0x00,0x00,0xb4,0xff,0xff,0xff,0xff,
0xa7,0x00,0x00,0x00,0x00,0x00,0x00,0x00,0x00,0x00,0xb4,0xff,0xff,0xff,0xff,0xa7,
0x00,0x00,0x00,0x00,0x00,0x00,0x00,0x00,0x00,0xb4,0xff,0xff,0xff,0xff,0xa7,0x00,
0x00,0x00,0x00,0x00,0x00,0x00,0x00,0x00,0xb4,0xff,0xff,0xff,0xff,0xa7,0x00,0x00,
0x00,0x00,0x00,0x00,0x00,0x00,0x00,0xb4,0xff,0xff,0xff,0xff,0xda,0x94,0x94,0x94,
0x94,0x94,0x94,0x94,0x94,0x94,0xb4,0xff,0xff,0xff,0xff,0xff,0xff,0xff,0xff,0xff,
0xff,0xff,0xff,0xff,0xff,0xb4,0xff,0xff,0xff,0xff,0xff,0xff,0xff,0xff,0xff,0xff,
0xff,0xff,0xff,0xff,0xb4,0xff,0xff,0xff,0xff,0xff,0xff,0xff,0xff,0xff,0xff,0xff,
0xff,0xff,0xff,0xb4,0xff,0xff,0xff,0xff,0xff,0xff,0xff,0xff,0xff,0xff,0xff,0xff,
0xff,0xff,0x7b,0xae,0xae,0xae,0xae,0xae,0xae,0xae,0xae,0xae,0xae,0xae,0xae,0xae,
0xaa,0xb4,0xff,0xff,0xff,0xff,0xff,0xff,0xff,0xff,0xff,0xff,0xff,0xff,0xff,0xf8,
0xb4,0xff,0xff,0xff,0xff,0xff,0xff,0xff,0xff,0xff,0xff,0xff,0xff,0xff,0xf8,0xb4,
0xff,0xff,0xff,0xff,0xff,0xff,0xff,0xff,0xff,0xff,0xff,0xff,0xff,0xf8,0xb4,0xff,
0xff,0xff,0xff,0xe3,0xb4,0xb4,0xb4,0xb4,0xb4,0xb4,0xb4,0xb4,0xb0,0xb4,0xff,0xff,
0xff,0xff,0xa1,0x00,0x00,0x00,0x00,0x00,0x00,0x00,0x00,0x00,0xb4,0xff,0xff,0xff,
0xff,0xa1,0x00,0x00,0x00,0x00,0x00,0x00,0x00,0x00,0x00,0xb4,0xff,0xff,0xff,0xff,
0xa1,0x00,0x00,0x00,0x00,0x00,0x00,0x00,0x00,0x00,0xb4,0xff,0xff,0xff,0xff,0xa1,
0x00,0x00,0x00,0x00,0x00,0x00,0x00,0x00,0x00,0xb4,0xff,0xff,0xff,0xff,0xa1,0x00,
0x00,0x00,0x00,0x00,0x00,0x00,0x00,0x00,0xb4,0xff,0xff,0xff,0xff,0xa1,0x00,0x00,
0x00,0x00,0x00,0x00,0x00,0x00,0x00,0xb4,0xff,0xff,0xff,0xff,0xdd,0xa1,0xa1,0xa1,
0xa1,0xa1,0xa1,0xa1,0xa1,0x33,0xb4,0xff,0xff,0xff,0xff,0xff,0xff,0xff,0xff,0xff,
0xff,0xff,0xff,0xff,0x50,0xb4,0xff,0xff,0xff,0xff,0xff,0xff,0xff,0xff,0xff,0xff,
0xff,0xff,0xff,0x50,0xb4,0xff,0xff,0xff,0xff,0xff,0xff,0xff,0xff,0xff,0xff,0xff,
0xff,0xff,0x50,0xb4,0xff,0xff,0xff,0xff,0xf6,0xe5,0xe5,0xe5,0xe5,0xe5,0xe5,0xe5,
0xe5,0x48,0xb4,0xff,0xff,0xff,0xff,0xa1,0x00,0x00,0x00,0x00,0x00,0x00,0x00,0x00,
0x00,0xb4,0xff,0xff,0xff,0xff,0xa1,0x00,0x00,0x00,0x00,0x00,0x00,0x00,0x00,0x00,
0xb4,0xff,0xff,0xff,0xff,0xa1,0x00,0x00,0x00,0x00,0x00,0x00,0x00,0x00,0x00,0xb4,
0xff,0xff,0xff,0xff,0xa1,0x00,0x00,0x00,0x00,0x00,0x00,0x00,0x00,0x00,0xb4,0xff,
0xff,0xff,0xff,0xa1,0x00,0x00,0x00,0x00,0x00,0x00,0x00,0x00,0x00,0xb4,0xff,0xff,
0xff,0xff,0xa1,0x00,0x00,0x00,0x00,0x00,0x00,0x00,0x00,0x00,0xb4,0xff,0xff,0xff,
0xff,0xa1,0x00,0x00,0x00,0x00,0x00,0x00,0x00,0x00,0x00,0xb4,0xff,0xff,0xff,0xff,
0xa1,0x00,0x00,0x00,0x00,0x00,0x00,0x00,0x00,0x00,0xb4,0xff,0xff,0xff,0xff,0xa1,
0x00,0x00,0x00,0x00,0x00,0x00,0x00,0x00,0x00,0xb4,0xff,0xff,0xff,0xff,0xa1,0x00,
0x00,0x00,0x00,0x00,0x00,0x00,0x00,0x00,0x00,0x00,0x00,0x00,0x00,0x00,0x00,0x00,
0x00,0x00,0x00,0x00,0x00,0x02,0x00,0x00,0x00,0x00,0x00,0x00,0x00,0x00,0x00,0x00,
0x00,0x00,0x00,0x00,0x00,0x0e,0x5b,0xa3,0xd2,0xf6,0xff,0xff,0xff,0xf6,0xd0,0xa3,
0x5b,0x19,0x00,0x00,0x00,0x00,0x00,0x00,0x00,0x13,0x90,0xfa,0xff,0xff,0xff,0xff,
0xff,0xff,0xff,0xff,0xff,0xff,0xff,0xfc,0xbd,0x02,0x00,0x00,0x00,0x00,0x4c,0xee,
0xff,0xff,0xff,0xff,0xff,0xff,0xff,0xff,0xff,0xff,0xff,0xff,0xff,0xff,0xb8,0x00,
0x00,0x00,0x00,0x66,0xff,0xff,0xff,0xff,0xff,0xff,0xff,0xff,0xff,0xff,0xff,0xff,
0xff,0xff,0xff,0xff,0x4c,0x00,0x00,0x00,0x4c,0xff,0xff,0xff,0xff,0xff,0xff,0xff,
0xf2,0xaa,0x8a,0x63,0x83,0xa1,0xd0,0xff,0xff,0xe3,0x00,0x00,0x00,0x11,0xe9,0xff,
0xff,0xff,0xff,0xff,0xf6,0x74,0x06,0x00,0x00,0x00,0x00,0x00,0x00,0x1b,0x7b,0x66,
0x00,0x00,0x00,0x83,0xff,0xff,0xff,0xff,0xff,0xee,0x33,0x00,0x00,0x00,0x00,0x00,
0x00,0x00,0x00,0x00,0x00,0x00,0x00,0x00,0x02,0xeb,0xff,0xff,0xff,0xff,0xff,0x48,
0x00,0x00,0x00,0x00,0x00,0x00,0x00,0x00,0x00,0x00,0x00,0x00,0x00,0x00,0x4a,0xff,
0xff,0xff,0xff,0xff,0xb6,0x00,0x00,0x00,0x00,0x00,0x00,0x00,0x00,0x00,0x00,0x00,
0x00,0x00,0x00,0x00,0x8a,0xff,0xff,0xff,0xff,0xff,0x48,0x00,0x00,0x00,0x00,0x00,
0x00,0x00,0x00,0x00,0x00,0x00,0x00,0x00,0x00,0x00,0xae,0xff,0xff,0xff,0xff,0xfa,
0x02,0x00,0x00,0x00,0x00,0x00,0x00,0x00,0x00,0x00,0x00,0x00,0x00,0x00,0x00,0x00,
0xd2,0xff,0xff,0xff,0xff,0xc9,0x00,0x00,0x00,0x00,0x00,0x5d,0x5d,0x5d,0x5d,0x5d,
0x5d,0x5d,0x5d,0x5d,0x5d,0x17,0xee,0xff,0xff,0xff,0xff,0xb0,0x00,0x00,0x00,0x00,
0x00,0xff,0xff,0xff,0xff,0xff,0xff,0xff,0xff,0xff,0xff,0x3d,0xf2,0xff,0xff,0xff,
0xff,0xae,0x00,0x00,0x00,0x00,0x00,0xff,0xff,0xff,0xff,0xff,0xff,0xff,0xff,0xff,
0xff,0x3d,0xeb,0xff,0xff,0xff,0xff,0xb2,0x00,0x00,0x00,0x00,0x00,0xff,0xff,0xff,
0xff,0xff,0xff,0xff,0xff,0xff,0xff,0x3d,0xb6,0xff,0xff,0xff,0xff,0xe1,0x00,0x00,
0x00,0x00,0x00,0xff,0xff,0xff,0xff,0xff,0xff,0xff,0xff,0xff,0xff,0x3d,0xa7,0xff,
0xff,0xff,0xff,0xfc,0x06,0x00,0x00,0x00,0x00,0x06,0x06,0x06,0x06,0x13,0xff,0xff,
0xff,0xff,0xff,0x3d,0x72,0xff,0xff,0xff,0xff,0xff,0x52,0x00,0x00,0x00,0x00,0x00,
0x00,0x00,0x00,0x0c,0xff,0xff,0xff,0xff,0xff,0x3d,0x35,0xff,0xff,0xff,0xff,0xff,
0xbd,0x00,0x00,0x00,0x00,0x00,0x00,0x00,0x00,0x0c,0xff,0xff,0xff,0xff,0xff,0x3d,
0x00,0xdf,0xff,0xff,0xff,0xff,0xff,0x55,0x00,0x00,0x00,0x00,0x00,0x00,0x00,0x0c,
0xff,0xff,0xff,0xff,0xff,0x3d,0x00,0x72,0xff,0xff,0xff,0xff,0xff,0xf6,0x4e,0x00,
0x00,0x00,0x00,0x00,0x00,0x0c,0xff,0xff,0xff,0xff,0xff,0x3d,0x00,0x06,0xdd,0xff,
0xff,0xff,0xff,0xff,0xff,0xb8,0x5d,0x44,0x3d,0x41,0x4c,0x74,0xff,0xff,0xff,0xff,
0xff,0x3d,0x00,0x00,0x37,0xf8,0xff,0xff,0xff,0xff,0xff,0xff,0xff,0xff,0xff,0xff,
0xff,0xff,0xff,0xff,0xff,0xff,0xff,0x3d,0x00,0x00,0x00,0x48,0xf6,0xff,0xff,0xff,
0xff,0xff,0xff,0xff,0xff,0xff,0xff,0xff,0xff,0xff,0xff,0xff,0xff,0x3d,0x00,0x00,
0x00,0x00,0x2c,0xce,0xff,0xff,0xff,0xff,0xff,0xff,0xff,0xff,0xff,0xff,0xff,0xff,
0xff,0xff,0xff,0x39,0x00,0x00,0x00,0x00,0x00,0x00,0x4a,0xae,0xf8,0xff,0xff,0xff,
0xff,0xff,0xff,0xff,0xfc,0xd6,0xa5,0x5f,0x17,0x00,0x00,0x00,0x00,0x00,0x00,0x00,
0x00,0x00,0x00,0x24,0x4c,0x50,0x50,0x4e,0x48,0x24,0x02,0x00,0x00,0x00,0x00,0x00,
0x7b,0xae,0xae,0xae,0xae,0x72,0x00,0x00,0x00,0x00,0x00,0x00,0x00,0x00,0x00,0x08,
0xae,0xae,0xae,0xae,0xae,0x33,0xb4,0xff,0xff,0xff,0xff,0xa7,0x00,0x00,0x00,0x00,
0x00,0x00,0x00,0x00,0x00,0x0c,0xff,0xff,0xff,0xff,0xff,0x4a,0xb4,0xff,0xff,0xff,
0xff,0xa7,0x00,0x00,0x00,0x00,0x00,0x00,0x00,0x00,0x00,0x0c,0xff,0xff,0xff,0xff,
0xff,0x4a,0xb4,0xff,0xff,0xff,0xff,0xa7,0x00,0x00,0x00,0x00,0x00,0x00,0x00,0x00,
0x00,0x0c,0xff,0xff,0xff,0xff,0xff,0x4a,0xb4,0xff,0xff,0xff,0xff,0xa7,0x00,0x00,
0x00,0x00,0x00,0x00,0x00,0x00,0x00,0x0c,0xff,0xff,0xff,0xff,0xff,0x4a,0xb4,0xff,
0xff,0xff,0xff,0xa7,0x00,0x00,0x00,0x00,0x00,0x00,0x00,0x00,0x00,0x0c,0xff,0xff,
0xff,0xff,0xff,0x4a,0xb4,0xff,0xff,0xff,0xff,0xa7,0x00,0x00,0x00,0x00,0x00,0x00,
0x00,0x00,0x00,0x0c,0xff,0xff,0xff,0xff,0xff,0x4a,0xb4,0xff,0xff,0xff,0xff,0xa7,
0x00,0x00,0x00,0x00,0x00,0x00,0x00,0x00,0x00,0x0c,0xff,0xff,0xff,0xff,0xff,0x4a,
0xb4,0xff,0xff,0xff,0xff,0xa7,0x00,0x00,0x00,0x00,0x00,0x00,0x00,0x00,0x00,0x0c,
0xff,0xff,0xff,0xff,0xff,0x4a,0xb4,0xff,0xff,0xff,0xff,0xa7,0x00,0x00,0x00,0x00,
0x00,0x00,0x00,0x00,0x00,0x0c,0xff,0xff,0xff,0xff,0xff,0x4a,0xb4,0xff,0xff,0xff,
0xff,0xdf,0xa1,0xa1,0xa1,0xa1,0xa1,0xa1,0xa1,0xa1,0xa1,0xa5,0xff,0xff,0xff,0xff,
0xff,0x4a,0xb4,0xff,0xff,0xff,0xff,0xff,0xff,0xff,0xff,0xff,0xff,0xff,0xff,0xff,
0xff,0xff,0xff,0xff,0xff,0xff,0xff,0x4a,0xb4,0xff,0xff,0xff,0xff,0xff,0xff,0xff,
0xff,0xff,0xff,0xff,0xff,0xff,0xff,0xff,0xff,0xff,0xff,0xff,0xff,0x4a,0xb4,0xff,
0xff,0xff,0xff,0xff,0xff,0xff,0xff,0xff,0xff,0xff,0xff,0xff,0xff,0xff,0xff,0xff,
0xff,0xff,0xff,0x4a,0xb4,0xff,0xff,0xff,0xff,0xfa,0xf2,0xf2,0xf2,0xf2,0xf2,0xf2,
0xf2,0xf2,0xf2,0xf2,0xff,0xff,0xff,0xff,0xff,0x4a,0xb4,0xff,0xff,0xff,0xff,0xa7,
0x00,0x00,0x00,0x00,0x00,0x00,0x00,0x00,0x00,0x0c,0xff,0xff,0xff,0xff,0xff,0x4a,
0xb4,0xff,0xff,0xff,0xff,0xa7,0x00,0x00,0x00,0x00,0x00,0x00,0x00,0x00,0x00,0x0c,
0xff,0xff,0xff,0xff,0xff,0x4a,0xb4,0xff,0xff,0xff,0xff,0xa7,0x00,0x00,0x00,0x00,
0x00,0x00,0x00,0x00,0x00,0x0c,0xff,0xff,0xff,0xff,0xff,0x4a,0xb4,0xff,0xff,0xff,
0xff,0xa7,0x00,0x00,0x00,0x00,0x00,0x00,0x00,0x00,0x00,0x0c,0xff,0xff,0xff,0xff,
0xff,0x4a,0xb4,0xff,0xff,0xff,0xff,0xa7,0x00,0x00,0x00,0x00,0x00,0x00,0x00,0x00,
0x00,0x0c,0xff,0xff,0xff,0xff,0xff,0x4a,0xb4,0xff,0xff,0xff,0xff,0xa7,0x00,0x00,
0x00,0x00,0x00,0x00,0x00,0x00,0x00,0x0c,0xff,0xff,0xff,0xff,0xff,0x4a,0xb4,0xff,
0xff,0xff,0xff,0xa7,0x00,0x00,0x00,0x00,0x00,0x00,0x00,0x00,0x00,0x0c,0xff,0xff,
0xff,0xff,0xff,0x4a,0xb4,0xff,0xff,0xff,0xff,0xa7,0x00,0x00,0x00,0x00,0x00,0x00,
0x00,0x00,0x00,0x0c,0xff,0xff,0xff,0xff,0xff,0x4a,0xb4,0xff,0xff,0xff,0xff,0xa7,
0x00,0x00,0x00,0x00,0x00,0x00,0x00,0x00,0x00,0x0c,0xff,0xff,0xff,0xff,0xff,0x4a,
0xb4,0xff,0xff,0xff,0xff,0xa7,0x00,0x00,0x00,0x00,0x00,0x00,0x00,0x00,0x00,0x0c,
0xff,0xff,0xff,0xff,0xff,0x4a,0xb4,0xff,0xff,0xff,0xff,0xa7,0x00,0x00,0x00,0x00,
0x00,0x00,0x00,0x00,0x00,0x0c,0xff,0xff,0xff,0xff,0xff,0x4a,0x9d,0xae,0xae,0xae,
0xae,0xae,0xae,0xae,0xae,0xae,0xae,0xa1,0xe5,0xff,0xff,0xff,0xff,0xff,0xff,0xff,
0xff,0xff,0xff,0xeb,0xe5,0xff,0xff,0xff,0xff,0xff,0xff,0xff,0xff,0xff,0xff,0xeb,
0x7f,0xf2,0xff,0xff,0xff,0xff,0xff,0xff,0xff,0xff,0xf2,0x83,0x00,0x0c,0x74,0xe7,
0xff,0xff,0xff,0xff,0xe7,0x74,0x0c,0x00,0x00,0x00,0x00,0xae,0xff,0xff,0xff,0xff,
0xae,0x00,0x00,0x00,0x00,0x00,0x00,0xae,0xff,0xff,0xff,0xff,0xae,0x00,0x00,0x00,
0x00,0x00,0x00,0xae,0xff,0xff,0xff,0xff,0xae,0x00,0x00,0x00,0x00,0x00,0x00,0xae,
0xff,0xff,0xff,0xff,0xae,0x00,0x00,0x00,0x00,0x00,0x00,0xae,0xff,0xff,0xff,0xff,
0xae,0x00,0x00,0x00,0x00,0x00,0x00,0xae,0xff,0xff,0xff,0xff,0xae,0x00,0x00,0x00,
0x00,0x00,0x00,0xae,0xff,0xff,0xff,0xff,0xae,0x00,0x00,0x00,0x00,0x00,0x00,0xae,
0xff,0xff,0xff,0xff,0xae,0x00,0x00,0x00,0x00,0x00,0x00,0xae,0xff,0xff,0xff,0xff,
0xae,0x00,0x00,0x00,0x00,0x00,0x00,0xae,0xff,0xff,0xff,0xff,0xae,0x00,0x00,0x00,
0x00,0x00,0x00,0xae,0xff,0xff,0xff,0xff,0xae,0x00,0x00,0x00,0x00,0x00,0x00,0xae,
0xff,0xff,0xff,0xff,0xae,0x00,0x00,0x00,0x00,0x00,0x00,0xae,0xff,0xff,0xff,0xff,
0xae,0x00,0x00,0x00,0x00,0x00,0x00,0xae,0xff,0xff,0xff,0xff,0xae,0x00,0x00,0x00,
0x00,0x00,0x00,0xae,0xff,0xff,0xff,0xff,0xae,0x00,0x00,0x00,0x00,0x00,0x00,0xae,
0xff,0xff,0xff,0xff,0xae,0x00,0x00,0x00,0x00,0x00,0x28,0xd0,0xff,0xff,0xff,0xff,
0xd0,0x28,0x00,0x00,0x3b,0xb4,0xff,0xff,0xff,0xff,0xff,0xff,0xff,0xff,0xb6,0x3d,
0xe5,0xff,0xff,0xff,0xff,0xff,0xff,0xff,0xff,0xff,0xff,0xeb,0xe5,0xff,0xff,0xff,
0xff,0xff,0xff,0xff,0xff,0xff,0xff,0xeb,0xe5,0xff,0xff,0xff,0xff,0xff,0xff,0xff,
0xff,0xff,0xff,0xeb,0x00,0x00,0x00,0x00,0x00,0x00,0x7b,0xae,0xae,0xae,0xae,0x72,
0x00,0x00,0x00,0x00,0x00,0x00,0xb4,0xff,0xff,0xff,0xff,0xa7,0x00,0x00,0x00,0x00,
0x00,0x00,0xb4,0xff,0xff,0xff,0xff,0xa7,0x00,0x00,0x00,0x00,0x00,0x00,0xb4,0xff,
0xff,0xff,0xff,0xa7,0x00,0x00,0x00,0x00,0x00,0x00,0xb4,0xff,0xff,0xff,0xff,0xa7,
0x00,0x00,0x00,0x00,0x00,0x00,0xb4,0xff,0xff,0xff,0xff,0xa7,0x00,0x00,0x00,0x00,
0x00,0x00,0xb4,0xff,0xff,0xff,0xff,0xa7,0x00,0x00,0x00,0x00,0x00,0x00,0xb4,0xff,
0xff,0xff,0xff,0xa7,0x00,0x00,0x00,0x00,0x00,0x00,0xb4,0xff,0xff,0xff,0xff,0xa7,
0x00,0x00,0x00,0x00,0x00,0x00,0xb4,0xff,0xff,0xff,0xff,0xa7,0x00,0x00,0x00,0x00,
0x00,0x00,0xb4,0xff,0xff,0xff,0xff,0xa7,0x00,0x00,0x00,0x00,0x00,0x00,0xb4,0xff,
0xff,0xff,0xff,0xa7,0x00,0x00,0x00,0x00,0x00,0x00,0xb4,0xff,0xff,0xff,0xff,0xa7,
0x00,0x00,0x00,0x00,0x00,0x00,0xb4,0xff,0xff,0xff,0xff,0xa7,0x00,0x00,0x00,0x00,
0x00,0x00,0xb4,0xff,0xff,0xff,0xff,0xa7,0x00,0x00,0x00,0x00,0x00,0x00,0xb4,0xff,
0xff,0xff,0xff,0xa7,0x00,0x00,0x00,0x00,0x00,0x00,0xb4,0xff,0xff,0xff,0xff,0xa7,
0x00,0x00,0x00,0x00,0x00,0x00,0xb4,0xff,0xff,0xff,0xff,0xa7,0x00,0x00,0x00,0x00,
0x00,0x00,0xb4,0xff,0xff,0xff,0xff,0xa7,0x00,0x00,0x00,0x00,0x00,0x00,0xb4,0xff,
0xff,0xff,0xff,0xa7,0x00,0x00,0x00,0x00,0x00,0x00,0xb4,0xff,0xff,0xff,0xff,0xa7,
0x00,0x00,0x00,0x00,0x00,0x00,0xb4,0xff,0xff,0xff,0xff,0xa7,0x00,0x00,0x00,0x00,
0x00,0x00,0xb4,0xff,0xff,0xff,0xff,0xa7,0x00,0x00,0x00,0x00,0x00,0x00,0xb4,0xff,
0xff,0xff,0xff,0xa7,0x00,0x00,0x00,0x00,0x00,0x00,0xb4,0xff,0xff,0xff,0xff,0xa7,
0x00,0x00,0x00,0x00,0x00,0x00,0xc1,0xff,0xff,0xff,0xff,0xa3,0x00,0x00,0x00,0x00,
0x00,0x00,0xf6,0xff,0xff,0xff,0xff,0x90,0x00,0x00,0x00,0x00,0x00,0x50,0xff,0xff,
0xff,0xff,0xff,0x55,0x33,0x1d,0x02,0x06,0x5d,0xe9,0xff,0xff,0xff,0xff,0xff,0x19,
0xa1,0xff,0xff,0xff,0xff,0xff,0xff,0xff,0xff,0xff,0xb6,0x00,0xa1,0xff,0xff,0xff,
0xff,0xff,0xff,0xff,0xff,0xf8,0x2a,0x00,0xa1,0xff,0xff,0xff,0xff,0xff,0xff,0xff,
0xfa,0x52,0x00,0x00,0xa1,0xff,0xff,0xff,0xff,0xff,0xff,0xc3,0x30,0x00,0x00,0x00,
0x28,0x5b,0x8a,0x94,0x88,0x57,0x1d,0x00,0x00,0x00,0x00,0x00,0x7b,0xae,0xae,0xae,
0xae,0x72,0x00,0x00,0x00,0x00,0x00,0x00,0x00,0x00,0x52,0xae,0xae,0xae,0xae,0xae,
0x59,0xb4,0xff,0xff,0xff,0xff,0xa7,0x00,0x00,0x00,0x00,0x00,0x00,0x00,0x2e,0xf6,
0xff,0xff,0xff,0xff,0xd4,0x08,0xb4,0xff,0xff,0xff,0xff,0xa7,0x00,0x00,0x00,0x00,
0x00,0x00,0x11,0xe1,0xff,0xff,0xff,0xff,0xee,0x1f,0x00,0xb4,0xff,0xff,0xff,0xff,
0xa7,0x00,0x00,0x00,0x00,0x00,0x00,0xbb,0xff,0xff,0xff,0xff,0xff,0x48,0x00,0x00,
0xb4,0xff,0xff,0xff,0xff,0xa7,0x00,0x00,0x00,0x00,0x00,0x83,0xff,0xff,0xff,0xff,
0xff,0x81,0x00,0x00,0x00,0xb4,0xff,0xff,0xff,0xff,0xa7,0x00,0x00,0x00,0x00,0x50,
0xff,0xff,0xff,0xff,0xff,0xb4,0x00,0x00,0x00,0x00,0xb4,0xff,0xff,0xff,0xff,0xa7,
0x00,0x00,0x00,0x28,0xf2,0xff,0xff,0xff,0xff,0xdd,0x11,0x00,0x00,0x00,0x00,0xb4,
0xff,0xff,0xff,0xff,0xa7,0x00,0x00,0x0e,0xda,0xff,0xff,0xff,0xff,0xf4,0x2e,0x00,
0x00,0x00,0x00,0x00,0xb4,0xff,0xff,0xff,0xff,0xa7,0x00,0x00,0xb0,0xff,0xff,0xff,
0xff,0xff,0x59,0x00,0x00,0x00,0x00,0x00,0x00,0xb4,0xff,0xff,0xff,0xff,0xa7,0x00,
0x74,0xff,0xff,0xff,0xff,0xff,0x92,0x00,0x00,0x00,0x00,0x00,0x00,0x00,0xb4,0xff,
0xff,0xff,0xff,0xa7,0x33,0xfc,0xff,0xff,0xff,0xff,0xc1,0x02,0x00,0x00,0x00,0x00,
0x00,0x00,0x00,0xb4,0xff,0xff,0xff,0xff,0xb4,0xda,0xff,0xff,0xff,0xff,0xfc,0x17,
0x00,0x00,0x00,0x00,0x00,0x00,0x00,0x00,0xb4,0xff,0xff,0xff,0xff,0xff,0xff,0xff,
0xff,0xff,0xff,0xff,0x5f,0x00,0x00,0x00,0x00,0x00,0x00,0x00,0x00,0xb4,0xff,0xff,
0xff,0xff,0xff,0xff,0xff,0xff,0xff,0xff,0xff,0xee,0x13,0x00,0x00,0x00,0x00,0x00,
0x00,0x00,0xb4,0xff,0xff,0xff,0xff,0xff,0xff,0xff,0xff,0xff,0xff,0xff,0xff,0xa5,
0x00,0x00,0x00,0x00,0x00,0x00,0x00,0xb4,0xff,0xff,0xff,0xff,0xff,0xfc,0x7b,0xc9,
0xff,0xff,0xff,0xff,0xff,0x44,0x00,0x00,0x00,0x00,0x00,0x00,0xb4,0xff,0xff,0xff,
0xff,0xe3,0x35,0x00,0x2a,0xfc,0xff,0xff,0xff,0xff,0xdd,0x08,0x00,0x00,0x00,0x00,
0x00,0xb4,0xff,0xff,0xff,0xff,0xa7,0x00,0x00,0x00,0x8a,0xff,0xff,0xff,0xff,0xff,
0x83,0x00,0x00,0x00,0x00,0x00,0xb4,0xff,0xff,0xff,0xff,0xa7,0x00,0x00,0x00,0x0a,
0xdf,0xff,0xff,0xff,0xff,0xfc,0x2a,0x00,0x00,0x00,0x00,0xb4,0xff,0xff,0xff,0xff,
0xa7,0x00,0x00,0x00,0x00,0x4e,0xff,0xff,0xff,0xff,0xff,0xcc,0x00,0x00,0x00,0x00,
0xb4,0xff,0xff,0xff,0xff,0xa7,0x00,0x00,0x00,0x00,0x00,0xae,0xff,0xff,0xff,0xff,
0xff,0x6c,0x00,0x00,0x00,0xb4,0xff,0xff,0xff,0xff,0xa7,0x00,0x00,0x00,0x00,0x00,
0x1b,0xf2,0xff,0xff,0xff,0xff,0xf2,0x19,0x00,0x00,0xb4,0xff,0xff,0xff,0xff,0xa7,
0x00,0x00,0x00,0x00,0x00,0x00,0x72,0xff,0xff,0xff,0xff,0xff,0xae,0x00,0x00,0xb4,
0xff,0xff,0xff,0xff,0xa7,0x00,0x00,0x00,0x00,0x00,0x00,0x00,0xd0,0xff,0xff,0xff,
0xff,0xff,0x4e,0x00,0xb4,0xff,0xff,0xff,0xff,0xa7,0x00,0x00,0x00,0x00,0x00,0x00,
0x00,0x30,0xff,0xff,0xff,0xff,0xff,0xe5,0x0c,0xb4,0xff,0xff,0xff,0xff,0xa7,0x00,
0x00,0x00,0x00,0x00,0x00,0x00,0x00,0x8e,0xff,0xff,0xff,0xff,0xff,0x90,0x7b,0xae,
0xae,0xae,0xae,0x72,0x00,0x00,0x00,0x00,0x00,0x00,0x00,0x00,0x00,0x00,0x00,0xb4,
0xff,0xff,0xff,0xff,0xa7,0x00,0x00,0x00,0x00,0x00,0x00,0x00,0x00,0x00,0x00,0x00,
0xb4,0xff,0xff,0xff,0xff,0xa7,0x00,0x00,0x00,0x00,0x00,0x00,0x00,0x00,0x00,0x00,
0x00,0xb4,0xff,0xff,0xff,0xff,0xa7,0x00,0x00,0x00,0x00,0x00,0x00,0x00,0x00,0x00,
0x00,0x00,0xb4,0xff,0xff,0xff,0xff,0xa7,0x00,0x00,0x00,0x00,0x00,0x00,0x00,0x00,
0x00,0x00,0x00,0xb4,0xff,0xff,0xff,0xff,0xa7,0x00,0x00,0x00,0x00,0x00,0x00,0x00,
0x00,0x00,0x00,0x00,0xb4,0xff,0xff,0xff,0xff,0xa7,0x00,0x00,0x00,0x00,0x00,0x00,
0x00,0x00,0x00,0x00,0x00,0xb4,0xff,0xff,0xff,0xff,0xa7,0x00,0x00,0x00,0x00,0x00,
0x00,0x00,0x00,0x00,0x00,0x00,0xb4,0xff,0xff,0xff,0xff,0xa7,0x00,0x00,0x00,0x00,
0x00,0x00,0x00,0x00,0x00,0x00,0x00,0xb4,0xff,0xff,0xff,0xff,0xa7,0x00,0x00,0x00,
0x00,0x00,0x00,0x00,0x00,0x00,0x00,0x00,0xb4,0xff,0xff,0xff,0xff,0xa7,0x00,0x00,
0x00,0x00,0x00,0x00,0x00,0x00,0x00,0x00,0x00,0xb4,0xff,0xff,0xff,0xff,0xa7,0x00,
0x00,0x00,0x00,0x00,0x00,0x00,0x00,0x00,0x00,0x00,0xb4,0xff,0xff,0xff,0xff,0xa7,
0x00,0x00,0x00,0x00,0x00,0x00,0x00,0x00,0x00,0x00,0x00,0xb4,0xff,0xff,0xff,0xff,
0xa7,0x00,0x00,0x00,0x00,0x00,0x00,0x00,0x00,0x00,0x00,0x00,0xb4,0xff,0xff,0xff,
0xff,0xa7,0x00,0x00,0x00,0x00,0x00,0x00,0x00,0x00,0x00,0x00,0x00,0xb4,0xff,0xff,
0xff,0xff,0xa7,0x00,0x00,0x00,0x00,0x00,0x00,0x00,0x00,0x00,0x00,0x00,0xb4,0xff,
0xff,0xff,0xff,0xa7,0x00,0x00,0x00,0x00,0x00,0x00,0x00,0x00,0x00,0x00,0x00,0xb4,
0xff,0xff,0xff,0xff,0xa7,0x00,0x00,0x00,0x00,0x00,0x00,0x00,0x00,0x00,0x00,0x00,
0xb4,0xff,0xff,0xff,0xff,0xa7,0x00,0x00,0x00,0x00,0x00,0x00,0x00,0x00,0x00,0x00,
0x00,0xb4,0xff,0xff,0xff,0xff,0xa7,0x00,0x00,0x00,0x00,0x00,0x00,0x00,0x00,0x00,
0x00,0x00,0xb4,0xff,0xff,0xff,0xff,0xa7,0x00,0x00,0x00,0x00,0x00,0x00,0x00,0x00,
0x00,0x00,0x00,0xb4,0xff,0xff,0xff,0xff,0xda,0x94,0x94,0x94,0x94,0x94,0x94,0x94,
0x94,0x94,0x94,0x08,0xb4,0xff,0xff,0xff,0xff,0xff,0xff,0xff,0xff,0xff,0xff,0xff,
0xff,0xff,0xff,0xff,0x0c,0xb4,0xff,0xff,0xff,0xff,0xff,0xff,0xff,0xff,0xff,0xff,
0xff,0xff,0xff,0xff,0xff,0x0c,0xb4,0xff,0xff,0xff,0xff,0xff,0xff,0xff,0xff,0xff,
0xff,0xff,0xff,0xff,0xff,0xff,0x0c,0xb4,0xff,0xff,0xff,0xff,0xff,0xff,0xff,0xff,
0xff,0xff,0xff,0xff,0xff,0xff,0xff,0x0c,0x7b,0xae,0xae,0xae,0xae,0xae,0xae,0x7f,
0x00,0x00,0x00,0x00,0x00,0x00,0x00,0x00,0x00,0x00,0x00,0x00,0x8a,0xae,0xae,0xae,
0xae,0xae,0xae,0x77,0xb4,0xff,0xff,0xff,0xff,0xff,0xff,0xfa,0x06,0x00,0x00,0x00,
0x00,0x00,0x00,0x00,0x00,0x00,0x00,0x17,0xff,0xff,0xff,0xff,0xff,0xff,0xff,0xae,
0xb4,0xff,0xff,0xff,0xff,0xff,0xff,0xff,0x50,0x00,0x00,0x00,0x00,0x00,0x00,0x00,
0x00,0x00,0x00,0x68,0xff,0xff,0xff,0xff,0xff,0xff,0xff,0xae,0xb4,0xff,0xff,0xff,
0xff,0xff,0xff,0xff,0xa1,0x00,0x00,0x00,0x00,0x00,0x00,0x00,0x00,0x00,0x00,0xbf,
0xff,0xff,0xff,0xff,0xff,0xff,0xff,0xae,0xb4,0xff,0xff,0xff,0xff,0xff,0xff,0xff,
0xf0,0x02,0x00,0x00,0x00,0x00,0x00,0x00,0x00,0x00,0x13,0xfc,0xff,0xff,0xff,0xff,
0xff,0xff,0xff,0xae,0xb4,0xff,0xff,0xff,0xf6,0xff,0xff,0xff,0xff,0x41,0x00,0x00,
0x00,0x00,0x00,0x00,0x00,0x00,0x66,0xff,0xff,0xff,0xf8,0xff,0xff,0xff,0xff,0xae,
0xb4,0xff,0xff,0xff,0xbd,0xda,0xff,0xff,0xff,0x90,0x00,0x00,0x00,0x00,0x00,0x00,
0x00,0x00,0xbb,0xff,0xff,0xff,0x90,0xff,0xff,0xff,0xff,0xae,0xb4,0xff,0xff,0xff,
0xe9,0x8e,0xff,0xff,0xff,0xdd,0x00,0x00,0x00,0x00,0x00,0x00,0x00,0x0e,0xfc,0xff,
0xff,0xff,0x66,0xff,0xff,0xff,0xff,0xae,0xb4,0xff,0xff,0xff,0xf0,0x41,0xff,0xff,
0xff,0xff,0x2a,0x00,0x00,0x00,0x00,0x00,0x00,0x61,0xff,0xff,0xff,0xda,0x46,0xff,
0xff,0xff,0xff,0xae,0xb4,0xff,0xff,0xff,0xf6,0x02,0xf2,0xff,0xff,0xff,0x7b,0x00,
0x00,0x00,0x00,0x00,0x00,0xb4,0xff,0xff,0xff,0x83,0x4a,0xff,0xff,0xff,0xff,0xae,
0xb4,0xff,0xff,0xff,0xfc,0x00,0xa3,0xff,0xff,0xff,0xcc,0x00,0x00,0x00,0x00,0x00,
0x0c,0xfc,0xff,0xff,0xff,0x30,0x4e,0xff,0xff,0xff,0xff,0xae,0xb4,0xff,0xff,0xff,
0xff,0x00,0x55,0xff,0xff,0xff,0xff,0x19,0x00,0x00,0x00,0x00,0x5d,0xff,0xff,0xff,
0xdd,0x00,0x50,0xff,0xff,0xff,0xff,0xae,0xb4,0xff,0xff,0xff,0xff,0x06,0x06,0xfa,
0xff,0xff,0xff,0x68,0x00,0x00,0x00,0x00,0xb2,0xff,0xff,0xff,0x88,0x00,0x57,0xff,
0xff,0xff,0xff,0xae,0xb4,0xff,0xff,0xff,0xff,0x06,0x00,0xb4,0xff,0xff,0xff,0xb4,
0x00,0x00,0x00,0x08,0xfa,0xff,0xff,0xff,0x35,0x00,0x57,0xff,0xff,0xff,0xff,0xae,
0xb4,0xff,0xff,0xff,0xff,0x06,0x00,0x68,0xff,0xff,0xff,0xfa,0x08,0x00,0x00,0x59,
0xff,0xff,0xff,0xdf,0x00,0x00,0x57,0xff,0xff,0xff,0xff,0xae,0xb4,0xff,0xff,0xff,
0xff,0x06,0x00,0x19,0xff,0xff,0xff,0xff,0x55,0x00,0x00,0xae,0xff,0xff,0xff,0x8e,
0x00,0x00,0x57,0xff,0xff,0xff,0xff,0xae,0xb4,0xff,0xff,0xff,0xff,0x06,0x00,0x00,
0xcc,0xff,0xff,0xff,0xa7,0x00,0x04,0xfa,0xff,0xff,0xff,0x37,0x00,0x00,0x57,0xff,
0xff,0xff,0xff,0xae,0xb4,0xff,0xff,0xff,0xff,0x06,0x00,0x00,0x7f,0xff,0xff,0xff,
0xf4,0x02,0x57,0xff,0xff,0xff,0xe1,0x00,0x00,0x00,0x57,0xff,0xff,0xff,0xff,0xae,
0xb4,0xff,0xff,0xff,0xff,0x06,0x00,0x00,0x2c,0xff,0xff,0xff,0xff,0x44,0xa7,0xff,
0xff,0xff,0x8e,0x00,0x00,0x00,0x57,0xff,0xff,0xff,0xff,0xae,0xb4,0xff,0xff,0xff,
0xff,0x06,0x00,0x00,0x00,0xdf,0xff,0xff,0xff,0x94,0xfa,0xff,0xff,0xff,0x39,0x00,
0x00,0x00,0x57,0xff,0xff,0xff,0xff,0xae,0xb4,0xff,0xff,0xff,0xff,0x06,0x00,0x00,
0x00,0x90,0xff,0xff,0xff,0xff,0xff,0xff,0xff,0xe5,0x00,0x00,0x00,0x00,0x57,0xff,
0xff,0xff,0xff,0xae,0xb4,0xff,0xff,0xff,0xff,0x06,0x00,0x00,0x00,0x41,0xff,0xff,
0xff,0xff,0xff,0xff,0xff,0x90,0x00,0x00,0x00,0x00,0x57,0xff,0xff,0xff,0xff,0xae,
0xb4,0xff,0xff,0xff,0xff,0x06,0x00,0x00,0x00,0x02,0xf2,0xff,0xff,0xff,0xff,0xff,
0xff,0x3d,0x00,0x00,0x00,0x00,0x57,0xff,0xff,0xff,0xff,0xae,0xb4,0xff,0xff,0xff,
0xff,0x06,0x00,0x00,0x00,0x00,0xa7,0xff,0xff,0xff,0xff,0xff,0xe7,0x00,0x00,0x00,
0x00,0x00,0x57,0xff,0xff,0xff,0xff,0xae,0xb4,0xff,0xff,0xff,0xff,0x06,0x00,0x00,
0x00,0x00,0x57,0xff,0xff,0xff,0xff,0xff,0x94,0x00,0x00,0x00,0x00,0x00,0x57,0xff,
0xff,0xff,0xff,0xae,0xb4,0xff,0xff,0xff,0xff,0x06,0x00,0x00,0x00,0x00,0x0a,0xfc,
0xff,0xff,0xff,0xff,0x41,0x00,0x00,0x00,0x00,0x00,0x57,0xff,0xff,0xff,0xff,0xae,
0x7b,0xae,0xae,0xae,0xae,0xae,0xae,0x30,0x00,0x00,0x00,0x00,0x00,0x00,0x00,0x00,
0x00,0x00,0xa1,0xae,0xae,0xae,0xae,0xb4,0xff,0xff,0xff,0xff,0xff,0xff,0xcc,0x00,
0x00,0x00,0x00,0x00,0x00,0x00,0x00,0x00,0x00,0xeb,0xff,0xff,0xff,0xff,0xb4,0xff,
0xff,0xff,0xff,0xff,0xff,0xff,0x5b,0x00,0x00,0x00,0x00,0x00,0x00,0x00,0x00,0x00,
0xeb,0xff,0xff,0xff,0xff,0xb4,0xff,0xff,0xff,0xff,0xff,0xff,0xff,0xe5,0x0c,0x00,
0x00,0x00,0x00,0x00,0x00,0x00,0x00,0xeb,0xff,0xff,0xff,0xff,0xb4,0xff,0xff,0xff,
0xff,0xff,0xff,0xff,0xff,0x81,0x00,0x00,0x00,0x00,0x00,0x00,0x00,0x00,0xeb,0xff,
0xff,0xff,0xff,0xb4,0xff,0xff,0xff,0xff,0xff,0xff,0xff,0xff,0xfa,0x22,0x00,0x00,
0x00,0x00,0x00,0x00,0x00,0xeb,0xff,0xff,0xff,0xff,0xb4,0xff,0xff,0xff,0xe1,0xf8,
0xff,0xff,0xff,0xff,0xb0,0x00,0x00,0x00,0x00,0x00,0x00,0x00,0xeb,0xff,0xff,0xff,
0xff,0xb4,0xff,0xff,0xff,0xc3,0x81,0xff,0xff,0xff,0xff,0xff,0x41,0x00,0x00,0x00,
0x00,0x00,0x00,0xeb,0xff,0xff,0xff,0xff,0xb4,0xff,0xff,0xff,0xe9,0x0c,0xe5,0xff,
0xff,0xff,0xff,0xd6,0x02,0x00,0x00,0x00,0x00,0x00,0xeb,0xff,0xff,0xff,0xff,0xb4,
0xff,0xff,0xff,0xf0,0x00,0x5f,0xff,0xff,0xff,0xff,0xff,0x6e,0x00,0x00,0x00,0x00,
0x00,0xeb,0xff,0xff,0xff,0xff,0xb4,0xff,0xff,0xff,0xf6,0x00,0x00,0xce,0xff,0xff,
0xff,0xff,0xee,0x13,0x00,0x00,0x00,0x00,0xeb,0xff,0xff,0xff,0xff,0xb4,0xff,0xff,
0xff,0xfa,0x00,0x00,0x33,0xff,0xff,0xff,0xff,0xff,0x94,0x00,0x00,0x00,0x00,0xeb,
0xff,0xff,0xff,0xff,0xb4,0xff,0xff,0xff,0xff,0x00,0x00,0x00,0xa5,0xff,0xff,0xff,
0xff,0xfc,0x2a,0x00,0x00,0x00,0xeb,0xff,0xff,0xff,0xff,0xb4,0xff,0xff,0xff,0xff,
0x06,0x00,0x00,0x1b,0xf4,0xff,0xff,0xff,0xff,0xc1,0x00,0x00,0x00,0xda,0xff,0xff,
0xff,0xff,0xb4,0xff,0xff,0xff,0xff,0x06,0x00,0x00,0x00,0x7f,0xff,0xff,0xff,0xff,
0xff,0x52,0x00,0x00,0xbb,0xff,0xff,0xff,0xff,0xb4,0xff,0xff,0xff,0xff,0x06,0x00,
0x00,0x00,0x06,0xe1,0xff,0xff,0xff,0xff,0xdf,0x06,0x00,0xb4,0xff,0xff,0xff,0xff,
0xb4,0xff,0xff,0xff,0xff,0x06,0x00,0x00,0x00,0x00,0x59,0xff,0xff,0xff,0xff,0xff,
0x7f,0x00,0xb2,0xff,0xff,0xff,0xff,0xb4,0xff,0xff,0xff,0xff,0x06,0x00,0x00,0x00,
0x00,0x00,0xc5,0xff,0xff,0xff,0xff,0xf4,0x1b,0xac,0xff,0xff,0xff,0xff,0xb4,0xff,
0xff,0xff,0xff,0x06,0x00,0x00,0x00,0x00,0x00,0x30,0xff,0xff,0xff,0xff,0xff,0xa5,
0xa5,0xff,0xff,0xff,0xff,0xb4,0xff,0xff,0xff,0xff,0x06,0x00,0x00,0x00,0x00,0x00,
0x00,0x9b,0xff,0xff,0xff,0xff,0xff,0xd6,0xff,0xff,0xff,0xff,0xb4,0xff,0xff,0xff,
0xff,0x06,0x00,0x00,0x00,0x00,0x00,0x00,0x19,0xf2,0xff,0xff,0xff,0xff,0xff,0xff,
0xff,0xff,0xff,0xb4,0xff,0xff,0xff,0xff,0x06,0x00,0x00,0x00,0x00,0x00,0x00,0x00,
0x77,0xff,0xff,0xff,0xff,0xff,0xff,0xff,0xff,0xff,0xb4,0xff,0xff,0xff,0xff,0x06,
0x00,0x00,0x00,0x00,0x00,0x00,0x00,0x04,0xdd,0xff,0xff,0xff,0xff,0xff,0xff,0xff,
0xff,0xb4,0xff,0xff,0xff,0xff,0x06,0x00,0x00,0x00,0x00,0x00,0x00,0x00,0x00,0x4e,
0xff,0xff,0xff,0xff,0xff,0xff,0xff,0xff,0xb4,0xff,0xff,0xff,0xff,0x06,0x00,0x00,
0x00,0x00,0x00,0x00,0x00,0x00,0x00,0xbf,0xff,0xff,0xff,0xff,0xff,0xff,0xff,0xb4,
0xff,0xff,0xff,0xff,0x06,0x00,0x00,0x00,0x00,0x00,0x00,0x00,0x00,0x00,0x2a,0xfc,
0xff,0xff,0xff,0xff,0xff,0xff,0x00,0x00,0x00,0x00,0x00,0x00,0x00,0x00,0x00,0x00,
0x00,0x04,0x06,0x02,0x00,0x00,0x00,0x00,0x00,0x00,0x00,0x00,0x00,0x00,0x00,0x00,
0x00,0x00,0x00,0x00,0x00,0x0c,0x5f,0xa7,0xe1,0xfc,0xff,0xff,0xff,0xf8,0xce,0x96,
0x44,0x00,0x00,0x00,0x00,0x00,0x00,0x00,0x00,0x00,0x00,0x00,0x02,0x79,0xf2,0xff,
0xff,0xff,0xff,0xff,0xff,0xff,0xff,0xff,0xff,0xff,0xd6,0x44,0x00,0x00,0x00,0x00,
0x00,0x00,0x00,0x00,0x15,0xc7,0xff,0xff,0xff,0xff,0xff,0xff,0xff,0xff,0xff,0xff,
0xff,0xff,0xff,0xff,0xff,0x8a,0x00,0x00,0x00,0x00,0x00,0x00,0x11,0xd2,0xff,0xff,
0xff,0xff,0xff,0xff,0xff,0xff,0xff,0xff,0xff,0xff,0xff,0xff,0xff,0xff,0xff,0x8e,
0x00,0x00,0x00,0x00,0x00,0xac,0xff,0xff,0xff,0xff,0xff,0xff,0xeb,0xa5,0x72,0x63,
0x83,0xb2,0xfc,0xff,0xff,0xff,0xff,0xff,0xff,0x52,0x00,0x00,0x00,0x41,0xff,0xff,
0xff,0xff,0xff,0xff,0x8e,0x08,0x00,0x00,0x00,0x00,0x00,0x1f,0xc1,0xff,0xff,0xff,
0xff,0xff,0xe3,0x02,0x00,0x00,0xbd,0xff,0xff,0xff,0xff,0xff,0x8c,0x00,0x00,0x00,
0x00,0x00,0x00,0x00,0x00,0x08,0xd2,0xff,0xff,0xff,0xff,0xff,0x63,0x00,0x19,0xff,
0xff,0xff,0xff,0xff,0xe3,0x06,0x00,0x00,0x00,0x00,0x00,0x00,0x00,0x00,0x00,0x39,
0xff,0xff,0xff,0xff,0xff,0xbd,0x00,0x5b,0xff,0xff,0xff,0xff,0xff,0x7d,0x00,0x00,
0x00,0x00,0x00,0x00,0x00,0x00,0x00,0x00,0x00,0xd2,0xff,0xff,0xff,0xff,0xfc,0x04,
0x9f,0xff,0xff,0xff,0xff,0xff,0x33,0x00,0x00,0x00,0x00,0x00,0x00,0x00,0x00,0x00,
0x00,0x00,0x88,0xff,0xff,0xff,0xff,0xff,0x44,0xb2,0xff,0xff,0xff,0xff,0xfc,0x02,
0x00,0x00,0x00,0x00,0x00,0x00,0x00,0x00,0x00,0x00,0x00,0x52,0xff,0xff,0xff,0xff,
0xff,0x5b,0xd6,0xff,0xff,0xff,0xff,0xee,0x00,0x00,0x00,0x00,0x00,0x00,0x00,0x00,
0x00,0x00,0x00,0x00,0x46,0xff,0xff,0xff,0xff,0xff,0x7f,0xee,0xff,0xff,0xff,0xff,
0xc9,0x00,0x00,0x00,0x00,0x00,0x00,0x00,0x00,0x00,0x00,0x00,0x00,0x22,0xff,0xff,
0xff,0xff,0xff,0x94,0xf0,0xff,0xff,0xff,0xff,0xc1,0x00,0x00,0x00,0x00,0x00,0x00,
0x00,0x00,0x00,0x00,0x00,0x00,0x19,0xff,0xff,0xff,0xff,0xff,0x96,0xdf,0xff,0xff,
0xff,0xff,0xe9,0x00,0x00,0x00,0x00,0x00,0x00,0x00,0x00,0x00,0x00,0x00,0x00,0x41,
0xff,0xff,0xff,0xff,0xff,0x8a,0xb4,0xff,0xff,0xff,0xff,0xf8,0x00,0x00,0x00,0x00,
0x00,0x00,0x00,0x00,0x00,0x00,0x00,0x00,0x50,0xff,0xff,0xff,0xff,0xff,0x5d,0xa1,
0xff,0xff,0xff,0xff,0xff,0x24,0x00,0x00,0x00,0x00,0x00,0x00,0x00,0x00,0x00,0x00,
0x00,0x7b,0xff,0xff,0xff,0xff,0xff,0x4a,0x66,0xff,0xff,0xff,0xff,0xff,0x68,0x00,
0x00,0x00,0x00,0x00,0x00,0x00,0x00,0x00,0x00,0x00,0xbf,0xff,0xff,0xff,0xff,0xff,
0x0e,0x28,0xff,0xff,0xff,0xff,0xff,0xd0,0x00,0x00,0x00,0x00,0x00,0x00,0x00,0x00,
0x00,0x00,0x26,0xff,0xff,0xff,0xff,0xff,0xd0,0x00,0x00,0xce,0xff,0xff,0xff,0xff,
0xff,0x61,0x00,0x00,0x00,0x00,0x00,0x00,0x00,0x00,0x00,0xb4,0xff,0xff,0xff,0xff,
0xff,0x74,0x00,0x00,0x5d,0xff,0xff,0xff,0xff,0xff,0xf6,0x50,0x00,0x00,0x00,0x00,
0x00,0x00,0x02,0x96,0xff,0xff,0xff,0xff,0xff,0xf4,0x13,0x00,0x00,0x00,0xce,0xff,
0xff,0xff,0xff,0xff,0xff,0xc1,0x66,0x48,0x44,0x4c,0x7f,0xda,0xff,0xff,0xff,0xff,
0xff,0xff,0x77,0x00,0x00,0x00,0x00,0x24,0xee,0xff,0xff,0xff,0xff,0xff,0xff,0xff,
0xff,0xff,0xff,0xff,0xff,0xff,0xff,0xff,0xff,0xff,0xbb,0x00,0x00,0x00,0x00,0x00,
0x00,0x35,0xe9,0xff,0xff,0xff,0xff,0xff,0xff,0xff,0xff,0xff,0xff,0xff,0xff,0xff,
0xff,0xff,0xbd,0x0c,0x00,0x00,0x00,0x00,0x00,0x00,0x00,0x17,0xb6,0xff,0xff,0xff,
0xff,0xff,0xff,0xff,0xff,0xff,0xff,0xff,0xff,0xf8,0x7f,0x00,0x00,0x00,0x00,0x00,
0x00,0x00,0x00,0x00,0x00,0x00,0x3b,0x9d,0xeb,0xff,0xff,0xff,0xff,0xff,0xff,0xff,
0xd2,0x7f,0x1b,0x00,0x00,0x00,0x00,0x00,0x00,0x00,0x00,0x00,0x00,0x00,0x00,0x00,
0x00,0x00,0x17,0x48,0x50,0x50,0x4e,0x3f,0x06,0x00,0x00,0x00,0x00,0x00,0x00,0x00,
0x00,0x00,0x7b,0xae,0xae,0xae,0xae,0xae,0xae,0xae,0xae,0xa7,0x9b,0x6c,0x39,0x00,
0x00,0x00,0x00,0x00,0xb4,0xff,0xff,0xff,0xff,0xff,0xff,0xff,0xff,0xff,0xff,0xff,
0xff,0xe1,0x6a,0x00,0x00,0x00,0xb4,0xff,0xff,0xff,0xff,0xff,0xff,0xff,0xff,0xff,
0xff,0xff,0xff,0xff,0xff,0xb2,0x04,0x00,0xb4,0xff,0xff,0xff,0xff,0xff,0xff,0xff,
0xff,0xff,0xff,0xff,0xff,0xff,0xff,0xff,0x96,0x00,0xb4,0xff,0xff,0xff,0xff,0xe5,
0xb4,0xb4,0xb4,0xe1,0xff,0xff,0xff,0xff,0xff,0xff,0xff,0x2c,0xb4,0xff,0xff,0xff,
0xff,0xa7,0x00,0x00,0x00,0x00,0x26,0xc1,0xff,0xff,0xff,0xff,0xff,0x90,0xb4,0xff,
0xff,0xff,0xff,0xa7,0x00,0x00,0x00,0x00,0x00,0x0c,0xe9,0xff,0xff,0xff,0xff,0xd0,
0xb4,0xff,0xff,0xff,0xff,0xa7,0x00,0x00,0x00,0x00,0x00,0x00,0xa1,0xff,0xff,0xff,
0xff,0xf6,0xb4,0xff,0xff,0xff,0xff,0xa7,0x00,0x00,0x00,0x00,0x00,0x00,0x94,0xff,
0xff,0xff,0xff,0xf8,0xb4,0xff,0xff,0xff,0xff,0xa7,0x00,0x00,0x00,0x00,0x00,0x00,
0xa3,0xff,0xff,0xff,0xff,0xf0,0xb4,0xff,0xff,0xff,0xff,0xa7,0x00,0x00,0x00,0x00,
0x00,0x0e,0xe9,0xff,0xff,0xff,0xff,0xb6,0xb4,0xff,0xff,0xff,0xff,0xa7,0x00,0x00,
0x00,0x00,0x28,0xc7,0xff,0xff,0xff,0xff,0xff,0x72,0xb4,0xff,0xff,0xff,0xff,0xdf,
0xa1,0xa1,0xa7,0xd0,0xff,0xff,0xff,0xff,0xff,0xff,0xf4,0x15,0xb4,0xff,0xff,0xff,
0xff,0xff,0xff,0xff,0xff,0xff,0xff,0xff,0xff,0xff,0xff,0xff,0x70,0x00,0xb4,0xff,
0xff,0xff,0xff,0xff,0xff,0xff,0xff,0xff,0xff,0xff,0xff,0xff,0xff,0x8a,0x00,0x00,
0xb4,0xff,0xff,0xff,0xff,0xff,0xff,0xff,0xff,0xff,0xff,0xff,0xff,0xd8,0x4c,0x00,
0x00,0x00,0xb4,0xff,0xff,0xff,0xff,0xf8,0xeb,0xeb,0xe9,0xb8,0xae,0x83,0x41,0x00,
0x00,0x00,0x00,0x00,0xb4,0xff,0xff,0xff,0xff,0xa7,0x00,0x00,0x00,0x00,0x00,0x00,
0x00,0x00,0x00,0x00,0x00,0x00,0xb4,0xff,0xff,0xff,0xff,0xa7,0x00,0x00,0x00,0x00,
0x00,0x00,0x00,0x00,0x00,0x00,0x00,0x00,0xb4,0xff,0xff,0xff,0xff,0xa7,0x00,0x00,
0x00,0x00,0x00,0x00,0x00,0x00,0x00,0x00,0x00,0x00,0xb4,0xff,0xff,0xff,0xff,0xa7,
0x00,0x00,0x00,0x00,0x00,0x00,0x00,0x00,0x00,0x00,0x00,0x00,0xb4,0xff,0xff,0xff,
0xff,0xa7,0x00,0x00,0x00,0x00,0x00,0x00,0x00,0x00,0x00,0x00,0x00,0x00,0xb4,0xff,
0xff,0xff,0xff,0xa7,0x00,0x00,0x00,0x00,0x00,0x00,0x00,0x00,0x00,0x00,0x00,0x00,
0xb4,0xff,0xff,0xff,0xff,0xa7,0x00,0x00,0x00,0x00,0x00,0x00,0x00,0x00,0x00,0x00,
0x00,0x00,0xb4,0xff,0xff,0xff,0xff,0xa7,0x00,0x00,0x00,0x00,0x00,0x00,0x00,0x00,
0x00,0x00,0x00,0x00,0xb4,0xff,0xff,0xff,0xff,0xa7,0x00,0x00,0x00,0x00,0x00,0x00,
0x00,0x00,0x00,0x00,0x00,0x00,0x00,0x00,0x00,0x00,0x00,0x00,0x00,0x00,0x00,0x00,
0x00,0x04,0x06,0x02,0x00,0x00,0x00,0x00,0x00,0x00,0x00,0x00,0x00,0x00,0x00,0x00,
0x00,0x00,0x00,0x00,0x00,0x0c,0x5f,0xa7,0xe1,0xfc,0xff,0xff,0xff,0xf8,0xce,0x96,
0x44,0x00,0x00,0x00,0x00,0x00,0x00,0x00,0x00,0x00,0x00,0x00,0x02,0x79,0xf2,0xff,
0xff,0xff,0xff,0xff,0xff,0xff,0xff,0xff,0xff,0xff,0xd6,0x44,0x00,0x00,0x00,0x00,
0x00,0x00,0x00,0x00,0x15,0xc7,0xff,0xff,0xff,0xff,0xff,0xff,0xff,0xff,0xff,0xff,
0xff,0xff,0xff,0xff,0xff,0x8a,0x00,0x00,0x00,0x00,0x00,0x00,0x11,0xd2,0xff,0xff,
0xff,0xff,0xff,0xff,0xff,0xff,0xff,0xff,0xff,0xff,0xff,0xff,0xff,0xff,0xff,0x8e,
0x00,0x00,0x00,0x00,0x00,0xac,0xff,0xff,0xff,0xff,0xff,0xff,0xeb,0xa5,0x72,0x63,
0x83,0xb2,0xfc,0xff,0xff,0xff,0xff,0xff,0xff,0x52,0x00,0x00,0x00,0x41,0xff,0xff,
0xff,0xff,0xff,0xff,0x8e,0x08,0x00,0x00,0x00,0x00,0x00,0x1f,0xc1,0xff,0xff,0xff,
0xff,0xff,0xe3,0x02,0x00,0x00,0xbd,0xff,0xff,0xff,0xff,0xff,0x8c,0x00,0x00,0x00,
0x00,0x00,0x00,0x00,0x00,0x08,0xd2,0xff,0xff,0xff,0xff,0xff,0x63,0x00,0x19,0xff,
0xff,0xff,0xff,0xff,0xe3,0x06,0x00,0x00,0x00,0x00,0x00,0x00,0x00,0x00,0x00,0x39,
0xff,0xff,0xff,0xff,0xff,0xbd,0x00,0x5b,0xff,0xff,0xff,0xff,0xff,0x7d,0x00,0x00,
0x00,0x00,0x00,0x00,0x00,0x00,0x00,0x00,0x00,0xd2,0xff,0xff,0xff,0xff,0xfc,0x04,
0x9f,0xff,0xff,0xff,0xff,0xff,0x33,0x00,0x00,0x00,0x00,0x00,0x00,0x00,0x00,0x00,
0x00,0x00,0x88,0xff,0xff,0xff,0xff,0xff,0x44,0xb2,0xff,0xff,0xff,0xff,0xfc,0x02,
0x00,0x00,0x00,0x00,0x00,0x00,0x00,0x00,0x00,0x00,0x00,0x52,0xff,0xff,0xff,0xff,
0xff,0x5b,0xd6,0xff,0xff,0xff,0xff,0xee,0x00,0x00,0x00,0x00,0x00,0x00,0x00,0x00,
0x00,0x00,0x00,0x00,0x46,0xff,0xff,0xff,0xff,0xff,0x7f,0xee,0xff,0xff,0xff,0xff,
0xc9,0x00,0x00,0x00,0x00,0x00,0x00,0x00,0x00,0x00,0x00,0x00,0x00,0x22,0xff,0xff,
0xff,0xff,0xff,0x94,0xf0,0xff,0xff,0xff,0xff,0xc1,0x00,0x00,0x00,0x00,0x00,0x00,
0x00,0x00,0x00,0x00,0x00,0x00,0x19,0xff,0xff,0xff,0xff,0xff,0x96,0xdf,0xff,0xff,
0xff,0xff,0xe9,0x00,0x00,0x00,0x00,0x00,0x00,0x00,0x00,0x00,0x00,0x00,0x00,0x41,
0xff,0xff,0xff,0xff,0xff,0x8a,0xb4,0xff,0xff,0xff,0xff,0xf8,0x00,0x00,0x00,0x00,
0x00,0x00,0x00,0x00,0x00,0x00,0x00,0x00,0x50,0xff,0xff,0xff,0xff,0xff,0x5d,0xa1,
0xff,0xff,0xff,0xff,0xff,0x24,0x00,0x00,0x00,0x00,0x00,0x00,0x00,0x00,0x00,0x00,
0x00,0x7b,0xff,0xff,0xff,0xff,0xff,0x4a,0x66,0xff,0xff,0xff,0xff,0xff,0x68,0x00,
0x00,0x00,0x00,0x00,0x00,0x00,0x00,0x00,0x00,0x00,0xbf,0xff,0xff,0xff,0xff,0xff,
0x11,0x28,0xff,0xff,0xff,0xff,0xff,0xd0,0x00,0x00,0x00,0x00,0x00,0x00,0x00,0x00,
0x00,0x00,0x26,0xff,0xff,0xff,0xff,0xff,0xce,0x00,0x00,0xce,0xff,0xff,0xff,0xff,
0xff,0x61,0x00,0x00,0x00,0x00,0x00,0x00,0x00,0x00,0x00,0xb4,0xff,0xff,0xff,0xff,
0xff,0x77,0x00,0x00,0x5d,0xff,0xff,0xff,0xff,0xff,0xf6,0x50,0x00,0x00,0x00,0x00,
0x00,0x00,0x02,0x96,0xff,0xff,0xff,0xff,0xff,0xf6,0x13,0x00,0x00,0x00,0xce,0xff,
0xff,0xff,0xff,0xff,0xff,0xc1,0x66,0x48,0x44,0x4c,0x7f,0xda,0xff,0xff,0xff,0xff,
0xff,0xff,0x7d,0x00,0x00,0x00,0x00,0x24,0xee,0xff,0xff,0xff,0xff,0xff,0xff,0xff,
0xff,0xff,0xff,0xff,0xff,0xff,0xff,0xff,0xff,0xff,0xc1,0x00,0x00,0x00,0x00,0x00,
0x00,0x35,0xe9,0xff,0xff,0xff,0xff,0xff,0xff,0xff,0xff,0xff,0xff,0xff,0xff,0xff,
0xff,0xff,0xc1,0x0e,0x00,0x00,0x00,0x00,0x00,0x00,0x00,0x17,0xb6,0xff,0xff,0xff,
0xff,0xff,0xff,0xff,0xff,0xff,0xff,0xff,0xff,0xf8,0x7f,0x02,0x00,0x00,0x00,0x00,
0x00,0x00,0x00,0x00,0x00,0x00,0x3b,0x9d,0xeb,0xff,0xff,0xff,0xff,0xff,0xff,0xff,
0xff,0xff,0x81,0x00,0x00,0x00,0x00,0x00,0x00,0x00,0x00,0x00,0x00,0x00,0x00,0x00,
0x00,0x00,0x17,0x48,0x50,0x5f,0xf2,0xff,0xff,0xff,0xff,0xff,0x5b,0x00,0x00,0x00,
0x00,0x00,0x00,0x00,0x00,0x00,0x00,0x00,0x00,0x00,0x00,0x00,0x00,0x00,0x00,0x50,
0xff,0xff,0xff,0xff,0xff,0xfc,0x46,0x00,0x00,0x00,0x00,0x00,0x00,0x00,0x00,0x00,
0x00,0x00,0x00,0x00,0x00,0x00,0x00,0x00,0x00,0x7f,0xff,0xff,0xff,0xff,0xff,0xf4,
0x35,0x00,0x00,0x00,0x00,0x00,0x00,0x00,0x00,0x00,0x00,0x00,0x00,0x00,0x00,0x00,
0x00,0x00,0x00,0xac,0xff,0xff,0xff,0xff,0xff,0xe9,0x22,0x00,0x00,0x00,0x00,0x00,
0x00,0x00,0x00,0x00,0x00,0x00,0x00,0x00,0x00,0x00,0x00,0x00,0x0a,0xd0,0xff,0xff,
0xff,0xff,0xff,0xdf,0x15,0x00,0x00,0x00,0x00,0x00,0x00,0x00,0x00,0x00,0x00,0x00,
0x00,0x00,0x00,0x00,0x00,0x00,0x1d,0xe9,0xff,0xff,0xff,0xff,0xff,0xcc,0x0c,0x00,
0x00,0x00,0x00,0x00,0x00,0x00,0x00,0x00,0x00,0x00,0x00,0x00,0x00,0x00,0x00,0x00,
0x08,0x0c,0x0c,0x0c,0x0c,0x0c,0x0c,0x04,0x7b,0xae,0xae,0xae,0xae,0xae,0xae,0xae,
0xaa,0xa3,0x92,0x59,0x28,0x00,0x00,0x00,0x00,0x00,0x00,0x00,0x00,0xb4,0xff,0xff,
0xff,0xff,0xff,0xff,0xff,0xff,0xff,0xff,0xff,0xff,0xd6,0x63,0x00,0x00,0x00,0x00,
0x00,0x00,0xb4,0xff,0xff,0xff,0xff,0xff,0xff,0xff,0xff,0xff,0xff,0xff,0xff,0xff,
0xff,0xbd,0x0c,0x00,0x00,0x00,0x00,0xb4,0xff,0xff,0xff,0xff,0xff,0xff,0xff,0xff,
0xff,0xff,0xff,0xff,0xff,0xff,0xff,0xb2,0x00,0x00,0x00,0x00,0xb4,0xff,0xff,0xff,
0xff,0xe5,0xb4,0xb4,0xc1,0xf4,0xff,0xff,0xff,0xff,0xff,0xff,0xff,0x3f,0x00,0x00,
0x00,0xb4,0xff,0xff,0xff,0xff,0xa7,0x00,0x00,0x00,0x00,0x2e,0xb8,0xff,0xff,0xff,
0xff,0xff,0xa7,0x00,0x00,0x00,0xb4,0xff,0xff,0xff,0xff,0xa7,0x00,0x00,0x00,0x00,
0x00,0x04,0xd8,0xff,0xff,0xff,0xff,0xe1,0x00,0x00,0x00,0xb4,0xff,0xff,0xff,0xff,
0xa7,0x00,0x00,0x00,0x00,0x00,0x00,0x9b,0xff,0xff,0xff,0xff,0xf8,0x00,0x00,0x00,
0xb4,0xff,0xff,0xff,0xff,0xa7,0x00,0x00,0x00,0x00,0x00,0x00,0x96,0xff,0xff,0xff,
0xff,0xf6,0x00,0x00,0x00,0xb4,0xff,0xff,0xff,0xff,0xa7,0x00,0x00,0x00,0x00,0x00,
0x00,0xbd,0xff,0xff,0xff,0xff,0xd2,0x00,0x00,0x00,0xb4,0xff,0xff,0xff,0xff,0xa7,
0x00,0x00,0x00,0x00,0x00,0x5f,0xff,0xff,0xff,0xff,0xff,0x8c,0x00,0x00,0x00,0xb4,
0xff,0xff,0xff,0xff,0xc1,0x4a,0x4a,0x52,0x72,0xc1,0xff,0xff,0xff,0xff,0xff,0xf2,
0x1b,0x00,0x00,0x00,0xb4,0xff,0xff,0xff,0xff,0xff,0xff,0xff,0xff,0xff,0xff,0xff,
0xff,0xff,0xff,0xff,0x55,0x00,0x00,0x00,0x00,0xb4,0xff,0xff,0xff,0xff,0xff,0xff,
0xff,0xff,0xff,0xff,0xff,0xff,0xff,0xf2,0x52,0x00,0x00,0x00,0x00,0x00,0xb4,0xff,
0xff,0xff,0xff,0xff,0xff,0xff,0xff,0xff,0xff,0xff,0xff,0xae,0x1b,0x00,0x00,0x00,
0x00,0x00,0x00,0xb4,0xff,0xff,0xff,0xff,0xff,0xff,0xff,0xff,0xff,0xff,0xff,0xff,
0xa5,0x00,0x00,0x00,0x00,0x00,0x00,0x00,0xb4,0xff,0xff,0xff,0xff,0xac,0x0c,0x0c,
0x33,0xfc,0xff,0xff,0xff,0xff,0x52,0x00,0x00,0x00,0x00,0x00,0x00,0xb4,0xff,0xff,
0xff,0xff,0xa7,0x00,0x00,0x00,0x8a,0xff,0xff,0xff,0xff,0xe9,0x15,0x00,0x00,0x00,
0x00,0x00,0xb4,0xff,0xff,0xff,0xff,0xa7,0x00,0x00,0x00,0x0a,0xdf,0xff,0xff,0xff,
0xff,0xac,0x00,0x00,0x00,0x00,0x00,0xb4,0xff,0xff,0xff,0xff,0xa7,0x00,0x00,0x00,
0x00,0x4e,0xff,0xff,0xff,0xff,0xff,0x59,0x00,0x00,0x00,0x00,0xb4,0xff,0xff,0xff,
0xff,0xa7,0x00,0x00,0x00,0x00,0x00,0xae,0xff,0xff,0xff,0xff,0xee,0x17,0x00,0x00,
0x00,0xb4,0xff,0xff,0xff,0xff,0xa7,0x00,0x00,0x00,0x00,0x00,0x1b,0xf2,0xff,0xff,
0xff,0xff,0xb4,0x00,0x00,0x00,0xb4,0xff,0xff,0xff,0xff,0xa7,0x00,0x00,0x00,0x00,
0x00,0x00,0x72,0xff,0xff,0xff,0xff,0xff,0x5f,0x00,0x00,0xb4,0xff,0xff,0xff,0xff,
0xa7,0x00,0x00,0x00,0x00,0x00,0x00,0x00,0xd0,0xff,0xff,0xff,0xff,0xf0,0x1b,0x00,
0xb4,0xff,0xff,0xff,0xff,0xa7,0x00,0x00,0x00,0x00,0x00,0x00,0x00,0x30,0xff,0xff,
0xff,0xff,0xff,0xbb,0x00,0xb4,0xff,0xff,0xff,0xff,0xa7,0x00,0x00,0x00,0x00,0x00,
0x00,0x00,0x00,0x8e,0xff,0xff,0xff,0xff,0xff,0x68,0x00,0x00,0x00,0x00,0x00,0x00,
0x00,0x00,0x00,0x02,0x00,0x00,0x00,0x00,0x00,0x00,0x00,0x00,0x00,0x00,0x00,0x00,
0x06,0x61,0xac,0xe7,0xfc,0xff,0xff,0xf6,0xc7,0x92,0x46,0x02,0x00,0x00,0x00,0x00,
0x00,0x44,0xe3,0xff,0xff,0xff,0xff,0xff,0xff,0xff,0xff,0xff,0xff,0xeb,0x8e,0x15,
0x00,0x00,0x59,0xff,0xff,0xff,0xff,0xff,0xff,0xff,0xff,0xff,0xff,0xff,0xff,0xff,
0xeb,0x02,0x00,0x22,0xf8,0xff,0xff,0xff,0xff,0xff,0xff,0xff,0xff,0xff,0xff,0xff,
0xff,0xff,0x88,0x00,0x00,0x94,0xff,0xff,0xff,0xff,0xff,0xdf,0x90,0x63,0x8c,0xaa,
0xe7,0xff,0xff,0xff,0x22,0x00,0x00,0xe1,0xff,0xff,0xff,0xff,0xc7,0x08,0x00,0x00,
0x00,0x00,0x00,0x35,0x90,0xa7,0x00,0x00,0x00,0xff,0xff,0xff,0xff,0xff,0x52,0x00,
0x00,0x00,0x00,0x00,0x00,0x00,0x00,0x00,0x00,0x00,0x02,0xff,0xff,0xff,0xff,0xff,
0x4e,0x00,0x00,0x00,0x00,0x00,0x00,0x00,0x00,0x00,0x00,0x00,0x00,0xf8,0xff,0xff,
0xff,0xff,0xbb,0x00,0x00,0x00,0x00,0x00,0x00,0x00,0x00,0x00,0x00,0x00,0x00,0xb6,
0xff,0xff,0xff,0xff,0xff,0xc5,0x2a,0x00,0x00,0x00,0x00,0x00,0x00,0x00,0x00,0x00,
0x00,0x48,0xff,0xff,0xff,0xff,0xff,0xff,0xff,0x9d,0x1f,0x00,0x00,0x00,0x00,0x00,
0x00,0x00,0x00,0x00,0xa7,0xff,0xff,0xff,0xff,0xff,0xff,0xff,0xfc,0x9b,0x22,0x00,
0x00,0x00,0x00,0x00,0x00,0x00,0x08,0xb4,0xff,0xff,0xff,0xff,0xff,0xff,0xff,0xff,
0xfa,0x83,0x06,0x00,0x00,0x00,0x00,0x00,0x00,0x00,0x7b,0xf8,0xff,0xff,0xff,0xff,
0xff,0xff,0xff,0xff,0xd2,0x19,0x00,0x00,0x00,0x00,0x00,0x00,0x00,0x1d,0x99,0xfc,
0xff,0xff,0xff,0xff,0xff,0xff,0xff,0xdf,0x11,0x00,0x00,0x00,0x00,0x00,0x00,0x00,
0x00,0x1f,0x94,0xfc,0xff,0xff,0xff,0xff,0xff,0xff,0x99,0x00,0x00,0x00,0x00,0x00,
0x00,0x00,0x00,0x00,0x00,0x22,0xb4,0xff,0xff,0xff,0xff,0xff,0xfc,0x0c,0x00,0x00,
0x00,0x00,0x00,0x00,0x00,0x00,0x00,0x00,0x00,0x96,0xff,0xff,0xff,0xff,0xff,0x4a,
0x00,0x00,0x00,0x00,0x00,0x00,0x00,0x00,0x00,0x00,0x00,0x06,0xfc,0xff,0xff,0xff,
0xff,0x57,0x0e,0x00,0x00,0x00,0x00,0x00,0x00,0x00,0x00,0x00,0x00,0x00,0xf8,0xff,
0xff,0xff,0xff,0x55,0x50,0xe3,0x7d,0x22,0x00,0x00,0x00,0x00,0x00,0x00,0x00,0x4c,
0xff,0xff,0xff,0xff,0xff,0x37,0x50,0xff,0xff,0xff,0xc5,0x7d,0x4a,0x2c,0x0c,0x41,
0x79,0xf2,0xff,0xff,0xff,0xff,0xe7,0x02,0x50,0xff,0xff,0xff,0xff,0xff,0xff,0xff,
0xff,0xff,0xff,0xff,0xff,0xff,0xff,0xff,0x77,0x00,0x50,0xff,0xff,0xff,0xff,0xff,
0xff,0xff,0xff,0xff,0xff,0xff,0xff,0xff,0xff,0xbb,0x00,0x00,0x48,0xff,0xff,0xff,
0xff,0xff,0xff,0xff,0xff,0xff,0xff,0xff,0xff,0xff,0x9f,0x08,0x00,0x00,0x00,0x28,
0x85,0xd2,0xff,0xff,0xff,0xff,0xff,0xff,0xff,0xf4,0xa1,0x39,0x00,0x00,0x00,0x00,
0x00,0x00,0x00,0x00,0x04,0x35,0x4c,0x50,0x50,0x4a,0x1f,0x00,0x00,0x00,0x00,0x00,
0x00,0x00,0x33,0xae,0xae,0xae,0xae,0xae,0xae,0xae,0xae,0xae,0xae,0xae,0xae,0xae,
0xae,0xae,0xae,0xae,0xae,0xae,0x08,0x4a,0xff,0xff,0xff,0xff,0xff,0xff,0xff,0xff,
0xff,0xff,0xff,0xff,0xff,0xff,0xff,0xff,0xff,0xff,0xff,0x0c,0x4a,0xff,0xff,0xff,
0xff,0xff,0xff,0xff,0xff,0xff,0xff,0xff,0xff,0xff,0xff,0xff,0xff,0xff,0xff,0xff,
0x0c,0x4a,0xff,0xff,0xff,0xff,0xff,0xff,0xff,0xff,0xff,0xff,0xff,0xff,0xff,0xff,
0xff,0xff,0xff,0xff,0xff,0x0c,0x37,0xbb,0xbb,0xbb,0xbb,0xbb,0xbb,0xce,0xff,0xff,
0xff,0xff,0xff,0xbf,0xbb,0xbb,0xbb,0xbb,0xbb,0xbb,0x08,0x00,0x00,0x00,0x00,0x00,
0x00,0x00,0x4a,0xff,0xff,0xff,0xff,0xff,0x0c,0x00,0x00,0x00,0x00,0x00,0x00,0x00,
0x00,0x00,0x00,0x00,0x00,0x00,0x00,0x4a,0xff,0xff,0xff,0xff,0xff,0x0c,0x00,0x00,
0x00,0x00,0x00,0x00,0x00,0x00,0x00,0x00,0x00,0x00,0x00,0x00,0x4a,0xff,0xff,0xff,
0xff,0xff,0x0c,0x00,0x00,0x00,0x00,0x00,0x00,0x00,0x00,0x00,0x00,0x00,0x00,0x00,
0x00,0x4a,0xff,0xff,0xff,0xff,0xff,0x0c,0x00,0x00,0x00,0x00,0x00,0x00,0x00,0x00,
0x00,0x00,0x00,0x00,0x00,0x00,0x4a,0xff,0xff,0xff,0xff,0xff,0x0c,0x00,0x00,0x00,
0x00,0x00,0x00,0x00,0x00,0x00,0x00,0x00,0x00,0x00,0x00,0x4a,0xff,0xff,0xff,0xff,
0xff,0x0c,0x00,0x00,0x00,0x00,0x00,0x00,0x00,0x00,0x00,0x00,0x00,0x00,0x00,0x00,
0x4a,0xff,0xff,0xff,0xff,0xff,0x0c,0x00,0x00,0x00,0x00,0x00,0x00,0x00,0x00,0x00,
0x00,0x00,0x00,0x00,0x00,0x4a,0xff,0xff,0xff,0xff,0xff,0x0c,0x00,0x00,0x00,0x00,
0x00,0x00,0x00,0x00,0x00,0x00,0x00,0x00,0x00,0x00,0x4a,0xff,0xff,0xff,0xff,0xff,
0x0c,0x00,0x00,0x00,0x00,0x00,0x00,0x00,0x00,0x00,0x00,0x00,0x00,0x00,0x00,0x4a,
0xff,0xff,0xff,0xff,0xff,0x0c,0x00,0x00,0x00,0x00,0x00,0x00,0x00,0x00,0x00,0x00,
0x00,0x00,0x00,0x00,0x4a,0xff,0xff,0xff,0xff,0xff,0x0c,0x00,0x00,0x00,0x00,0x00,
0x00,0x00,0x00,0x00,0x00,0x00,0x00,0x00,0x00,0x4a,0xff,0xff,0xff,0xff,0xff,0x0c,
0x00,0x00,0x00,0x00,0x00,0x00,0x00,0x00,0x00,0x00,0x00,0x00,0x00,0x00,0x4a,0xff,
0xff,0xff,0xff,0xff,0x0c,0x00,0x00,0x00,0x00,0x00,0x00,0x00,0x00,0x00,0x00,0x00,
0x00,0x00,0x00,0x4a,0xff,0xff,0xff,0xff,0xff,0x0c,0x00,0x00,0x00,0x00,0x00,0x00,
0x00,0x00,0x00,0x00,0x00,0x00,0x00,0x00,0x4a,0xff,0xff,0xff,0xff,0xff,0x0c,0x00,
0x00,0x00,0x00,0x00,0x00,0x00,0x00,0x00,0x00,0x00,0x00,0x00,0x00,0x4a,0xff,0xff,
0xff,0xff,0xff,0x0c,0x00,0x00,0x00,0x00,0x00,0x00,0x00,0x00,0x00,0x00,0x00,0x00,
0x00,0x00,0x4a,0xff,0xff,0xff,0xff,0xff,0x0c,0x00,0x00,0x00,0x00,0x00,0x00,0x00,
0x00,0x00,0x00,0x00,0x00,0x00,0x00,0x4a,0xff,0xff,0xff,0xff,0xff,0x0c,0x00,0x00,
0x00,0x00,0x00,0x00,0x00,0x00,0x00,0x00,0x00,0x00,0x00,0x00,0x4a,0xff,0xff,0xff,
0xff,0xff,0x0c,0x00,0x00,0x00,0x00,0x00,0x00,0x00,0x00,0x00,0x00,0x00,0x00,0x00,
0x00,0x4a,0xff,0xff,0xff,0xff,0xff,0x0c,0x00,0x00,0x00,0x00,0x00,0x00,0x00,0x00,
0x00,0x00,0x00,0x00,0x00,0x00,0x4a,0xff,0xff,0xff,0xff,0xff,0x0c,0x00,0x00,0x00,
0x00,0x00,0x00,0x00,0xa5,0xae,0xae,0xae,0xae,0x66,0x00,0x00,0x00,0x00,0x00,0x00,
0x00,0x00,0x00,0x33,0xae,0xae,0xae,0xae,0xae,0x0c,0xf2,0xff,0xff,0xff,0xff,0x94,
0x00,0x00,0x00,0x00,0x00,0x00,0x00,0x00,0x00,0x4a,0xff,0xff,0xff,0xff,0xff,0x13,
0xf2,0xff,0xff,0xff,0xff,0x94,0x00,0x00,0x00,0x00,0x00,0x00,0x00,0x00,0x00,0x4a,
0xff,0xff,0xff,0xff,0xff,0x13,0xf2,0xff,0xff,0xff,0xff,0x94,0x00,0x00,0x00,0x00,
0x00,0x00,0x00,0x00,0x00,0x4a,0xff,0xff,0xff,0xff,0xff,0x13,0xf2,0xff,0xff,0xff,
0xff,0x94,0x00,0x00,0x00,0x00,0x00,0x00,0x00,0x00,0x00,0x4a,0xff,0xff,0xff,0xff,
0xff,0x13,0xf2,0xff,0xff,0xff,0xff,0x94,0x00,0x00,0x00,0x00,0x00,0x00,0x00,0x00,
0x00,0x4a,0xff,0xff,0xff,0xff,0xff,0x13,0xf2,0xff,0xff,0xff,0xff,0x94,0x00,0x00,
0x00,0x00,0x00,0x00,0x00,0x00,0x00,0x4a,0xff,0xff,0xff,0xff,0xff,0x13,0xf2,0xff,
0xff,0xff,0xff,0x94,0x00,0x00,0x00,0x00,0x00,0x00,0x00,0x00,0x00,0x4a,0xff,0xff,
0xff,0xff,0xff,0x13,0xf2,0xff,0xff,0xff,0xff,0x94,0x00,0x00,0x00,0x00,0x00,0x00,
0x00,0x00,0x00,0x4a,0xff,0xff,0xff,0xff,0xff,0x13,0xf2,0xff,0xff,0xff,0xff,0x94,
0x00,0x00,0x00,0x00,0x00,0x00,0x00,0x00,0x00,0x4a,0xff,0xff,0xff,0xff,0xff,0x13,
0xf2,0xff,0xff,0xff,0xff,0x94,0x00,0x00,0x00,0x00,0x00,0x00,0x00,0x00,0x00,0x4a,
0xff,0xff,0xff,0xff,0xff,0x13,0xf2,0xff,0xff,0xff,0xff,0x94,0x00,0x00,0x00,0x00,
0x00,0x00,0x00,0x00,0x00,0x4a,0xff,0xff,0xff,0xff,0xff,0x13,0xf2,0xff,0xff,0xff,
0xff,0x94,0x00,0x00,0x00,0x00,0x00,0x00,0x00,0x00,0x00,0x4a,0xff,0xff,0xff,0xff,
0xff,0x13,0xf2,0xff,0xff,0xff,0xff,0x94,0x00,0x00,0x00,0x00,0x00,0x00,0x00,0x00,
0x00,0x4a,0xff,0xff,0xff,0xff,0xff,0x13,0xf2,0xff,0xff,0xff,0xff,0x94,0x00,0x00,
0x00,0x00,0x00,0x00,0x00,0x00,0x00,0x4a,0xff,0xff,0xff,0xff,0xff,0x13,0xf2,0xff,
0xff,0xff,0xff,0x94,0x00,0x00,0x00,0x00,0x00,0x00,0x00,0x00,0x00,0x4a,0xff,0xff,
0xff,0xff,0xff,0x13,0xf2,0xff,0xff,0xff,0xff,0x94,0x00,0x00,0x00,0x00,0x00,0x00,
0x00,0x00,0x00,0x4c,0xff,0xff,0xff,0xff,0xff,0x13,0xf2,0xff,0xff,0xff,0xff,0x9b,
0x00,0x00,0x00,0x00,0x00,0x00,0x00,0x00,0x00,0x57,0xff,0xff,0xff,0xff,0xff,0x0c,
0xcc,0xff,0xff,0xff,0xff,0xbd,0x00,0x00,0x00,0x00,0x00,0x00,0x00,0x00,0x00,0x90,
0xff,0xff,0xff,0xff,0xfc,0x02,0xa3,0xff,0xff,0xff,0xff,0xfc,0x1d,0x00,0x00,0x00,
0x00,0x00,0x00,0x00,0x04,0xe1,0xff,0xff,0xff,0xff,0xd4,0x00,0x52,0xff,0xff,0xff,
0xff,0xff,0xbf,0x0e,0x00,0x00,0x00,0x00,0x00,0x00,0x9b,0xff,0xff,0xff,0xff,0xff,
0x88,0x00,0x02,0xe1,0xff,0xff,0xff,0xff,0xff,0xe5,0x7f,0x4c,0x44,0x48,0x6a,0xd0,
0xff,0xff,0xff,0xff,0xff,0xf8,0x1b,0x00,0x00,0x4a,0xff,0xff,0xff,0xff,0xff,0xff,
0xff,0xff,0xff,0xff,0xff,0xff,0xff,0xff,0xff,0xff,0xff,0x77,0x00,0x00,0x00,0x00,
0x79,0xff,0xff,0xff,0xff,0xff,0xff,0xff,0xff,0xff,0xff,0xff,0xff,0xff,0xff,0xff,
0x9f,0x00,0x00,0x00,0x00,0x00,0x00,0x5d,0xf2,0xff,0xff,0xff,0xff,0xff,0xff,0xff,
0xff,0xff,0xff,0xff,0xf4,0x72,0x00,0x00,0x00,0x00,0x00,0x00,0x00,0x00,0x13,0x7d,
0xd2,0xff,0xff,0xff,0xff,0xff,0xff,0xff,0xda,0x83,0x19,0x00,0x00,0x00,0x00,0x00,
0x00,0x00,0x00,0x00,0x00,0x00,0x00,0x06,0x44,0x4e,0x50,0x4e,0x44,0x08,0x00,0x00,
0x00,0x00,0x00,0x00,0x00,0x00,0x96,0xae,0xae,0xae,0xae,0x6e,0x00,0x00,0x00,0x00,
0x00,0x00,0x00,0x00,0x00,0x00,0x00,0x26,0xae,0xae,0xae,0xae,0xae,0x33,0x92,0xff,
0xff,0xff,0xff,0xdd,0x00,0x00,0x00,0x00,0x00,0x00,0x00,0x00,0x00,0x00,0x00,0x7b,
0xff,0xff,0xff,0xff,0xf8,0x04,0x3d,0xff,0xff,0xff,0xff,0xff,0x30,0x00,0x00,0x00,
0x00,0x00,0x00,0x00,0x00,0x00,0x00,0xcc,0xff,0xff,0xff,0xff,0xa3,0x00,0x00,0xe3,
0xff,0xff,0xff,0xff,0x81,0x00,0x00,0x00,0x00,0x00,0x00,0x00,0x00,0x00,0x1b,0xff,
0xff,0xff,0xff,0xff,0x4e,0x00,0x00,0x8e,0xff,0xff,0xff,0xff,0xd0,0x00,0x00,0x00,
0x00,0x00,0x00,0x00,0x00,0x00,0x6e,0xff,0xff,0xff,0xff,0xf2,0x02,0x00,0x00,0x35,
0xff,0xff,0xff,0xff,0xff,0x22,0x00,0x00,0x00,0x00,0x00,0x00,0x00,0x00,0xbf,0xff,
0xff,0xff,0xff,0x9f,0x00,0x00,0x00,0x00,0xdf,0xff,0xff,0xff,0xff,0x72,0x00,0x00,
0x00,0x00,0x00,0x00,0x00,0x11,0xfc,0xff,0xff,0xff,0xff,0x46,0x00,0x00,0x00,0x00,
0x8c,0xff,0xff,0xff,0xff,0xc1,0x00,0x00,0x00,0x00,0x00,0x00,0x00,0x61,0xff,0xff,
0xff,0xff,0xee,0x02,0x00,0x00,0x00,0x00,0x33,0xff,0xff,0xff,0xff,0xfc,0x13,0x00,
0x00,0x00,0x00,0x00,0x00,0xb2,0xff,0xff,0xff,0xff,0x9b,0x00,0x00,0x00,0x00,0x00,
0x00,0xdd,0xff,0xff,0xff,0xff,0x63,0x00,0x00,0x00,0x00,0x00,0x06,0xfa,0xff,0xff,
0xff,0xff,0x41,0x00,0x00,0x00,0x00,0x00,0x00,0x85,0xff,0xff,0xff,0xff,0xb4,0x00,
0x00,0x00,0x00,0x00,0x57,0xff,0xff,0xff,0xff,0xe9,0x00,0x00,0x00,0x00,0x00,0x00,
0x00,0x2e,0xff,0xff,0xff,0xff,0xfa,0x06,0x00,0x00,0x00,0x00,0xa7,0xff,0xff,0xff,
0xff,0x92,0x00,0x00,0x00,0x00,0x00,0x00,0x00,0x00,0xd8,0xff,0xff,0xff,0xff,0x55,
0x00,0x00,0x00,0x02,0xf4,0xff,0xff,0xff,0xff,0x3d,0x00,0x00,0x00,0x00,0x00,0x00,
0x00,0x00,0x7f,0xff,0xff,0xff,0xff,0xa7,0x00,0x00,0x00,0x4c,0xff,0xff,0xff,0xff,
0xe5,0x00,0x00,0x00,0x00,0x00,0x00,0x00,0x00,0x00,0x28,0xff,0xff,0xff,0xff,0xf4,
0x02,0x00,0x00,0x9b,0xff,0xff,0xff,0xff,0x8e,0x00,0x00,0x00,0x00,0x00,0x00,0x00,
0x00,0x00,0x00,0xd2,0xff,0xff,0xff,0xff,0x46,0x00,0x02,0xe9,0xff,0xff,0xff,0xff,
0x37,0x00,0x00,0x00,0x00,0x00,0x00,0x00,0x00,0x00,0x00,0x7d,0xff,0xff,0xff,0xff,
0x90,0x00,0x3b,0xff,0xff,0xff,0xff,0xdf,0x00,0x00,0x00,0x00,0x00,0x00,0x00,0x00,
0x00,0x00,0x00,0x24,0xff,0xff,0xff,0xff,0xd4,0x00,0x7b,0xff,0xff,0xff,0xff,0x88,
0x00,0x00,0x00,0x00,0x00,0x00,0x00,0x00,0x00,0x00,0x00,0x00,0xce,0xff,0xff,0xff,
0xff,0x15,0xb4,0xff,0xff,0xff,0xff,0x30,0x00,0x00,0x00,0x00,0x00,0x00,0x00,0x00,
0x00,0x00,0x00,0x00,0x77,0xff,0xff,0xff,0xff,0x55,0xf8,0xff,0xff,0xff,0xda,0x00,
0x00,0x00,0x00,0x00,0x00,0x00,0x00,0x00,0x00,0x00,0x00,0x00,0x1f,0xff,0xff,0xff,
0xff,0xbb,0xff,0xff,0xff,0xff,0x83,0x00,0x00,0x00,0x00,0x00,0x00,0x00,0x00,0x00,
0x00,0x00,0x00,0x00,0x00,0xcc,0xff,0xff,0xff,0xfa,0xff,0xff,0xff,0xff,0x2a,0x00,
0x00,0x00,0x00,0x00,0x00,0x00,0x00,0x00,0x00,0x00,0x00,0x00,0x00,0x72,0xff,0xff,
0xff,0xff,0xff,0xff,0xff,0xd4,0x00,0x00,0x00,0x00,0x00,0x00,0x00,0x00,0x00,0x00,
0x00,0x00,0x00,0x00,0x00,0x1d,0xff,0xff,0xff,0xff,0xff,0xff,0xff,0x7d,0x00,0x00,
0x00,0x00,0x00,0x00,0x00,0x00,0x00,0x00,0x00,0x00,0x00,0x00,0x00,0x00,0xc5,0xff,
0xff,0xff,0xff,0xff,0xff,0x26,0x00,0x00,0x00,0x00,0x00,0x00,0x00,0x00,0x00,0x00,
0x00,0x00,0x00,0x00,0x00,0x00,0x6e,0xff,0xff,0xff,0xff,0xff,0xd0,0x00,0x00,0x00,
0x00,0x00,0x00,0x00,0x00,0x00,0xa1,0xae,0xae,0xae,0xae,0x44,0x00,0x00,0x00,0x00,
0x00,0x00,0x00,0x00,0x33,0xae,0xae,0xae,0xae,0xae,0x04,0x00,0x00,0x00,0x00,0x00,
0x00,0x00,0x00,0x70,0xae,0xae,0xae,0xae,0x77,0xac,0xff,0xff,0xff,0xff,0xa3,0x00,
0x00,0x00,0x00,0x00,0x00,0x00,0x00,0x77,0xff,0xff,0xff,0xff,0xff,0x4c,0x00,0x00,
0x00,0x00,0x00,0x00,0x00,0x00,0xd0,0xff,0xff,0xff,0xff,0x7d,0x6a,0xff,0xff,0xff,
0xff,0xda,0x00,0x00,0x00,0x00,0x00,0x00,0x00,0x00,0xb6,0xff,0xff,0xff,0xff,0xff,
0x8a,0x00,0x00,0x00,0x00,0x00,0x00,0x00,0x06,0xfc,0xff,0xff,0xff,0xff,0x41,0x2c,
0xff,0xff,0xff,0xff,0xff,0x11,0x00,0x00,0x00,0x00,0x00,0x00,0x02,0xfa,0xff,0xff,
0xff,0xff,0xff,0xc9,0x00,0x00,0x00,0x00,0x00,0x00,0x00,0x4c,0xff,0xff,0xff,0xff,
0xfa,0x02,0x00,0xeb,0xff,0xff,0xff,0xff,0x52,0x00,0x00,0x00,0x00,0x00,0x00,0x44,
0xff,0xff,0xff,0xff,0xff,0xff,0xfc,0x0c,0x00,0x00,0x00,0x00,0x00,0x00,0x85,0xff,
0xff,0xff,0xff,0xb6,0x00,0x00,0xa7,0xff,0xff,0xff,0xff,0x90,0x00,0x00,0x00,0x00,
0x00,0x00,0x81,0xff,0xff,0xff,0xff,0xff,0xff,0xff,0x50,0x00,0x00,0x00,0x00,0x00,
0x00,0xb8,0xff,0xff,0xff,0xff,0x77,0x00,0x00,0x63,0xff,0xff,0xff,0xff,0xc5,0x00,
0x00,0x00,0x00,0x00,0x00,0xc1,0xff,0xff,0xff,0xf8,0xff,0xff,0xff,0x96,0x00,0x00,
0x00,0x00,0x00,0x02,0xfa,0xff,0xff,0xff,0xff,0x39,0x00,0x00,0x26,0xff,0xff,0xff,
0xff,0xfc,0x04,0x00,0x00,0x00,0x00,0x04,0xfc,0xff,0xff,0xff,0xb8,0xff,0xff,0xff,
0xd4,0x00,0x00,0x00,0x00,0x00,0x3b,0xff,0xff,0xff,0xff,0xf6,0x02,0x00,0x00,0x00,
0xe7,0xff,0xff,0xff,0xff,0x46,0x00,0x00,0x00,0x00,0x4a,0xff,0xff,0xff,0xff,0x50,
0xff,0xff,0xff,0xff,0x15,0x00,0x00,0x00,0x00,0x6e,0xff,0xff,0xff,0xff,0xae,0x00,
0x00,0x00,0x00,0xa7,0xff,0xff,0xff,0xff,0x7d,0x00,0x00,0x00,0x00,0x8c,0xff,0xff,
0xff,0xda,0x06,0xff,0xff,0xff,0xff,0x57,0x00,0x00,0x00,0x00,0xac,0xff,0xff,0xff,
0xff,0x70,0x00,0x00,0x00,0x00,0x5f,0xff,0xff,0xff,0xff,0xb4,0x00,0x00,0x00,0x00,
0xcc,0xff,0xff,0xff,0xa5,0x00,0xd8,0xff,0xff,0xff,0xa1,0x00,0x00,0x00,0x00,0xf0,
0xff,0xff,0xff,0xff,0x35,0x00,0x00,0x00,0x00,0x22,0xff,0xff,0xff,0xff,0xf6,0x00,
0x00,0x00,0x0c,0xff,0xff,0xff,0xff,0x6a,0x00,0xa5,0xff,0xff,0xff,0xdf,0x00,0x00,
0x00,0x26,0xff,0xff,0xff,0xff,0xf6,0x00,0x00,0x00,0x00,0x00,0x00,0xe1,0xff,0xff,
0xff,0xff,0x33,0x00,0x00,0x52,0xff,0xff,0xff,0xff,0x33,0x00,0x63,0xff,0xff,0xff,
0xff,0x1f,0x00,0x00,0x5d,0xff,0xff,0xff,0xff,0xac,0x00,0x00,0x00,0x00,0x00,0x00,
0xa3,0xff,0xff,0xff,0xff,0x6a,0x00,0x00,0x94,0xff,0xff,0xff,0xf4,0x00,0x00,0x26,
0xff,0xff,0xff,0xff,0x61,0x00,0x00,0xa3,0xff,0xff,0xff,0xff,0x6c,0x00,0x00,0x00,
0x00,0x00,0x00,0x57,0xff,0xff,0xff,0xff,0xa7,0x00,0x00,0xd4,0xff,0xff,0xff,0xaa,
0x00,0x00,0x00,0xe7,0xff,0xff,0xff,0xa7,0x00,0x00,0xd8,0xff,0xff,0xff,0xff,0x2e,
0x00,0x00,0x00,0x00,0x00,0x00,0x19,0xff,0xff,0xff,0xff,0xe9,0x00,0x13,0xff,0xff,
0xff,0xff,0x68,0x00,0x00,0x00,0xa5,0xff,0xff,0xff,0xeb,0x00,0x0a,0xff,0xff,0xff,
0xff,0xee,0x00,0x00,0x00,0x00,0x00,0x00,0x00,0x00,0xdd,0xff,0xff,0xff,0xff,0x15,
0x50,0xff,0xff,0xff,0xff,0x2a,0x00,0x00,0x00,0x5b,0xff,0xff,0xff,0xff,0x19,0x4c,
0xff,0xff,0xff,0xff,0xa7,0x00,0x00,0x00,0x00,0x00,0x00,0x00,0x00,0x9f,0xff,0xff,
0xff,0xff,0x4c,0x81,0xff,0xff,0xff,0xeb,0x00,0x00,0x00,0x00,0x1b,0xff,0xff,0xff,
0xff,0x50,0x7b,0xff,0xff,0xff,0xff,0x66,0x00,0x00,0x00,0x00,0x00,0x00,0x00,0x00,
0x57,0xff,0xff,0xff,0xff,0x77,0xac,0xff,0xff,0xff,0xa7,0x00,0x00,0x00,0x00,0x00,
0xda,0xff,0xff,0xff,0x7d,0xac,0xff,0xff,0xff,0xff,0x28,0x00,0x00,0x00,0x00,0x00,
0x00,0x00,0x00,0x17,0xff,0xff,0xff,0xff,0xa7,0xdd,0xff,0xff,0xff,0x63,0x00,0x00,
0x00,0x00,0x00,0x9d,0xff,0xff,0xff,0xa7,0xdd,0xff,0xff,0xff,0xeb,0x00,0x00,0x00,
0x00,0x00,0x00,0x00,0x00,0x00,0x00,0xd6,0xff,0xff,0xff,0xd2,0xfc,0xff,0xff,0xff,
0x24,0x00,0x00,0x00,0x00,0x00,0x57,0xff,0xff,0xff,0xd2,0xfc,0xff,0xff,0xff,0xa7,
0x00,0x00,0x00,0x00,0x00,0x00,0x00,0x00,0x00,0x00,0x99,0xff,0xff,0xff,0xff,0xff,
0xff,0xff,0xe3,0x00,0x00,0x00,0x00,0x00,0x00,0x13,0xff,0xff,0xff,0xff,0xff,0xff,
0xff,0xff,0x61,0x00,0x00,0x00,0x00,0x00,0x00,0x00,0x00,0x00,0x00,0x52,0xff,0xff,
0xff,0xff,0xff,0xff,0xff,0xa3,0x00,0x00,0x00,0x00,0x00,0x00,0x00,0xd2,0xff,0xff,
0xff,0xff,0xff,0xff,0xff,0x24,0x00,0x00,0x00,0x00,0x00,0x00,0x00,0x00,0x00,0x00,
0x11,0xff,0xff,0xff,0xff,0xff,0xff,0xff,0x59,0x00,0x00,0x00,0x00,0x00,0x00,0x00,
0x94,0xff,0xff,0xff,0xff,0xff,0xff,0xe3,0x00,0x00,0x00,0x00,0x00,0x00,0x00,0x00,
0x00,0x00,0x00,0x00,0xd2,0xff,0xff,0xff,0xff,0xff,0xff,0x1b,0x00,0x00,0x00,0x00,
0x00,0x00,0x00,0x50,0xff,0xff,0xff,0xff,0xff,0xff,0xa1,0x00,0x00,0x00,0x00,0x00,
0x00,0x00,0x00,0x00,0x00,0x00,0x00,0x94,0xff,0xff,0xff,0xff,0xff,0xdf,0x00,0x00,
0x00,0x00,0x00,0x00,0x00,0x00,0x0a,0xfc,0xff,0xff,0xff,0xff,0xff,0x59,0x00,0x00,
0x00,0x00,0x00,0x00,0x24,0xae,0xae,0xae,0xae,0xae,0x83,0x00,0x00,0x00,0x00,0x00,
0x00,0x00,0x00,0x00,0x00,0x70,0xae,0xae,0xae,0xae,0xae,0x1b,0x00,0xaa,0xff,0xff,
0xff,0xff,0xff,0x3f,0x00,0x00,0x00,0x00,0x00,0x00,0x00,0x00,0x2a,0xfc,0xff,0xff,
0xff,0xff,0xa1,0x00,0x00,0x17,0xee,0xff,0xff,0xff,0xff,0xd4,0x02,0x00,0x00,0x00,
0x00,0x00,0x00,0x00,0xbf,0xff,0xff,0xff,0xff,0xe9,0x13,0x00,0x00,0x00,0x61,0xff,
0xff,0xff,0xff,0xff,0x74,0x00,0x00,0x00,0x00,0x00,0x00,0x52,0xff,0xff,0xff,0xff,
0xff,0x5d,0x00,0x00,0x00,0x00,0x00,0xbd,0xff,0xff,0xff,0xff,0xf2,0x19,0x00,0x00,
0x00,0x00,0x06,0xe1,0xff,0xff,0xff,0xff,0xbd,0x00,0x00,0x00,0x00,0x00,0x00,0x22,
0xf6,0xff,0xff,0xff,0xff,0xa5,0x00,0x00,0x00,0x00,0x7f,0xff,0xff,0xff,0xff,0xf8,
0x22,0x00,0x00,0x00,0x00,0x00,0x00,0x00,0x74,0xff,0xff,0xff,0xff,0xff,0x3f,0x00,
0x00,0x1f,0xf8,0xff,0xff,0xff,0xff,0x77,0x00,0x00,0x00,0x00,0x00,0x00,0x00,0x00,
0x00,0xd0,0xff,0xff,0xff,0xff,0xd4,0x02,0x00,0xb0,0xff,0xff,0xff,0xff,0xd0,0x02,
0x00,0x00,0x00,0x00,0x00,0x00,0x00,0x00,0x00,0x2e,0xfc,0xff,0xff,0xff,0xff,0x74,
0x3f,0xff,0xff,0xff,0xff,0xff,0x33,0x00,0x00,0x00,0x00,0x00,0x00,0x00,0x00,0x00,
0x00,0x00,0x85,0xff,0xff,0xff,0xff,0xf2,0xd8,0xff,0xff,0xff,0xff,0x90,0x00,0x00,
0x00,0x00,0x00,0x00,0x00,0x00,0x00,0x00,0x00,0x00,0x06,0xdd,0xff,0xff,0xff,0xff,
0xff,0xff,0xff,0xff,0xe3,0x0c,0x00,0x00,0x00,0x00,0x00,0x00,0x00,0x00,0x00,0x00,
0x00,0x00,0x00,0x3f,0xff,0xff,0xff,0xff,0xff,0xff,0xff,0xff,0x4e,0x00,0x00,0x00,
0x00,0x00,0x00,0x00,0x00,0x00,0x00,0x00,0x00,0x00,0x00,0x00,0xa5,0xff,0xff,0xff,
0xff,0xff,0xff,0xaa,0x00,0x00,0x00,0x00,0x00,0x00,0x00,0x00,0x00,0x00,0x00,0x00,
0x00,0x00,0x00,0x0c,0xe3,0xff,0xff,0xff,0xff,0xff,0xff,0x9f,0x00,0x00,0x00,0x00,
0x00,0x00,0x00,0x00,0x00,0x00,0x00,0x00,0x00,0x00,0x00,0x90,0xff,0xff,0xff,0xff,
0xff,0xff,0xff,0xff,0x4a,0x00,0x00,0x00,0x00,0x00,0x00,0x00,0x00,0x00,0x00,0x00,
0x00,0x00,0x39,0xff,0xff,0xff,0xff,0xff,0xff,0xff,0xff,0xff,0xe5,0x11,0x00,0x00,
0x00,0x00,0x00,0x00,0x00,0x00,0x00,0x00,0x00,0x04,0xd6,0xff,0xff,0xff,0xff,0xb0,
0xf0,0xff,0xff,0xff,0xff,0xa1,0x00,0x00,0x00,0x00,0x00,0x00,0x00,0x00,0x00,0x00,
0x00,0x81,0xff,0xff,0xff,0xff,0xf0,0x19,0x68,0xff,0xff,0xff,0xff,0xff,0x4a,0x00,
0x00,0x00,0x00,0x00,0x00,0x00,0x00,0x00,0x2a,0xfc,0xff,0xff,0xff,0xff,0x6c,0x00,
0x00,0xce,0xff,0xff,0xff,0xff,0xe5,0x11,0x00,0x00,0x00,0x00,0x00,0x00,0x00,0x00,
0xcc,0xff,0xff,0xff,0xff,0xd0,0x00,0x00,0x00,0x30,0xff,0xff,0xff,0xff,0xff,0xa5,
0x00,0x00,0x00,0x00,0x00,0x00,0x00,0x70,0xff,0xff,0xff,0xff,0xff,0x30,0x00,0x00,
0x00,0x00,0x90,0xff,0xff,0xff,0xff,0xff,0x50,0x00,0x00,0x00,0x00,0x00,0x1f,0xf4,
0xff,0xff,0xff,0xff,0x90,0x00,0x00,0x00,0x00,0x00,0x0c,0xe5,0xff,0xff,0xff,0xff,
0xe9,0x13,0x00,0x00,0x00,0x00,0xbb,0xff,0xff,0xff,0xff,0xe7,0x0e,0x00,0x00,0x00,
0x00,0x00,0x00,0x59,0xff,0xff,0xff,0xff,0xff,0xa7,0x00,0x00,0x00,0x5d,0xff,0xff,
0xff,0xff,0xff,0x59,0x00,0x00,0x00,0x00,0x00,0x00,0x00,0x00,0xbd,0xff,0xff,0xff,
0xff,0xff,0x52,0x00,0x15,0xeb,0xff,0xff,0xff,0xff,0xbb,0x00,0x00,0x00,0x00,0x00,
0x00,0x00,0x00,0x00,0x24,0xfa,0xff,0xff,0xff,0xff,0xe9,0x13,0xaa,0xff,0xff,0xff,
0xff,0xfa,0x24,0x00,0x00,0x00,0x00,0x00,0x00,0x00,0x00,0x00,0x00,0x7f,0xff,0xff,
0xff,0xff,0xff,0xaa,0x8a,0xae,0xae,0xae,0xae,0xae,0x0c,0x00,0x00,0x00,0x00,0x00,
0x00,0x00,0x00,0x00,0x63,0xae,0xae,0xae,0xae,0xae,0x2c,0x55,0xff,0xff,0xff,0xff,
0xff,0x7d,0x00,0x00,0x00,0x00,0x00,0x00,0x00,0x00,0x0c,0xee,0xff,0xff,0xff,0xff,
0xce,0x00,0x00,0xce,0xff,0xff,0xff,0xff,0xf0,0x0e,0x00,0x00,0x00,0x00,0x00,0x00,
0x00,0x81,0xff,0xff,0xff,0xff,0xff,0x3f,0x00,0x00,0x41,0xff,0xff,0xff,0xff,0xff,
0x7d,0x00,0x00,0x00,0x00,0x00,0x00,0x11,0xf2,0xff,0xff,0xff,0xff,0xb6,0x00,0x00,
0x00,0x00,0xbd,0xff,0xff,0xff,0xff,0xf2,0x0e,0x00,0x00,0x00,0x00,0x00,0x83,0xff,
0xff,0xff,0xff,0xff,0x2a,0x00,0x00,0x00,0x00,0x2e,0xff,0xff,0xff,0xff,0xff,0x7f,
0x00,0x00,0x00,0x00,0x13,0xf4,0xff,0xff,0xff,0xff,0x9f,0x00,0x00,0x00,0x00,0x00,
0x00,0xa3,0xff,0xff,0xff,0xff,0xf2,0x0e,0x00,0x00,0x00,0x85,0xff,0xff,0xff,0xff,
0xfa,0x1b,0x00,0x00,0x00,0x00,0x00,0x00,0x22,0xfc,0xff,0xff,0xff,0xff,0x83,0x00,
0x00,0x15,0xf4,0xff,0xff,0xff,0xff,0x85,0x00,0x00,0x00,0x00,0x00,0x00,0x00,0x00,
0x8e,0xff,0xff,0xff,0xff,0xf4,0x13,0x00,0x8a,0xff,0xff,0xff,0xff,0xee,0x0e,0x00,
0x00,0x00,0x00,0x00,0x00,0x00,0x00,0x15,0xf4,0xff,0xff,0xff,0xff,0x83,0x17,0xf8,
0xff,0xff,0xff,0xff,0x74,0x00,0x00,0x00,0x00,0x00,0x00,0x00,0x00,0x00,0x00,0x7f,
0xff,0xff,0xff,0xff,0xf4,0x9f,0xff,0xff,0xff,0xff,0xdf,0x04,0x00,0x00,0x00,0x00,
0x00,0x00,0x00,0x00,0x00,0x00,0x0c,0xe7,0xff,0xff,0xff,0xff,0xff,0xff,0xff,0xff,
0xff,0x5d,0x00,0x00,0x00,0x00,0x00,0x00,0x00,0x00,0x00,0x00,0x00,0x00,0x6e,0xff,
0xff,0xff,0xff,0xff,0xff,0xff,0xff,0xd2,0x00,0x00,0x00,0x00,0x00,0x00,0x00,0x00,
0x00,0x00,0x00,0x00,0x00,0x02,0xdd,0xff,0xff,0xff,0xff,0xff,0xff,0xff,0x44,0x00,
0x00,0x00,0x00,0x00,0x00,0x00,0x00,0x00,0x00,0x00,0x00,0x00,0x00,0x59,0xff,0xff,
0xff,0xff,0xff,0xff,0xbd,0x00,0x00,0x00,0x00,0x00,0x00,0x00,0x00,0x00,0x00,0x00,
0x00,0x00,0x00,0x00,0x00,0xd0,0xff,0xff,0xff,0xff,0xff,0x2e,0x00,0x00,0x00,0x00,
0x00,0x00,0x00,0x00,0x00,0x00,0x00,0x00,0x00,0x00,0x00,0x00,0x68,0xff,0xff,0xff,
0xff,0xf2,0x00,0x00,0x00,0x00,0x00,0x00,0x00,0x00,0x00,0x00,0x00,0x00,0x00,0x00,
0x00,0x00,0x00,0x63,0xff,0xff,0xff,0xff,0xf2,0x00,0x00,0x00,0x00,0x00,0x00,0x00,
0x00,0x00,0x00,0x00,0x00,0x00,0x00,0x00,0x00,0x00,0x63,0xff,0xff,0xff,0xff,0xf2,
0x00,0x00,0x00,0x00,0x00,0x00,0x00,0x00,0x00,0x00,0x00,0x00,0x00,0x00,0x00,0x00,
0x00,0x63,0xff,0xff,0xff,0xff,0xf2,0x00,0x00,0x00,0x00,0x00,0x00,0x00,0x00,0x00,
0x00,0x00,0x00,0x00,0x00,0x00,0x00,0x00,0x63,0xff,0xff,0xff,0xff,0xf2,0x00,0x00,
0x00,0x00,0x00,0x00,0x00,0x00,0x00,0x00,0x00,0x00,0x00,0x00,0x00,0x00,0x00,0x63,
0xff,0xff,0xff,0xff,0xf2,0x00,0x00,0x00,0x00,0x00,0x00,0x00,0x00,0x00,0x00,0x00,
0x00,0x00,0x00,0x00,0x00,0x00,0x63,0xff,0xff,0xff,0xff,0xf2,0x00,0x00,0x00,0x00,
0x00,0x00,0x00,0x00,0x00,0x00,0x00,0x00,0x00,0x00,0x00,0x00,0x00,0x63,0xff,0xff,
0xff,0xff,0xf2,0x00,0x00,0x00,0x00,0x00,0x00,0x00,0x00,0x00,0x00,0x00,0x00,0x00,
0x00,0x00,0x00,0x00,0x63,0xff,0xff,0xff,0xff,0xf2,0x00,0x00,0x00,0x00,0x00,0x00,
0x00,0x00,0x00,0x00,0x00,0x00,0x00,0x00,0x00,0x00,0x00,0x63,0xff,0xff,0xff,0xff,
0xf2,0x00,0x00,0x00,0x00,0x00,0x00,0x00,0x00,0x00,0x00,0x7f,0xae,0xae,0xae,0xae,
0xae,0xae,0xae,0xae,0xae,0xae,0xae,0xae,0xae,0xae,0xae,0xae,0xae,0x72,0x00,0xbb,
0xff,0xff,0xff,0xff,0xff,0xff,0xff,0xff,0xff,0xff,0xff,0xff,0xff,0xff,0xff,0xff,
0xff,0xa7,0x00,0xbb,0xff,0xff,0xff,0xff,0xff,0xff,0xff,0xff,0xff,0xff,0xff,0xff,
0xff,0xff,0xff,0xff,0xff,0xa7,0x00,0xbb,0xff,0xff,0xff,0xff,0xff,0xff,0xff,0xff,
0xff,0xff,0xff,0xff,0xff,0xff,0xff,0xff,0xff,0xa7,0x00,0x83,0xb4,0xb4,0xb4,0xb4,
0xb4,0xb4,0xb4,0xb4,0xb4,0xb4,0xb4,0xf4,0xff,0xff,0xff,0xff,0xfc,0x2e,0x00,0x00,
0x00,0x00,0x00,0x00,0x00,0x00,0x00,0x00,0x00,0x00,0x4c,0xff,0xff,0xff,0xff,0xff,
0x79,0x00,0x00,0x00,0x00,0x00,0x00,0x00,0x00,0x00,0x00,0x00,0x00,0x15,0xe9,0xff,
0xff,0xff,0xff,0xc5,0x00,0x00,0x00,0x00,0x00,0x00,0x00,0x00,0x00,0x00,0x00,0x00,
0x00,0xb0,0xff,0xff,0xff,0xff,0xf2,0x1f,0x00,0x00,0x00,0x00,0x00,0x00,0x00,0x00,
0x00,0x00,0x00,0x00,0x63,0xff,0xff,0xff,0xff,0xff,0x5f,0x00,0x00,0x00,0x00,0x00,
0x00,0x00,0x00,0x00,0x00,0x00,0x00,0x22,0xf2,0xff,0xff,0xff,0xff,0xb0,0x00,0x00,
0x00,0x00,0x00,0x00,0x00,0x00,0x00,0x00,0x00,0x00,0x00,0xc7,0xff,0xff,0xff,0xff,
0xe9,0x13,0x00,0x00,0x00,0x00,0x00,0x00,0x00,0x00,0x00,0x00,0x00,0x00,0x79,0xff,
0xff,0xff,0xff,0xff,0x4a,0x00,0x00,0x00,0x00,0x00,0x00,0x00,0x00,0x00,0x00,0x00,
0x00,0x30,0xfc,0xff,0xff,0xff,0xff,0x99,0x00,0x00,0x00,0x00,0x00,0x00,0x00,0x00,
0x00,0x00,0x00,0x00,0x06,0xd8,0xff,0xff,0xff,0xff,0xda,0x0a,0x00,0x00,0x00,0x00,
0x00,0x00,0x00,0x00,0x00,0x00,0x00,0x00,0x90,0xff,0xff,0xff,0xff,0xfc,0x37,0x00,
0x00,0x00,0x00,0x00,0x00,0x00,0x00,0x00,0x00,0x00,0x00,0x44,0xff,0xff,0xff,0xff,
0xff,0x81,0x00,0x00,0x00,0x00,0x00,0x00,0x00,0x00,0x00,0x00,0x00,0x00,0x11,0xe7,
0xff,0xff,0xff,0xff,0xcc,0x00,0x00,0x00,0x00,0x00,0x00,0x00,0x00,0x00,0x00,0x00,
0x00,0x00,0xaa,0xff,0xff,0xff,0xff,0xf4,0x26,0x00,0x00,0x00,0x00,0x00,0x00,0x00,
0x00,0x00,0x00,0x00,0x00,0x5b,0xff,0xff,0xff,0xff,0xff,0x6a,0x00,0x00,0x00,0x00,
0x00,0x00,0x00,0x00,0x00,0x00,0x00,0x00,0x1d,0xee,0xff,0xff,0xff,0xff,0xb6,0x00,
0x00,0x00,0x00,0x00,0x00,0x00,0x00,0x00,0x00,0x00,0x00,0x00,0xbf,0xff,0xff,0xff,
0xff,0xeb,0x17,0x00,0x00,0x00,0x00,0x00,0x00,0x00,0x00,0x00,0x00,0x00,0x00,0x74,
0xff,0xff,0xff,0xff,0xff,0xcc,0x94,0x94,0x94,0x94,0x94,0x94,0x94,0x94,0x94,0x94,
0x94,0x90,0x08,0xf8,0xff,0xff,0xff,0xff,0xff,0xff,0xff,0xff,0xff,0xff,0xff,0xff,
0xff,0xff,0xff,0xff,0xff,0xf8,0x0c,0xff,0xff,0xff,0xff,0xff,0xff,0xff,0xff,0xff,
0xff,0xff,0xff,0xff,0xff,0xff,0xff,0xff,0xff,0xf8,0x0c,0xff,0xff,0xff,0xff,0xff,
0xff,0xff,0xff,0xff,0xff,0xff,0xff,0xff,0xff,0xff,0xff,0xff,0xff,0xf8,0x0c,0xff,
0xff,0xff,0xff,0xff,0xff,0xff,0xff,0xff,0xff,0xff,0xff,0xff,0xff,0xff,0xff,0xff,
0xff,0xf8,0x44,0xae,0xae,0xae,0xae,0xae,0xae,0xae,0xae,0x63,0xff,0xff,0xff,0xff,
0xff,0xff,0xff,0xff,0x63,0xff,0xff,0xff,0xff,0xff,0xff,0xff,0xff,0x63,0xff,0xff,
0xff,0xff,0xff,0xff,0xff,0xff,0x63,0xff,0xff,0xff,0xff,0x06,0x00,0x00,0x00,0x63,
0xff,0xff,0xff,0xff,0x06,0x00,0x00,0x00,0x63,0xff,0xff,0xff,0xff,0x06,0x00,0x00,
0x00,0x63,0xff,0xff,0xff,0xff,0x06,0x00,0x00,0x00,0x63,0xff,0xff,0xff,0xff,0x06,
0x00,0x00,0x00,0x63,0xff,0xff,0xff,0xff,0x06,0x00,0x00,0x00,0x63,0xff,0xff,0xff,
0xff,0x06,0x00,0x00,0x00,0x63,0xff,0xff,0xff,0xff,0x06,0x00,0x00,0x00,0x63,0xff,
0xff,0xff,0xff,0x06,0x00,0x00,0x00,0x63,0xff,0xff,0xff,0xff,0x06,0x00,0x00,0x00,
0x63,0xff,0xff,0xff,0xff,0x06,0x00,0x00,0x00,0x63,0xff,0xff,0xff,0xff,0x06,0x00,
0x00,0x00,0x63,0xff,0xff,0xff,0xff,0x06,0x00,0x00,0x00,0x63,0xff,0xff,0xff,0xff,
0x06,0x00,0x00,0x00,0x63,0xff,0xff,0xff,0xff,0x06,0x00,0x00,0x00,0x63,0xff,0xff,
0xff,0xff,0x06,0x00,0x00,0x00,0x63,0xff,0xff,0xff,0xff,0x06,0x00,0x00,0x00,0x63,
0xff,0xff,0xff,0xff,0x06,0x00,0x00,0x00,0x63,0xff,0xff,0xff,0xff,0x06,0x00,0x00,
0x00,0x63,0xff,0xff,0xff,0xff,0x06,0x00,0x00,0x00,0x63,0xff,0xff,0xff,0xff,0x06,
0x00,0x00,0x00,0x63,0xff,0xff,0xff,0xff,0x06,0x00,0x00,0x00,0x63,0xff,0xff,0xff,
0xff,0x06,0x00,0x00,0x00,0x63,0xff,0xff,0xff,0xff,0x06,0x00,0x00,0x00,0x63,0xff,
0xff,0xff,0xff,0xff,0xff,0xff,0xff,0x63,0xff,0xff,0xff,0xff,0xff,0xff,0xff,0xff,
0x63,0xff,0xff,0xff,0xff,0xff,0xff,0xff,0xff,0x41,0xa7,0xa7,0xa7,0xa7,0xa7,0xa7,
0xa7,0xa7,0x70,0xae,0xae,0xae,0xae,0x22,0x00,0x00,0x00,0x00,0x00,0x00,0x00,0x00,
0x00,0x4e,0xff,0xff,0xff,0xff,0x7f,0x00,0x00,0x00,0x00,0x00,0x00,0x00,0x00,0x00,
0x02,0xeb,0xff,0xff,0xff,0xdf,0x00,0x00,0x00,0x00,0x00,0x00,0x00,0x00,0x00,0x00,
0x90,0xff,0xff,0xff,0xff,0x3d,0x00,0x00,0x00,0x00,0x00,0x00,0x00,0x00,0x00,0x30,
0xff,0xff,0xff,0xff,0x9d,0x00,0x00,0x00,0x00,0x00,0x00,0x00,0x00,0x00,0x00,0xd2,
0xff,0xff,0xff,0xf6,0x06,0x00,0x00,0x00,0x00,0x00,0x00,0x00,0x00,0x00,0x72,0xff,
0xff,0xff,0xff,0x61,0x00,0x00,0x00,0x00,0x00,0x00,0x00,0x00,0x00,0x17,0xfc,0xff,
0xff,0xff,0xbf,0x00,0x00,0x00,0x00,0x00,0x00,0x00,0x00,0x00,0x00,0xb8,0xff,0xff,
0xff,0xff,0x1f,0x00,0x00,0x00,0x00,0x00,0x00,0x00,0x00,0x00,0x57,0xff,0xff,0xff,
0xff,0x7d,0x00,0x00,0x00,0x00,0x00,0x00,0x00,0x00,0x00,0x04,0xf0,0xff,0xff,0xff,
0xdd,0x00,0x00,0x00,0x00,0x00,0x00,0x00,0x00,0x00,0x00,0x94,0xff,0xff,0xff,0xff,
0x3b,0x00,0x00,0x00,0x00,0x00,0x00,0x00,0x00,0x00,0x37,0xff,0xff,0xff,0xff,0x9b,
0x00,0x00,0x00,0x00,0x00,0x00,0x00,0x00,0x00,0x00,0xd6,0xff,0xff,0xff,0xf4,0x04,
0x00,0x00,0x00,0x00,0x00,0x00,0x00,0x00,0x00,0x7b,0xff,0xff,0xff,0xff,0x5d,0x00,
0x00,0x00,0x00,0x00,0x00,0x00,0x00,0x00,0x1d,0xff,0xff,0xff,0xff,0xbb,0x00,0x00,
0x00,0x00,0x00,0x00,0x00,0x00,0x00,0x00,0xbd,0xff,0xff,0xff,0xfc,0x1b,0x00,0x00,
0x00,0x00,0x00,0x00,0x00,0x00,0x00,0x5f,0xff,0xff,0xff,0xff,0x79,0x00,0x00,0x00,
0x00,0x00,0x00,0x00,0x00,0x00,0x04,0xf4,0xff,0xff,0xff,0xd6,0x00,0x00,0x00,0x00,
0x00,0x00,0x00,0x00,0x00,0x00,0x9b,0xff,0xff,0xff,0xff,0x37,0x00,0x00,0x00,0x00,
0x00,0x00,0x00,0x00,0x00,0x3b,0xff,0xff,0xff,0xff,0x94,0x00,0x00,0x00,0x00,0x00,
0x00,0x00,0x00,0x00,0x00,0xdd,0xff,0xff,0xff,0xf2,0x04,0x00,0x00,0x00,0x00,0x00,
0x00,0x00,0x00,0x00,0x7d,0xff,0xff,0xff,0xff,0x57,0x00,0x00,0x00,0x00,0x00,0x00,
0x00,0x00,0x00,0x1f,0xff,0xff,0xff,0xff,0xb4,0x00,0x00,0x00,0x00,0x00,0x00,0x00,
0x00,0x00,0x00,0xbf,0xff,0xff,0xff,0xfc,0x17,0x00,0x00,0x00,0x00,0x00,0x00,0x00,
0x00,0x00,0x61,0xff,0xff,0xff,0xff,0x72,0x04,0xae,0xae,0xae,0xae,0xae,0xae,0xae,
0xae,0x3b,0x06,0xff,0xff,0xff,0xff,0xff,0xff,0xff,0xff,0x57,0x06,0xff,0xff,0xff,
0xff,0xff,0xff,0xff,0xff,0x57,0x06,0xff,0xff,0xff,0xff,0xff,0xff,0xff,0xff,0x57,
0x00,0x00,0x00,0x00,0x3d,0xff,0xff,0xff,0xff,0x57,0x00,0x00,0x00,0x00,0x3d,0xff,
0xff,0xff,0xff,0x57,0x00,0x00,0x00,0x00,0x3d,0xff,0xff,0xff,0xff,0x57,0x00,0x00,
0x00,0x00,0x3d,0xff,0xff,0xff,0xff,0x57,0x00,0x00,0x00,0x00,0x3d,0xff,0xff,0xff,
0xff,0x57,0x00,0x00,0x00,0x00,0x3d,0xff,0xff,0xff,0xff,0x57,0x00,0x00,0x00,0x00,
0x3d,0xff,0xff,0xff,0xff,0x57,0x00,0x00,0x00,0x00,0x3d,0xff,0xff,0xff,0xff,0x57,
0x00,0x00,0x00,0x00,0x3d,0xff,0xff,0xff,0xff,0x57,0x00,0x00,0x00,0x00,0x3d,0xff,
0xff,0xff,0xff,0x57,0x00,0x00,0x00,0x00,0x3d,0xff,0xff,0xff,0xff,0x57,0x00,0x00,
0x00,0x00,0x3d,0xff,0xff,0xff,0xff,0x57,0x00,0x00,0x00,0x00,0x3d,0xff,0xff,0xff,
0xff,0x57,0x00,0x00,0x00,0x00,0x3d,0xff,0xff,0xff,0xff,0x57,0x00,0x00,0x00,0x00,
0x3d,0xff,0xff,0xff,0xff,0x57,0x00,0x00,0x00,0x00,0x3d,0xff,0xff,0xff,0xff,0x57,
0x00,0x00,0x00,0x00,0x3d,0xff,0xff,0xff,0xff,0x57,0x00,0x00,0x00,0x00,0x3d,0xff,
0xff,0xff,0xff,0x57,0x00,0x00,0x00,0x00,0x3d,0xff,0xff,0xff,0xff,0x57,0x00,0x00,
0x00,0x00,0x3d,0xff,0xff,0xff,0xff,0x57,0x00,0x00,0x00,0x00,0x3d,0xff,0xff,0xff,
0xff,0x57,0x00,0x00,0x00,0x00,0x3d,0xff,0xff,0xff,0xff,0x57,0x00,0x00,0x00,0x00,
0x3d,0xff,0xff,0xff,0xff,0x57,0x00,0x00,0x00,0x00,0x3d,0xff,0xff,0xff,0xff,0x57,
0x06,0xff,0xff,0xff,0xff,0xff,0xff,0xff,0xff,0x57,0x06,0xff,0xff,0xff,0xff,0xff,
0xff,0xff,0xff,0x57,0x06,0xff,0xff,0xff,0xff,0xff,0xff,0xff,0xff,0x57,0x04,0xa7,
0xa7,0xa7,0xa7,0xa7,0xa7,0xa7,0xa7,0x39,0x00,0x00,0x00,0x00,0x00,0x00,0x00,0x00,
0x8e,0xe5,0xe5,0x30,0x00,0x00,0x00,0x00,0x00,0x00,0x00,0x00,0x00,0x00,0x00,0x00,
0x00,0x00,0x00,0x19,0xfa,0xff,0xff,0xbd,0x00,0x00,0x00,0x00,0x00,0x00,0x00,0x00,
0x00,0x00,0x00,0x00,0x00,0x00,0x00,0x88,0xff,0xff,0xff,0xff,0x3b,0x00,0x00,0x00,
0x00,0x00,0x00,0x00,0x00,0x00,0x00,0x00,0x00,0x00,0x0c,0xf2,0xff,0xff,0xff,0xff,
0xc7,0x00,0x00,0x00,0x00,0x00,0x00,0x00,0x00,0x00,0x00,0x00,0x00,0x00,0x74,0xff,
0xff,0xff,0xff,0xff,0xff,0x48,0x00,0x00,0x00,0x00,0x00,0x00,0x00,0x00,0x00,0x00,
0x00,0x02,0xe3,0xff,0xff,0xe7,0xfc,0xff,0xff,0xd2,0x00,0x00,0x00,0x00,0x00,0x00,
0x00,0x00,0x00,0x00,0x00,0x63,0xff,0xff,0xff,0x79,0x96,0xff,0xff,0xff,0x57,0x00,
0x00,0x00,0x00,0x00,0x00,0x00,0x00,0x00,0x00,0xd6,0xff,0xff,0xfa,0x13,0x1f,0xfc,
0xff,0xff,0xd8,0x00,0x00,0x00,0x00,0x00,0x00,0x00,0x00,0x00,0x4a,0xff,0xff,0xff,
0x96,0x00,0x00,0x99,0xff,0xff,0xff,0x63,0x00,0x00,0x00,0x00,0x00,0x00,0x00,0x00,
0xc3,0xff,0xff,0xff,0x28,0x00,0x00,0x1f,0xfc,0xff,0xff,0xe1,0x02,0x00,0x00,0x00,
0x00,0x00,0x00,0x37,0xff,0xff,0xff,0xbb,0x00,0x00,0x00,0x00,0x99,0xff,0xff,0xff,
0x6e,0x00,0x00,0x00,0x00,0x00,0x00,0xb0,0xff,0xff,0xff,0x4a,0x00,0x00,0x00,0x00,
0x1f,0xfc,0xff,0xff,0xe7,0x08,0x00,0x00,0x00,0x00,0x26,0xff,0xff,0xff,0xda,0x00,
0x00,0x00,0x00,0x00,0x00,0x99,0xff,0xff,0xff,0x79,0x00,0x00,0x00,0x00,0x96,0xff,
0xff,0xff,0x6c,0x00,0x00,0x00,0x00,0x00,0x00,0x1f,0xfc,0xff,0xff,0xee,0x0e,0x00,
0x00,0x19,0xfa,0xff,0xff,0xf0,0x08,0x00,0x00,0x00,0x00,0x00,0x00,0x00,0x99,0xff,
0xff,0xff,0x83,0x00,0x00,0x85,0xff,0xff,0xff,0x8c,0x00,0x00,0x00,0x00,0x00,0x00,
0x00,0x00,0x1f,0xfc,0xff,0xff,0xf4,0x13,0x06,0xdf,0xeb,0xeb,0xe9,0x1f,0x00,0x00,
0x00,0x00,0x00,0x00,0x00,0x00,0x00,0x96,0xeb,0xeb,0xeb,0x7f,0x04,0xb4,0xb4,0xb4,
0xb4,0xb4,0xb4,0xb4,0xb4,0xb4,0xb4,0xb4,0xb4,0xb4,0xb4,0xa7,0x06,0xff,0xff,0xff,
0xff,0xff,0xff,0xff,0xff,0xff,0xff,0xff,0xff,0xff,0xff,0xeb,0x04,0xa7,0xa7,0xa7,
0xa7,0xa7,0xa7,0xa7,0xa7,0xa7,0xa7,0xa7,0xa7,0xa7,0xa7,0x9b,0x55,0x9b,0x9b,0x9b,
0x9b,0x9b,0x5f,0x00,0x00,0x00,0x00,0x0c,0xb8,0xff,0xff,0xff,0xff,0xfc,0x30,0x00,
0x00,0x00,0x00,0x02,0x9f,0xff,0xff,0xff,0xff,0xe1,0x11,0x00,0x00,0x00,0x00,0x00,
0x74,0xff,0xff,0xff,0xff,0xb4,0x00,0x00,0x00,0x00,0x00,0x00,0x44,0xee,0xff,0xff,
0xff,0x8a,0x00,0x00,0x00,0x00,0x00,0x00,0x1d,0xc7,0xff,0xff,0xff,0x5b,0x00,0x00,
0x00,0x00,0x00,0x00,0x00,0x3d,0x3d,0x3d,0x24,0x00,0x00,0x00,0x00,0x28,0x74,0xac,
0xe3,0xfa,0xff,0xff,0xf6,0xc9,0x8e,0x2c,0x00,0x00,0x00,0x00,0x00,0x41,0xc7,0xff,
0xff,0xff,0xff,0xff,0xff,0xff,0xff,0xff,0xff,0xff,0xa1,0x08,0x00,0x00,0x00,0x3d,
0xff,0xff,0xff,0xff,0xff,0xff,0xff,0xff,0xff,0xff,0xff,0xff,0xff,0xbb,0x00,0x00,
0x00,0x00,0xc7,0xff,0xff,0xff,0xff,0xfa,0xf2,0xf8,0xff,0xff,0xff,0xff,0xff,0xff,
0x5b,0x00,0x00,0x00,0x46,0xff,0xc3,0x68,0x22,0x00,0x00,0x02,0x57,0xf4,0xff,0xff,
0xff,0xff,0xb4,0x00,0x00,0x00,0x00,0x26,0x00,0x00,0x00,0x00,0x00,0x00,0x00,0x81,
0xff,0xff,0xff,0xff,0xf2,0x00,0x00,0x00,0x00,0x00,0x00,0x00,0x00,0x00,0x00,0x00,
0x00,0x4c,0xff,0xff,0xff,0xff,0xff,0x00,0x00,0x00,0x00,0x00,0x00,0x00,0x00,0x04,
0x0c,0x28,0x3f,0x7b,0xff,0xff,0xff,0xff,0xff,0x00,0x00,0x00,0x02,0x50,0xa1,0xd2,
0xf8,0xff,0xff,0xff,0xff,0xff,0xff,0xff,0xff,0xff,0xff,0x00,0x00,0x4a,0xe3,0xff,
0xff,0xff,0xff,0xff,0xff,0xff,0xff,0xff,0xff,0xff,0xff,0xff,0xff,0x00,0x52,0xff,
0xff,0xff,0xff,0xff,0xff,0xff,0xff,0xfa,0xf4,0xf6,0xff,0xff,0xff,0xff,0xff,0x04,
0xe7,0xff,0xff,0xff,0xff,0xff,0x8e,0x35,0x02,0x00,0x00,0x4a,0xff,0xff,0xff,0xff,
0xff,0x4e,0xff,0xff,0xff,0xff,0xff,0x7f,0x00,0x00,0x00,0x00,0x00,0x4a,0xff,0xff,
0xff,0xff,0xff,0x61,0xff,0xff,0xff,0xff,0xff,0x0e,0x00,0x00,0x00,0x00,0x00,0x59,
0xff,0xff,0xff,0xff,0xff,0x63,0xff,0xff,0xff,0xff,0xff,0x02,0x00,0x00,0x00,0x00,
0x00,0xbd,0xff,0xff,0xff,0xff,0xff,0x57,0xff,0xff,0xff,0xff,0xff,0x5b,0x00,0x00,
0x00,0x04,0x8e,0xff,0xff,0xff,0xff,0xff,0xff,0x28,0xff,0xff,0xff,0xff,0xff,0xff,
0xb4,0x9b,0xa3,0xe5,0xff,0xff,0xff,0xff,0xff,0xff,0xff,0x00,0xc7,0xff,0xff,0xff,
0xff,0xff,0xff,0xff,0xff,0xff,0xff,0xdf,0xbd,0xff,0xff,0xff,0xff,0x00,0x24,0xe9,
0xff,0xff,0xff,0xff,0xff,0xff,0xff,0xff,0xe1,0x1f,0x44,0xff,0xff,0xff,0xff,0x00,
0x00,0x1b,0xa5,0xfc,0xff,0xff,0xff,0xff,0xfa,0x92,0x11,0x00,0x00,0xe1,0xff,0xff,
0xff,0x00,0x00,0x00,0x00,0x0c,0x4a,0x50,0x4e,0x3b,0x02,0x00,0x00,0x00,0x00,0x00,
0x00,0x00,0x00,0x15,0x57,0x57,0x57,0x57,0x57,0x15,0x00,0x00,0x00,0x00,0x00,0x00,
0x00,0x00,0x00,0x00,0x00,0x00,0x00,0x3d,0xff,0xff,0xff,0xff,0xff,0x3d,0x00,0x00,
0x00,0x00,0x00,0x00,0x00,0x00,0x00,0x00,0x00,0x00,0x00,0x3d,0xff,0xff,0xff,0xff,
0xff,0x3d,0x00,0x00,0x00,0x00,0x00,0x00,0x00,0x00,0x00,0x00,0x00,0x00,0x00,0x3d,
0xff,0xff,0xff,0xff,0xff,0x3d,0x00,0x00,0x00,0x00,0x00,0x00,0x00,0x00,0x00,0x00,
0x00,0x00,0x00,0x3d,0xff,0xff,0xff,0xff,0xff,0x3d,0x00,0x00,0x00,0x00,0x00,0x00,
0x00,0x00,0x00,0x00,0x00,0x00,0x00,0x3d,0xff,0xff,0xff,0xff,0xff,0x3d,0x00,0x00,
0x00,0x00,0x00,0x00,0x00,0x00,0x00,0x00,0x00,0x00,0x00,0x3d,0xff,0xff,0xff,0xff,
0xff,0x3d,0x00,0x00,0x00,0x00,0x00,0x00,0x00,0x00,0x00,0x00,0x00,0x00,0x00,0x3d,
0xff,0xff,0xff,0xff,0xff,0x2a,0x00,0x00,0x00,0x00,0x00,0x00,0x00,0x00,0x00,0x00,
0x00,0x00,0x00,0x3d,0xff,0xff,0xff,0xff,0xff,0x0e,0x00,0x3f,0xac,0xf2,0xfc,0xf6,
0xc9,0x77,0x08,0x00,0x00,0x00,0x00,0x3d,0xff,0xff,0xff,0xff,0xff,0x06,0x8a,0xff,
0xff,0xff,0xff,0xff,0xff,0xff,0xdf,0x2a,0x00,0x00,0x00,0x3d,0xff,0xff,0xff,0xff,
0xfc,0x7d,0xff,0xff,0xff,0xff,0xff,0xff,0xff,0xff,0xff,0xe9,0x1d,0x00,0x00,0x3d,
0xff,0xff,0xff,0xff,0xff,0xff,0xff,0xff,0xff,0xff,0xff,0xff,0xff,0xff,0xff,0xff,
0xbd,0x00,0x00,0x3d,0xff,0xff,0xff,0xff,0xff,0xff,0xee,0x7d,0x4c,0x4e,0x9b,0xff,
0xff,0xff,0xff,0xff,0xff,0x35,0x00,0x3d,0xff,0xff,0xff,0xff,0xff,0xfa,0x2a,0x00,
0x00,0x00,0x00,0x74,0xff,0xff,0xff,0xff,0xff,0x90,0x00,0x3d,0xff,0xff,0xff,0xff,
0xff,0x9f,0x00,0x00,0x00,0x00,0x00,0x00,0xda,0xff,0xff,0xff,0xff,0xd2,0x00,0x3d,
0xff,0xff,0xff,0xff,0xff,0x55,0x00,0x00,0x00,0x00,0x00,0x00,0x8a,0xff,0xff,0xff,
0xff,0xfc,0x00,0x3d,0xff,0xff,0xff,0xff,0xff,0x44,0x00,0x00,0x00,0x00,0x00,0x00,
0x59,0xff,0xff,0xff,0xff,0xff,0x08,0x3d,0xff,0xff,0xff,0xff,0xff,0x3d,0x00,0x00,
0x00,0x00,0x00,0x00,0x50,0xff,0xff,0xff,0xff,0xff,0x11,0x3d,0xff,0xff,0xff,0xff,
0xff,0x3d,0x00,0x00,0x00,0x00,0x00,0x00,0x50,0xff,0xff,0xff,0xff,0xff,0x1d,0x3d,
0xff,0xff,0xff,0xff,0xff,0x46,0x00,0x00,0x00,0x00,0x00,0x00,0x57,0xff,0xff,0xff,
0xff,0xff,0x0a,0x3d,0xff,0xff,0xff,0xff,0xff,0x57,0x00,0x00,0x00,0x00,0x00,0x00,
0x83,0xff,0xff,0xff,0xff,0xfc,0x02,0x3d,0xff,0xff,0xff,0xff,0xff,0x9b,0x00,0x00,
0x00,0x00,0x00,0x00,0xc7,0xff,0xff,0xff,0xff,0xe1,0x00,0x3d,0xff,0xff,0xff,0xff,
0xff,0xf4,0x17,0x00,0x00,0x00,0x00,0x4a,0xff,0xff,0xff,0xff,0xff,0xa5,0x00,0x3d,
0xff,0xff,0xff,0xff,0xff,0xff,0xd4,0x44,0x02,0x02,0x59,0xee,0xff,0xff,0xff,0xff,
0xff,0x4e,0x00,0x3d,0xff,0xff,0xff,0xff,0xff,0xff,0xff,0xff,0xff,0xff,0xff,0xff,
0xff,0xff,0xff,0xff,0xda,0x00,0x00,0x3d,0xff,0xff,0xff,0xff,0xf6,0xf6,0xff,0xff,
0xff,0xff,0xff,0xff,0xff,0xff,0xff,0xff,0x41,0x00,0x00,0x3d,0xff,0xff,0xff,0xff,
0x83,0x3b,0xee,0xff,0xff,0xff,0xff,0xff,0xff,0xff,0xff,0x5b,0x00,0x00,0x00,0x3d,
0xff,0xff,0xff,0xfc,0x1d,0x00,0x1f,0xb8,0xff,0xff,0xff,0xff,0xff,0xc1,0x30,0x00,
0x00,0x00,0x00,0x00,0x00,0x00,0x00,0x00,0x00,0x00,0x00,0x00,0x15,0x4a,0x50,0x4c,
0x17,0x00,0x00,0x00,0x00,0x00,0x00,0x00,0x00,0x00,0x00,0x00,0x11,0x6a,0xac,0xe9,
0xfc,0xff,0xf6,0xe1,0xa7,0x61,0x13,0x00,0x00,0x00,0x00,0x00,0x7d,0xf6,0xff,0xff,
0xff,0xff,0xff,0xff,0xff,0xff,0xff,0xfa,0x30,0x00,0x00,0x02,0xb4,0xff,0xff,0xff,
0xff,0xff,0xff,0xff,0xff,0xff,0xff,0xff,0xe5,0x00,0x00,0x00,0x8e,0xff,0xff,0xff,
0xff,0xff,0xff,0xff,0xff,0xff,0xff,0xff,0xff,0x85,0x00,0x00,0x2c,0xff,0xff,0xff,
0xff,0xff,0xff,0xa3,0x57,0x50,0x5d,0xa3,0xf0,0xff,0x26,0x00,0x00,0x9b,0xff,0xff,
0xff,0xff,0xff,0x5f,0x00,0x00,0x00,0x00,0x00,0x02,0x48,0x00,0x00,0x00,0xf0,0xff,
0xff,0xff,0xff,0xb8,0x00,0x00,0x00,0x00,0x00,0x00,0x00,0x00,0x00,0x00,0x1f,0xff,
0xff,0xff,0xff,0xff,0x5d,0x00,0x00,0x00,0x00,0x00,0x00,0x00,0x00,0x00,0x00,0x4c,
0xff,0xff,0xff,0xff,0xff,0x3b,0x00,0x00,0x00,0x00,0x00,0x00,0x00,0x00,0x00,0x00,
0x55,0xff,0xff,0xff,0xff,0xff,0x0a,0x00,0x00,0x00,0x00,0x00,0x00,0x00,0x00,0x00,
0x00,0x57,0xff,0xff,0xff,0xff,0xff,0x06,0x00,0x00,0x00,0x00,0x00,0x00,0x00,0x00,
0x00,0x00,0x52,0xff,0xff,0xff,0xff,0xff,0x1b,0x00,0x00,0x00,0x00,0x00,0x00,0x00,
0x00,0x00,0x00,0x48,0xff,0xff,0xff,0xff,0xff,0x4c,0x00,0x00,0x00,0x00,0x00,0x00,
0x00,0x00,0x00,0x00,0x0a,0xff,0xff,0xff,0xff,0xff,0x92,0x00,0x00,0x00,0x00,0x00,
0x00,0x00,0x00,0x00,0x00,0x00,0xda,0xff,0xff,0xff,0xff,0xf6,0x26,0x00,0x00,0x00,
0x00,0x00,0x00,0x08,0x4e,0x00,0x00,0x81,0xff,0xff,0xff,0xff,0xff,0xe9,0x5d,0x06,
0x00,0x06,0x41,0x85,0xe9,0xb4,0x00,0x00,0x15,0xf2,0xff,0xff,0xff,0xff,0xff,0xff,
0xff,0xff,0xff,0xff,0xff,0xff,0xb4,0x00,0x00,0x00,0x57,0xff,0xff,0xff,0xff,0xff,
0xff,0xff,0xff,0xff,0xff,0xff,0xff,0xb4,0x00,0x00,0x00,0x00,0x57,0xf2,0xff,0xff,
0xff,0xff,0xff,0xff,0xff,0xff,0xff,0xff,0xb4,0x00,0x00,0x00,0x00,0x00,0x1b,0x90,
0xe9,0xff,0xff,0xff,0xff,0xff,0xff,0xe9,0x8a,0x19,0x00,0x00,0x00,0x00,0x00,0x00,
0x00,0x00,0x24,0x4c,0x50,0x50,0x4c,0x24,0x00,0x00,0x00,0x00,0x00,0x00,0x00,0x00,
0x00,0x00,0x00,0x00,0x00,0x00,0x00,0x00,0x00,0x1d,0x57,0x57,0x57,0x57,0x55,0x00,
0x00,0x00,0x00,0x00,0x00,0x00,0x00,0x00,0x00,0x00,0x00,0x00,0x57,0xff,0xff,0xff,
0xff,0xf8,0x00,0x00,0x00,0x00,0x00,0x00,0x00,0x00,0x00,0x00,0x00,0x00,0x00,0x57,
0xff,0xff,0xff,0xff,0xf8,0x00,0x00,0x00,0x00,0x00,0x00,0x00,0x00,0x00,0x00,0x00,
0x00,0x00,0x57,0xff,0xff,0xff,0xff,0xf8,0x00,0x00,0x00,0x00,0x00,0x00,0x00,0x00,
0x00,0x00,0x00,0x00,0x00,0x57,0xff,0xff,0xff,0xff,0xf8,0x00,0x00,0x00,0x00,0x00,
0x00,0x00,0x00,0x00,0x00,0x00,0x00,0x00,0x57,0xff,0xff,0xff,0xff,0xf8,0x00,0x00,
0x00,0x00,0x00,0x00,0x00,0x00,0x00,0x00,0x00,0x00,0x00,0x57,0xff,0xff,0xff,0xff,
0xf8,0x00,0x00,0x00,0x00,0x00,0x00,0x00,0x00,0x00,0x00,0x00,0x00,0x00,0x57,0xff,
0xff,0xff,0xff,0xf8,0x00,0x00,0x00,0x00,0x13,0x7d,0xce,0xf6,0xfc,0xf0,0xaa,0x3f,
0x00,0x4e,0xff,0xff,0xff,0xff,0xf8,0x00,0x00,0x00,0x41,0xe9,0xff,0xff,0xff,0xff,
0xff,0xff,0xff,0x92,0x35,0xff,0xff,0xff,0xff,0xf8,0x00,0x00,0x35,0xf6,0xff,0xff,
0xff,0xff,0xff,0xff,0xff,0xff,0xff,0x8a,0xff,0xff,0xff,0xff,0xf8,0x00,0x02,0xdd,
0xff,0xff,0xff,0xff,0xff,0xff,0xff,0xff,0xff,0xff,0xff,0xff,0xff,0xff,0xff,0xf8,
0x00,0x66,0xff,0xff,0xff,0xff,0xff,0xff,0x9b,0x57,0x59,0x96,0xf8,0xff,0xff,0xff,
0xff,0xff,0xf8,0x00,0xbf,0xff,0xff,0xff,0xff,0xff,0x57,0x00,0x00,0x00,0x00,0x35,
0xfa,0xff,0xff,0xff,0xff,0xf8,0x02,0xfc,0xff,0xff,0xff,0xff,0xb8,0x00,0x00,0x00,
0x00,0x00,0x00,0x96,0xff,0xff,0xff,0xff,0xf8,0x33,0xff,0xff,0xff,0xff,0xff,0x5b,
0x00,0x00,0x00,0x00,0x00,0x00,0x4e,0xff,0xff,0xff,0xff,0xf8,0x4e,0xff,0xff,0xff,
0xff,0xff,0x2e,0x00,0x00,0x00,0x00,0x00,0x00,0x15,0xff,0xff,0xff,0xff,0xf8,0x55,
0xff,0xff,0xff,0xff,0xff,0x08,0x00,0x00,0x00,0x00,0x00,0x00,0x02,0xff,0xff,0xff,
0xff,0xf8,0x57,0xff,0xff,0xff,0xff,0xff,0x06,0x00,0x00,0x00,0x00,0x00,0x00,0x00,
0xff,0xff,0xff,0xff,0xf8,0x52,0xff,0xff,0xff,0xff,0xff,0x0e,0x00,0x00,0x00,0x00,
0x00,0x00,0x04,0xff,0xff,0xff,0xff,0xf8,0x48,0xff,0xff,0xff,0xff,0xff,0x4a,0x00,
0x00,0x00,0x00,0x00,0x00,0x2c,0xff,0xff,0xff,0xff,0xf8,0x0c,0xff,0xff,0xff,0xff,
0xff,0x81,0x00,0x00,0x00,0x00,0x00,0x00,0x66,0xff,0xff,0xff,0xff,0xf8,0x00,0xdd,
0xff,0xff,0xff,0xff,0xe9,0x13,0x00,0x00,0x00,0x00,0x00,0xd0,0xff,0xff,0xff,0xff,
0xf8,0x00,0x8a,0xff,0xff,0xff,0xff,0xff,0xcc,0x2e,0x00,0x00,0x22,0xae,0xff,0xff,
0xff,0xff,0xff,0xf8,0x00,0x1f,0xfa,0xff,0xff,0xff,0xff,0xff,0xff,0xf4,0xf4,0xff,
0xff,0xff,0xff,0xff,0xff,0xff,0xf8,0x00,0x00,0x7b,0xff,0xff,0xff,0xff,0xff,0xff,
0xff,0xff,0xff,0xff,0xa7,0xff,0xff,0xff,0xff,0xf8,0x00,0x00,0x00,0x99,0xff,0xff,
0xff,0xff,0xff,0xff,0xff,0xff,0xb4,0x04,0xbb,0xff,0xff,0xff,0xf8,0x00,0x00,0x00,
0x00,0x5d,0xdd,0xff,0xff,0xff,0xff,0xf0,0x7b,0x00,0x00,0x4c,0xff,0xff,0xff,0xf8,
0x00,0x00,0x00,0x00,0x00,0x00,0x2c,0x4e,0x50,0x3b,0x02,0x00,0x00,0x00,0x00,0x00,
0x00,0x00,0x00,0x00,0x00,0x00,0x00,0x00,0x19,0x77,0xbb,0xf2,0xfc,0xfa,0xf0,0xae,
0x6e,0x0e,0x00,0x00,0x00,0x00,0x00,0x00,0x00,0x00,0x7f,0xfa,0xff,0xff,0xff,0xff,
0xff,0xff,0xff,0xff,0xee,0x61,0x00,0x00,0x00,0x00,0x00,0x00,0xb2,0xff,0xff,0xff,
0xff,0xff,0xff,0xff,0xff,0xff,0xff,0xff,0xff,0x7f,0x00,0x00,0x00,0x00,0x88,0xff,
0xff,0xff,0xff,0xff,0xfa,0xcc,0xce,0xfc,0xff,0xff,0xff,0xff,0xff,0x4a,0x00,0x00,
0x26,0xfc,0xff,0xff,0xff,0xff,0xaa,0x13,0x00,0x00,0x15,0xb4,0xff,0xff,0xff,0xff,
0xda,0x00,0x00,0x94,0xff,0xff,0xff,0xff,0xd2,0x00,0x00,0x00,0x00,0x00,0x08,0xe1,
0xff,0xff,0xff,0xff,0x3f,0x00,0xe7,0xff,0xff,0xff,0xff,0x68,0x00,0x00,0x00,0x00,
0x00,0x00,0x81,0xff,0xff,0xff,0xff,0x7d,0x1b,0xff,0xff,0xff,0xff,0xff,0x44,0x06,
0x06,0x06,0x06,0x06,0x06,0x57,0xff,0xff,0xff,0xff,0xa5,0x4c,0xff,0xff,0xff,0xff,
0xff,0xff,0xff,0xff,0xff,0xff,0xff,0xff,0xff,0xff,0xff,0xff,0xff,0xae,0x55,0xff,
0xff,0xff,0xff,0xff,0xff,0xff,0xff,0xff,0xff,0xff,0xff,0xff,0xff,0xff,0xff,0xff,
0xae,0x57,0xff,0xff,0xff,0xff,0xff,0xff,0xff,0xff,0xff,0xff,0xff,0xff,0xff,0xff,
0xff,0xff,0xff,0xae,0x50,0xff,0xff,0xff,0xff,0xff,0x6e,0x6a,0x6a,0x6a,0x6a,0x6a,
0x6a,0x6a,0x6a,0x6a,0x6a,0x6a,0x48,0x3b,0xff,0xff,0xff,0xff,0xff,0x26,0x00,0x00,
0x00,0x00,0x00,0x00,0x00,0x00,0x00,0x00,0x00,0x00,0x04,0xfa,0xff,0xff,0xff,0xff,
0x6c,0x00,0x00,0x00,0x00,0x00,0x00,0x00,0x00,0x00,0x00,0x00,0x00,0x00,0xb4,0xff,
0xff,0xff,0xff,0xe1,0x11,0x00,0x00,0x00,0x00,0x00,0x00,0x00,0x00,0x00,0x06,0x00,
0x00,0x46,0xff,0xff,0xff,0xff,0xff,0xcc,0x24,0x00,0x00,0x00,0x00,0x00,0x06,0x50,
0xb0,0x9f,0x00,0x00,0x00,0xae,0xff,0xff,0xff,0xff,0xff,0xff,0xc5,0xa5,0xa5,0xac,
0xd4,0xfc,0xff,0xff,0xa1,0x00,0x00,0x00,0x11,0xd0,0xff,0xff,0xff,0xff,0xff,0xff,
0xff,0xff,0xff,0xff,0xff,0xff,0xff,0xa1,0x00,0x00,0x00,0x00,0x0c,0xaa,0xff,0xff,
0xff,0xff,0xff,0xff,0xff,0xff,0xff,0xff,0xff,0xff,0xa1,0x00,0x00,0x00,0x00,0x00,
0x00,0x39,0xa5,0xf6,0xff,0xff,0xff,0xff,0xff,0xff,0xfc,0xbf,0x6c,0x0a,0x00,0x00,
0x00,0x00,0x00,0x00,0x00,0x00,0x00,0x2c,0x4c,0x50,0x50,0x4c,0x2e,0x02,0x00,0x00,
0x00,0x00,0x00,0x00,0x00,0x00,0x00,0x00,0x00,0x1d,0x55,0x7d,0x94,0x8e,0x5f,0x4a,
0x06,0x00,0x00,0x00,0x00,0x00,0x00,0x26,0xc5,0xff,0xff,0xff,0xff,0xff,0xff,0xff,
0xfc,0x55,0x00,0x00,0x00,0x00,0x26,0xee,0xff,0xff,0xff,0xff,0xff,0xff,0xff,0xff,
0xff,0x1b,0x00,0x00,0x00,0x00,0xb8,0xff,0xff,0xff,0xff,0xff,0xff,0xff,0xff,0xff,
0xc3,0x00,0x00,0x00,0x00,0x06,0xff,0xff,0xff,0xff,0xff,0xff,0xc5,0xae,0xc3,0xfc,
0x6a,0x00,0x00,0x00,0x00,0x48,0xff,0xff,0xff,0xff,0xff,0x7f,0x00,0x00,0x00,0x04,
0x0e,0x00,0x00,0x00,0x00,0x50,0xff,0xff,0xff,0xff,0xff,0x0e,0x00,0x00,0x00,0x00,
0x00,0x00,0x00,0x00,0x00,0x50,0xff,0xff,0xff,0xff,0xff,0x00,0x00,0x00,0x00,0x00,
0x00,0x00,0x00,0x00,0x19,0xa5,0xff,0xff,0xff,0xff,0xff,0xa7,0xa7,0xa7,0xa7,0x6e,
0x00,0x00,0x15,0x90,0xfa,0xff,0xff,0xff,0xff,0xff,0xff,0xff,0xff,0xff,0xff,0xa7,
0x00,0x00,0x4a,0xff,0xff,0xff,0xff,0xff,0xff,0xff,0xff,0xff,0xff,0xff,0xff,0xa7,
0x00,0x00,0x4a,0xff,0xff,0xff,0xff,0xff,0xff,0xff,0xff,0xff,0xff,0xff,0xff,0xa7,
0x00,0x00,0x19,0x57,0x57,0x8c,0xff,0xff,0xff,0xff,0xff,0x57,0x57,0x57,0x57,0x39,
0x00,0x00,0x00,0x00,0x00,0x50,0xff,0xff,0xff,0xff,0xff,0x00,0x00,0x00,0x00,0x00,
0x00,0x00,0x00,0x00,0x00,0x50,0xff,0xff,0xff,0xff,0xff,0x00,0x00,0x00,0x00,0x00,
0x00,0x00,0x00,0x00,0x00,0x50,0xff,0xff,0xff,0xff,0xff,0x00,0x00,0x00,0x00,0x00,
0x00,0x00,0x00,0x00,0x00,0x50,0xff,0xff,0xff,0xff,0xff,0x00,0x00,0x00,0x00,0x00,
0x00,0x00,0x00,0x00,0x00,0x50,0xff,0xff,0xff,0xff,0xff,0x00,0x00,0x00,0x00,0x00,
0x00,0x00,0x00,0x00,0x00,0x50,0xff,0xff,0xff,0xff,0xff,0x00,0x00,0x00,0x00,0x00,
0x00,0x00,0x00,0x00,0x00,0x50,0xff,0xff,0xff,0xff,0xff,0x00,0x00,0x00,0x00,0x00,
0x00,0x00,0x00,0x00,0x00,0x50,0xff,0xff,0xff,0xff,0xff,0x00,0x00,0x00,0x00,0x00,
0x00,0x00,0x00,0x00,0x00,0x50,0xff,0xff,0xff,0xff,0xff,0x00,0x00,0x00,0x00,0x00,
0x00,0x00,0x00,0x00,0x00,0x50,0xff,0xff,0xff,0xff,0xff,0x00,0x00,0x00,0x00,0x00,
0x00,0x00,0x00,0x00,0x00,0x50,0xff,0xff,0xff,0xff,0xff,0x00,0x00,0x00,0x00,0x00,
0x00,0x00,0x00,0x00,0x00,0x50,0xff,0xff,0xff,0xff,0xff,0x00,0x00,0x00,0x00,0x00,
0x00,0x00,0x00,0x00,0x00,0x50,0xff,0xff,0xff,0xff,0xff,0x00,0x00,0x00,0x00,0x00,
0x00,0x00,0x00,0x00,0x00,0x50,0xff,0xff,0xff,0xff,0xff,0x00,0x00,0x00,0x00,0x00,
0x00,0x00,0x00,0x00,0x00,0x50,0xff,0xff,0xff,0xff,0xff,0x00,0x00,0x00,0x00,0x00,
0x00,0x00,0x00,0x00,0x00,0x00,0x13,0x83,0xd2,0xfa,0xfc,0xeb,0xa7,0x39,0x00,0x00,
0x6a,0xa7,0xa7,0xa7,0xa3,0x00,0x00,0x00,0x46,0xee,0xff,0xff,0xff,0xff,0xff,0xff,
0xff,0x94,0x00,0xb4,0xff,0xff,0xff,0xf8,0x00,0x00,0x33,0xf6,0xff,0xff,0xff,0xff,
0xff,0xff,0xff,0xff,0xff,0x94,0xf2,0xff,0xff,0xff,0xf8,0x00,0x02,0xd6,0xff,0xff,
0xff,0xff,0xff,0xff,0xff,0xff,0xff,0xff,0xff,0xff,0xff,0xff,0xff,0xf8,0x00,0x5d,
0xff,0xff,0xff,0xff,0xff,0xfc,0x94,0x57,0x59,0x94,0xf8,0xff,0xff,0xff,0xff,0xff,
0xf8,0x00,0xb8,0xff,0xff,0xff,0xff,0xff,0x48,0x00,0x00,0x00,0x00,0x37,0xf8,0xff,
0xff,0xff,0xff,0xf8,0x02,0xfa,0xff,0xff,0xff,0xff,0xb2,0x00,0x00,0x00,0x00,0x00,
0x00,0x90,0xff,0xff,0xff,0xff,0xf8,0x2a,0xff,0xff,0xff,0xff,0xff,0x59,0x00,0x00,
0x00,0x00,0x00,0x00,0x4c,0xff,0xff,0xff,0xff,0xf8,0x4c,0xff,0xff,0xff,0xff,0xff,
0x3d,0x00,0x00,0x00,0x00,0x00,0x00,0x0e,0xff,0xff,0xff,0xff,0xf8,0x55,0xff,0xff,
0xff,0xff,0xff,0x0a,0x00,0x00,0x00,0x00,0x00,0x00,0x02,0xff,0xff,0xff,0xff,0xf8,
0x57,0xff,0xff,0xff,0xff,0xff,0x06,0x00,0x00,0x00,0x00,0x00,0x00,0x00,0xff,0xff,
0xff,0xff,0xf8,0x52,0xff,0xff,0xff,0xff,0xff,0x19,0x00,0x00,0x00,0x00,0x00,0x00,
0x02,0xff,0xff,0xff,0xff,0xf8,0x48,0xff,0xff,0xff,0xff,0xff,0x4a,0x00,0x00,0x00,
0x00,0x00,0x00,0x11,0xff,0xff,0xff,0xff,0xf8,0x0a,0xff,0xff,0xff,0xff,0xff,0x7f,
0x00,0x00,0x00,0x00,0x00,0x00,0x50,0xff,0xff,0xff,0xff,0xf8,0x00,0xda,0xff,0xff,
0xff,0xff,0xe5,0x0c,0x00,0x00,0x00,0x00,0x00,0xb4,0xff,0xff,0xff,0xff,0xf8,0x00,
0x85,0xff,0xff,0xff,0xff,0xff,0xbd,0x1d,0x00,0x00,0x11,0x94,0xff,0xff,0xff,0xff,
0xff,0xf8,0x00,0x1f,0xfc,0xff,0xff,0xff,0xff,0xff,0xff,0xee,0xee,0xfc,0xff,0xff,
0xff,0xff,0xff,0xff,0xf8,0x00,0x00,0x7f,0xff,0xff,0xff,0xff,0xff,0xff,0xff,0xff,
0xff,0xff,0xd2,0xff,0xff,0xff,0xff,0xf8,0x00,0x00,0x00,0xae,0xff,0xff,0xff,0xff,
0xff,0xff,0xff,0xff,0xb8,0x57,0xff,0xff,0xff,0xff,0xf8,0x00,0x00,0x00,0x00,0x6c,
0xe5,0xff,0xff,0xff,0xff,0xeb,0x7f,0x02,0x57,0xff,0xff,0xff,0xff,0xf8,0x00,0x00,
0x00,0x00,0x00,0x00,0x35,0x50,0x50,0x37,0x02,0x00,0x00,0x5b,0xff,0xff,0xff,0xff,
0xf8,0x00,0x00,0x00,0x00,0x00,0x00,0x00,0x00,0x00,0x00,0x00,0x00,0x00,0x7d,0xff,
0xff,0xff,0xff,0xe9,0x00,0x00,0x00,0x00,0x00,0x00,0x00,0x00,0x00,0x00,0x00,0x00,
0x00,0xc3,0xff,0xff,0xff,0xff,0xae,0x00,0x2c,0x83,0x28,0x00,0x00,0x00,0x00,0x00,
0x00,0x00,0x00,0x57,0xff,0xff,0xff,0xff,0xff,0x6a,0x00,0x3d,0xff,0xff,0xe7,0xaa,
0x7d,0x59,0x50,0x4c,0x57,0xaa,0xff,0xff,0xff,0xff,0xff,0xeb,0x0c,0x00,0x3d,0xff,
0xff,0xff,0xff,0xff,0xff,0xff,0xff,0xff,0xff,0xff,0xff,0xff,0xff,0xff,0x57,0x00,
0x00,0x3d,0xff,0xff,0xff,0xff,0xff,0xff,0xff,0xff,0xff,0xff,0xff,0xff,0xff,0xfc,
0x63,0x00,0x00,0x00,0x1d,0xb2,0xfa,0xff,0xff,0xff,0xff,0xff,0xff,0xff,0xff,0xff,
0xfa,0xa5,0x28,0x00,0x00,0x00,0x00,0x00,0x00,0x02,0x41,0x5d,0x88,0x9b,0xa1,0xa1,
0x99,0x72,0x4e,0x08,0x00,0x00,0x00,0x00,0x00,0x15,0x57,0x57,0x57,0x57,0x57,0x15,
0x00,0x00,0x00,0x00,0x00,0x00,0x00,0x00,0x00,0x00,0x00,0x00,0x3d,0xff,0xff,0xff,
0xff,0xff,0x3d,0x00,0x00,0x00,0x00,0x00,0x00,0x00,0x00,0x00,0x00,0x00,0x00,0x3d,
0xff,0xff,0xff,0xff,0xff,0x3d,0x00,0x00,0x00,0x00,0x00,0x00,0x00,0x00,0x00,0x00,
0x00,0x00,0x3d,0xff,0xff,0xff,0xff,0xff,0x3d,0x00,0x00,0x00,0x00,0x00,0x00,0x00,
0x00,0x00,0x00,0x00,0x00,0x3d,0xff,0xff,0xff,0xff,0xff,0x3d,0x00,0x00,0x00,0x00,
0x00,0x00,0x00,0x00,0x00,0x00,0x00,0x00,0x3d,0xff,0xff,0xff,0xff,0xff,0x3d,0x00,
0x00,0x00,0x00,0x00,0x00,0x00,0x00,0x00,0x00,0x00,0x00,0x3d,0xff,0xff,0xff,0xff,
0xff,0x3d,0x00,0x00,0x00,0x00,0x00,0x00,0x00,0x00,0x00,0x00,0x00,0x00,0x3d,0xff,
0xff,0xff,0xff,0xff,0x13,0x00,0x00,0x00,0x00,0x00,0x00,0x00,0x00,0x00,0x00,0x00,
0x00,0x3d,0xff,0xff,0xff,0xff,0xff,0x0a,0x00,0x3b,0xa5,0xe5,0xfc,0xfa,0xe1,0xa3,
0x3d,0x00,0x00,0x00,0x3d,0xff,0xff,0xff,0xff,0xff,0x02,0x99,0xff,0xff,0xff,0xff,
0xff,0xff,0xff,0xff,0xac,0x0c,0x00,0x3d,0xff,0xff,0xff,0xff,0xf6,0x85,0xff,0xff,
0xff,0xff,0xff,0xff,0xff,0xff,0xff,0xff,0xb4,0x00,0x3d,0xff,0xff,0xff,0xff,0xff,
0xff,0xff,0xff,0xff,0xff,0xff,0xff,0xff,0xff,0xff,0xff,0xff,0x3f,0x3d,0xff,0xff,
0xff,0xff,0xff,0xff,0xff,0xa1,0x52,0x4a,0x68,0xe3,0xff,0xff,0xff,0xff,0xff,0x9f,
0x3d,0xff,0xff,0xff,0xff,0xff,0xff,0x63,0x00,0x00,0x00,0x00,0x1d,0xf8,0xff,0xff,
0xff,0xff,0xd2,0x3d,0xff,0xff,0xff,0xff,0xff,0xd0,0x00,0x00,0x00,0x00,0x00,0x00,
0xa7,0xff,0xff,0xff,0xff,0xf2,0x3d,0xff,0xff,0xff,0xff,0xff,0x7f,0x00,0x00,0x00,
0x00,0x00,0x00,0x6a,0xff,0xff,0xff,0xff,0xf6,0x3d,0xff,0xff,0xff,0xff,0xff,0x50,
0x00,0x00,0x00,0x00,0x00,0x00,0x5d,0xff,0xff,0xff,0xff,0xf8,0x3d,0xff,0xff,0xff,
0xff,0xff,0x41,0x00,0x00,0x00,0x00,0x00,0x00,0x5d,0xff,0xff,0xff,0xff,0xf8,0x3d,
0xff,0xff,0xff,0xff,0xff,0x3d,0x00,0x00,0x00,0x00,0x00,0x00,0x5d,0xff,0xff,0xff,
0xff,0xf8,0x3d,0xff,0xff,0xff,0xff,0xff,0x3d,0x00,0x00,0x00,0x00,0x00,0x00,0x5d,
0xff,0xff,0xff,0xff,0xf8,0x3d,0xff,0xff,0xff,0xff,0xff,0x3d,0x00,0x00,0x00,0x00,
0x00,0x00,0x5d,0xff,0xff,0xff,0xff,0xf8,0x3d,0xff,0xff,0xff,0xff,0xff,0x3d,0x00,
0x00,0x00,0x00,0x00,0x00,0x5d,0xff,0xff,0xff,0xff,0xf8,0x3d,0xff,0xff,0xff,0xff,
0xff,0x3d,0x00,0x00,0x00,0x00,0x00,0x00,0x5d,0xff,0xff,0xff,0xff,0xf8,0x3d,0xff,
0xff,0xff,0xff,0xff,0x3d,0x00,0x00,0x00,0x00,0x00,0x00,0x5d,0xff,0xff,0xff,0xff,
0xf8,0x3d,0xff,0xff,0xff,0xff,0xff,0x3d,0x00,0x00,0x00,0x00,0x00,0x00,0x5d,0xff,
0xff,0xff,0xff,0xf8,0x3d,0xff,0xff,0xff,0xff,0xff,0x3d,0x00,0x00,0x00,0x00,0x00,
0x00,0x5d,0xff,0xff,0xff,0xff,0xf8,0x3d,0xff,0xff,0xff,0xff,0xff,0x3d,0x00,0x00,
0x00,0x00,0x00,0x00,0x5d,0xff,0xff,0xff,0xff,0xf8,0x3d,0xff,0xff,0xff,0xff,0xff,
0x3d,0x00,0x00,0x00,0x00,0x00,0x00,0x5d,0xff,0xff,0xff,0xff,0xf8,0x00,0x00,0x37,
0x50,0x39,0x00,0x00,0x06,0xc9,0xff,0xff,0xff,0xc9,0x06,0x50,0xff,0xff,0xff,0xff,
0xff,0x50,0x5b,0xff,0xff,0xff,0xff,0xff,0x5b,0x2c,0xff,0xff,0xff,0xff,0xff,0x2e,
0x00,0x4e,0xb8,0xeb,0xb8,0x4c,0x00,0x00,0x00,0x00,0x00,0x00,0x00,0x00,0x00,0x00,
0x00,0x00,0x00,0x00,0x00,0x28,0xa7,0xa7,0xa7,0xa7,0xa7,0x28,0x3d,0xff,0xff,0xff,
0xff,0xff,0x3d,0x3d,0xff,0xff,0xff,0xff,0xff,0x3d,0x3d,0xff,0xff,0xff,0xff,0xff,
0x3d,0x3d,0xff,0xff,0xff,0xff,0xff,0x3d,0x3d,0xff,0xff,0xff,0xff,0xff,0x3d,0x3d,
0xff,0xff,0xff,0xff,0xff,0x3d,0x3d,0xff,0xff,0xff,0xff,0xff,0x3d,0x3d,0xff,0xff,
0xff,0xff,0xff,0x3d,0x3d,0xff,0xff,0xff,0xff,0xff,0x3d,0x3d,0xff,0xff,0xff,0xff,
0xff,0x3d,0x3d,0xff,0xff,0xff,0xff,0xff,0x3d,0x3d,0xff,0xff,0xff,0xff,0xff,0x3d,
0x3d,0xff,0xff,0xff,0xff,0xff,0x3d,0x3d,0xff,0xff,0xff,0xff,0xff,0x3d,0x3d,0xff,
0xff,0xff,0xff,0xff,0x3d,0x3d,0xff,0xff,0xff,0xff,0xff,0x3d,0x3d,0xff,0xff,0xff,
0xff,0xff,0x3d,0x3d,0xff,0xff,0xff,0xff,0xff,0x3d,0x3d,0xff,0xff,0xff,0xff,0xff,
0x3d,0x00,0x00,0x00,0x00,0x00,0x00,0x00,0x37,0x50,0x39,0x00,0x00,0x00,0x00,0x00,
0x00,0x00,0x06,0xc9,0xff,0xff,0xff,0xc9,0x06,0x00,0x00,0x00,0x00,0x00,0x50,0xff,
0xff,0xff,0xff,0xff,0x50,0x00,0x00,0x00,0x00,0x00,0x5b,0xff,0xff,0xff,0xff,0xff,
0x5b,0x00,0x00,0x00,0x00,0x00,0x2c,0xff,0xff,0xff,0xff,0xff,0x2e,0x00,0x00,0x00,
0x00,0x00,0x00,0x4e,0xb8,0xeb,0xb8,0x4c,0x00,0x00,0x00,0x00,0x00,0x00,0x00,0x00,
0x00,0x00,0x00,0x00,0x00,0x00,0x00,0x00,0x00,0x00,0x00,0x00,0x00,0x00,0x00,0x00,
0x00,0x00,0x00,0x00,0x00,0x00,0x28,0xa7,0xa7,0xa7,0xa7,0xa7,0x28,0x00,0x00,0x00,
0x00,0x00,0x3d,0xff,0xff,0xff,0xff,0xff,0x3d,0x00,0x00,0x00,0x00,0x00,0x3d,0xff,
0xff,0xff,0xff,0xff,0x3d,0x00,0x00,0x00,0x00,0x00,0x3d,0xff,0xff,0xff,0xff,0xff,
0x3d,0x00,0x00,0x00,0x00,0x00,0x3d,0xff,0xff,0xff,0xff,0xff,0x3d,0x00,0x00,0x00,
0x00,0x00,0x3d,0xff,0xff,0xff,0xff,0xff,0x3d,0x00,0x00,0x00,0x00,0x00,0x3d,0xff,
0xff,0xff,0xff,0xff,0x3d,0x00,0x00,0x00,0x00,0x00,0x3d,0xff,0xff,0xff,0xff,0xff,
0x3d,0x00,0x00,0x00,0x00,0x00,0x3d,0xff,0xff,0xff,0xff,0xff,0x3d,0x00,0x00,0x00,
0x00,0x00,0x3d,0xff,0xff,0xff,0xff,0xff,0x3d,0x00,0x00,0x00,0x00,0x00,0x3d,0xff,
0xff,0xff,0xff,0xff,0x3d,0x00,0x00,0x00,0x00,0x00,0x3d,0xff,0xff,0xff,0xff,0xff,
0x3d,0x00,0x00,0x00,0x00,0x00,0x3d,0xff,0xff,0xff,0xff,0xff,0x3d,0x00,0x00,0x00,
0x00,0x00,0x3d,0xff,0xff,0xff,0xff,0xff,0x3d,0x00,0x00,0x00,0x00,0x00,0x3d,0xff,
0xff,0xff,0xff,0xff,0x3d,0x00,0x00,0x00,0x00,0x00,0x3d,0xff,0xff,0xff,0xff,0xff,
0x3d,0x00,0x00,0x00,0x00,0x00,0x3d,0xff,0xff,0xff,0xff,0xff,0x3d,0x00,0x00,0x00,
0x00,0x00,0x3d,0xff,0xff,0xff,0xff,0xff,0x3d,0x00,0x00,0x00,0x00,0x00,0x3d,0xff,
0xff,0xff,0xff,0xff,0x3d,0x00,0x00,0x00,0x00,0x00,0x3d,0xff,0xff,0xff,0xff,0xff,
0x3d,0x00,0x00,0x00,0x00,0x00,0x3d,0xff,0xff,0xff,0xff,0xff,0x3d,0x00,0x00,0x00,
0x00,0x00,0x3f,0xff,0xff,0xff,0xff,0xff,0x3d,0x00,0x00,0x00,0x00,0x00,0x4e,0xff,
0xff,0xff,0xff,0xff,0x1d,0x00,0x00,0x00,0x00,0x0a,0xbf,0xff,0xff,0xff,0xff,0xff,
0x04,0x48,0xd2,0xb0,0xb0,0xeb,0xff,0xff,0xff,0xff,0xff,0xce,0x00,0x4a,0xff,0xff,
0xff,0xff,0xff,0xff,0xff,0xff,0xff,0x68,0x00,0x4a,0xff,0xff,0xff,0xff,0xff,0xff,
0xff,0xff,0xbb,0x00,0x00,0x4a,0xff,0xff,0xff,0xff,0xff,0xff,0xfc,0x92,0x08,0x00,
0x00,0x13,0x55,0x8a,0x9f,0xa1,0x99,0x5b,0x1b,0x00,0x00,0x00,0x00,0x15,0x57,0x57,
0x57,0x57,0x57,0x15,0x00,0x00,0x00,0x00,0x00,0x00,0x00,0x00,0x00,0x00,0x00,0x00,
0x00,0x00,0x3d,0xff,0xff,0xff,0xff,0xff,0x3d,0x00,0x00,0x00,0x00,0x00,0x00,0x00,
0x00,0x00,0x00,0x00,0x00,0x00,0x00,0x3d,0xff,0xff,0xff,0xff,0xff,0x3d,0x00,0x00,
0x00,0x00,0x00,0x00,0x00,0x00,0x00,0x00,0x00,0x00,0x00,0x00,0x3d,0xff,0xff,0xff,
0xff,0xff,0x3d,0x00,0x00,0x00,0x00,0x00,0x00,0x00,0x00,0x00,0x00,0x00,0x00,0x00,
0x00,0x3d,0xff,0xff,0xff,0xff,0xff,0x3d,0x00,0x00,0x00,0x00,0x00,0x00,0x00,0x00,
0x00,0x00,0x00,0x00,0x00,0x00,0x3d,0xff,0xff,0xff,0xff,0xff,0x3d,0x00,0x00,0x00,
0x00,0x00,0x00,0x00,0x00,0x00,0x00,0x00,0x00,0x00,0x00,0x3d,0xff,0xff,0xff,0xff,
0xff,0x3d,0x00,0x00,0x00,0x00,0x00,0x00,0x00,0x00,0x00,0x00,0x00,0x00,0x00,0x00,
0x3d,0xff,0xff,0xff,0xff,0xff,0x3d,0x00,0x00,0x00,0x00,0x00,0x00,0x00,0x00,0x00,
0x00,0x00,0x00,0x00,0x00,0x3d,0xff,0xff,0xff,0xff,0xff,0x3d,0x00,0x00,0x00,0x00,
0x00,0x00,0x52,0xa7,0xa7,0xa7,0xa7,0xa7,0x59,0x00,0x3d,0xff,0xff,0xff,0xff,0xff,
0x3d,0x00,0x00,0x00,0x00,0x00,0x46,0xfa,0xff,0xff,0xff,0xff,0xbd,0x06,0x00,0x3d,
0xff,0xff,0xff,0xff,0xff,0x3d,0x00,0x00,0x00,0x00,0x39,0xf2,0xff,0xff,0xff,0xff,
0xce,0x0c,0x00,0x00,0x3d,0xff,0xff,0xff,0xff,0xff,0x3d,0x00,0x00,0x00,0x28,0xeb,
0xff,0xff,0xff,0xff,0xdf,0x15,0x00,0x00,0x00,0x3d,0xff,0xff,0xff,0xff,0xff,0x3d,
0x00,0x00,0x1d,0xe5,0xff,0xff,0xff,0xff,0xe7,0x1b,0x00,0x00,0x00,0x00,0x3d,0xff,
0xff,0xff,0xff,0xff,0x17,0x00,0x15,0xda,0xff,0xff,0xff,0xff,0xee,0x2c,0x00,0x00,
0x00,0x00,0x00,0x3d,0xff,0xff,0xff,0xff,0xff,0x0a,0x0a,0xcc,0xff,0xff,0xff,0xff,
0xf6,0x3d,0x00,0x00,0x00,0x00,0x00,0x00,0x3d,0xff,0xff,0xff,0xff,0xff,0x02,0xac,
0xff,0xff,0xff,0xff,0xfc,0x48,0x00,0x00,0x00,0x00,0x00,0x00,0x00,0x3d,0xff,0xff,
0xff,0xff,0xf6,0x6e,0xff,0xff,0xff,0xff,0xff,0x5b,0x00,0x00,0x00,0x00,0x00,0x00,
0x00,0x00,0x3d,0xff,0xff,0xff,0xff,0xf8,0xfa,0xff,0xff,0xff,0xff,0xff,0x7f,0x00,
0x00,0x00,0x00,0x00,0x00,0x00,0x00,0x3d,0xff,0xff,0xff,0xff,0xff,0xff,0xff,0xff,
0xff,0xff,0xff,0xff,0x3f,0x00,0x00,0x00,0x00,0x00,0x00,0x00,0x3d,0xff,0xff,0xff,
0xff,0xff,0xff,0xff,0xff,0xff,0xff,0xff,0xff,0xe7,0x15,0x00,0x00,0x00,0x00,0x00,
0x00,0x3d,0xff,0xff,0xff,0xff,0xff,0xff,0xc5,0x4c,0xfc,0xff,0xff,0xff,0xff,0xb4,
0x00,0x00,0x00,0x00,0x00,0x00,0x3d,0xff,0xff,0xff,0xff,0xff,0x9f,0x02,0x00,0x7b,
0xff,0xff,0xff,0xff,0xff,0x72,0x00,0x00,0x00,0x00,0x00,0x3d,0xff,0xff,0xff,0xff,
0xff,0x3d,0x00,0x00,0x00,0xc1,0xff,0xff,0xff,0xff,0xfc,0x37,0x00,0x00,0x00,0x00,
0x3d,0xff,0xff,0xff,0xff,0xff,0x3d,0x00,0x00,0x00,0x1d,0xee,0xff,0xff,0xff,0xff,
0xe1,0x11,0x00,0x00,0x00,0x3d,0xff,0xff,0xff,0xff,0xff,0x3d,0x00,0x00,0x00,0x00,
0x59,0xff,0xff,0xff,0xff,0xff,0xb0,0x00,0x00,0x00,0x3d,0xff,0xff,0xff,0xff,0xff,
0x3d,0x00,0x00,0x00,0x00,0x00,0xa3,0xff,0xff,0xff,0xff,0xff,0x6e,0x00,0x00,0x3d,
0xff,0xff,0xff,0xff,0xff,0x3d,0x00,0x00,0x00,0x00,0x00,0x0c,0xdf,0xff,0xff,0xff,
0xff,0xfc,0x33,0x00,0x3d,0xff,0xff,0xff,0xff,0xff,0x3d,0x00,0x00,0x00,0x00,0x00,
0x00,0x37,0xff,0xff,0xff,0xff,0xff,0xdd,0x0e,0x15,0x57,0x57,0x57,0x57,0x57,0x15,
0x3d,0xff,0xff,0xff,0xff,0xff,0x3d,0x3d,0xff,0xff,0xff,0xff,0xff,0x3d,0x3d,0xff,
0xff,0xff,0xff,0xff,0x3d,0x3d,0xff,0xff,0xff,0xff,0xff,0x3d,0x3d,0xff,0xff,0xff,
0xff,0xff,0x3d,0x3d,0xff,0xff,0xff,0xff,0xff,0x3d,0x3d,0xff,0xff,0xff,0xff,0xff,
0x3d,0x3d,0xff,0xff,0xff,0xff,0xff,0x3d,0x3d,0xff,0xff,0xff,0xff,0xff,0x3d,0x3d,
0xff,0xff,0xff,0xff,0xff,0x3d,0x3d,0xff,0xff,0xff,0xff,0xff,0x3d,0x3d,0xff,0xff,
0xff,0xff,0xff,0x3d,0x3d,0xff,0xff,0xff,0xff,0xff,0x3d,0x3d,0xff,0xff,0xff,0xff,
0xff,0x3d,0x3d,0xff,0xff,0xff,0xff,0xff,0x3d,0x3d,0xff,0xff,0xff,0xff,0xff,0x3d,
0x3d,0xff,0xff,0xff,0xff,0xff,0x3d,0x3d,0xff,0xff,0xff,0xff,0xff,0x3d,0x3d,0xff,
0xff,0xff,0xff,0xff,0x3d,0x3d,0xff,0xff,0xff,0xff,0xff,0x3d,0x3d,0xff,0xff,0xff,
0xff,0xff,0x3d,0x3d,0xff,0xff,0xff,0xff,0xff,0x3d,0x3d,0xff,0xff,0xff,0xff,0xff,
0x3d,0x3d,0xff,0xff,0xff,0xff,0xff,0x3d,0x3d,0xff,0xff,0xff,0xff,0xff,0x3d,0x3d,
0xff,0xff,0xff,0xff,0xff,0x3d,0x3d,0xff,0xff,0xff,0xff,0xff,0x3d,0x28,0xa7,0xa7,
0xa7,0xa5,0x00,0x00,0x00,0x5d,0xb0,0xf2,0xff,0xfa,0xda,0x9b,0x2e,0x00,0x00,0x00,
0x00,0x3f,0xa5,0xe5,0xfc,0xfc,0xe5,0xa7,0x44,0x00,0x00,0x00,0x3d,0xff,0xff,0xff,
0xff,0x39,0x15,0xcc,0xff,0xff,0xff,0xff,0xff,0xff,0xff,0xff,0x7b,0x00,0x08,0xac,
0xff,0xff,0xff,0xff,0xff,0xff,0xff,0xff,0xaa,0x02,0x00,0x3d,0xff,0xff,0xff,0xff,
0x88,0xc9,0xff,0xff,0xff,0xff,0xff,0xff,0xff,0xff,0xff,0xff,0x63,0xa1,0xff,0xff,
0xff,0xff,0xff,0xff,0xff,0xff,0xff,0xff,0x8c,0x00,0x3d,0xff,0xff,0xff,0xff,0xff,
0xff,0xff,0xff,0xff,0xff,0xff,0xff,0xff,0xff,0xff,0xff,0xff,0xff,0xff,0xff,0xff,
0xff,0xff,0xff,0xff,0xff,0xff,0xff,0xfa,0x13,0x3d,0xff,0xff,0xff,0xff,0xff,0xff,
0xf8,0x88,0x4e,0x4c,0x96,0xff,0xff,0xff,0xff,0xff,0xff,0xff,0xff,0xaa,0x52,0x4a,
0x77,0xf4,0xff,0xff,0xff,0xff,0xff,0x57,0x3d,0xff,0xff,0xff,0xff,0xff,0xff,0x4a,
0x00,0x00,0x00,0x00,0x94,0xff,0xff,0xff,0xff,0xff,0xff,0x83,0x00,0x00,0x00,0x00,
0x59,0xff,0xff,0xff,0xff,0xff,0x94,0x3d,0xff,0xff,0xff,0xff,0xff,0xc3,0x00,0x00,
0x00,0x00,0x00,0x28,0xff,0xff,0xff,0xff,0xff,0xf0,0x06,0x00,0x00,0x00,0x00,0x00,
0xf6,0xff,0xff,0xff,0xff,0xa1,0x3d,0xff,0xff,0xff,0xff,0xff,0x77,0x00,0x00,0x00,
0x00,0x00,0x00,0xfc,0xff,0xff,0xff,0xff,0xa5,0x00,0x00,0x00,0x00,0x00,0x00,0xb6,
0xff,0xff,0xff,0xff,0xa7,0x3d,0xff,0xff,0xff,0xff,0xff,0x4e,0x00,0x00,0x00,0x00,
0x00,0x00,0xf8,0xff,0xff,0xff,0xff,0x7b,0x00,0x00,0x00,0x00,0x00,0x00,0xae,0xff,
0xff,0xff,0xff,0xa7,0x3d,0xff,0xff,0xff,0xff,0xff,0x41,0x00,0x00,0x00,0x00,0x00,
0x00,0xf8,0xff,0xff,0xff,0xff,0x5d,0x00,0x00,0x00,0x00,0x00,0x00,0xae,0xff,0xff,
0xff,0xff,0xa7,0x3d,0xff,0xff,0xff,0xff,0xff,0x3d,0x00,0x00,0x00,0x00,0x00,0x00,
0xf8,0xff,0xff,0xff,0xff,0x5d,0x00,0x00,0x00,0x00,0x00,0x00,0xae,0xff,0xff,0xff,
0xff,0xa7,0x3d,0xff,0xff,0xff,0xff,0xff,0x3d,0x00,0x00,0x00,0x00,0x00,0x00,0xf8,
0xff,0xff,0xff,0xff,0x5d,0x00,0x00,0x00,0x00,0x00,0x00,0xae,0xff,0xff,0xff,0xff,
0xa7,0x3d,0xff,0xff,0xff,0xff,0xff,0x3d,0x00,0x00,0x00,0x00,0x00,0x00,0xf8,0xff,
0xff,0xff,0xff,0x5d,0x00,0x00,0x00,0x00,0x00,0x00,0xae,0xff,0xff,0xff,0xff,0xa7,
0x3d,0xff,0xff,0xff,0xff,0xff,0x3d,0x00,0x00,0x00,0x00,0x00,0x00,0xf8,0xff,0xff,
0xff,0xff,0x5d,0x00,0x00,0x00,0x00,0x00,0x00,0xae,0xff,0xff,0xff,0xff,0xa7,0x3d,
0xff,0xff,0xff,0xff,0xff,0x3d,0x00,0x00,0x00,0x00,0x00,0x00,0xf8,0xff,0xff,0xff,
0xff,0x5d,0x00,0x00,0x00,0x00,0x00,0x00,0xae,0xff,0xff,0xff,0xff,0xa7,0x3d,0xff,
0xff,0xff,0xff,0xff,0x3d,0x00,0x00,0x00,0x00,0x00,0x00,0xf8,0xff,0xff,0xff,0xff,
0x5d,0x00,0x00,0x00,0x00,0x00,0x00,0xae,0xff,0xff,0xff,0xff,0xa7,0x3d,0xff,0xff,
0xff,0xff,0xff,0x3d,0x00,0x00,0x00,0x00,0x00,0x00,0xf8,0xff,0xff,0xff,0xff,0x5d,
0x00,0x00,0x00,0x00,0x00,0x00,0xae,0xff,0xff,0xff,0xff,0xa7,0x3d,0xff,0xff,0xff,
0xff,0xff,0x3d,0x00,0x00,0x00,0x00,0x00,0x00,0xf8,0xff,0xff,0xff,0xff,0x5d,0x00,
0x00,0x00,0x00,0x00,0x00,0xae,0xff,0xff,0xff,0xff,0xa7,0x3d,0xff,0xff,0xff,0xff,
0xff,0x3d,0x00,0x00,0x00,0x00,0x00,0x00,0xf8,0xff,0xff,0xff,0xff,0x5d,0x00,0x00,
0x00,0x00,0x00,0x00,0xae,0xff,0xff,0xff,0xff,0xa7,0x3d,0xff,0xff,0xff,0xff,0xff,
0x3d,0x00,0x00,0x00,0x00,0x00,0x00,0xf8,0xff,0xff,0xff,0xff,0x5d,0x00,0x00,0x00,
0x00,0x00,0x00,0xae,0xff,0xff,0xff,0xff,0xa7,0x28,0xa7,0xa7,0xa7,0xa5,0x00,0x00,
0x00,0x4c,0xa7,0xe5,0xfc,0xfc,0xe7,0xa7,0x44,0x00,0x00,0x00,0x3d,0xff,0xff,0xff,
0xff,0x39,0x15,0xbd,0xff,0xff,0xff,0xff,0xff,0xff,0xff,0xff,0xb4,0x0c,0x00,0x3d,
0xff,0xff,0xff,0xff,0x88,0xc5,0xff,0xff,0xff,0xff,0xff,0xff,0xff,0xff,0xff,0xff,
0xb8,0x00,0x3d,0xff,0xff,0xff,0xff,0xff,0xff,0xff,0xff,0xff,0xff,0xff,0xff,0xff,
0xff,0xff,0xff,0xff,0x44,0x3d,0xff,0xff,0xff,0xff,0xff,0xff,0xff,0x9b,0x52,0x4a,
0x66,0xdf,0xff,0xff,0xff,0xff,0xff,0xa1,0x3d,0xff,0xff,0xff,0xff,0xff,0xff,0x5b,
0x00,0x00,0x00,0x00,0x17,0xf4,0xff,0xff,0xff,0xff,0xd2,0x3d,0xff,0xff,0xff,0xff,
0xff,0xce,0x00,0x00,0x00,0x00,0x00,0x00,0xa3,0xff,0xff,0xff,0xff,0xf2,0x3d,0xff,
0xff,0xff,0xff,0xff,0x7d,0x00,0x00,0x00,0x00,0x00,0x00,0x68,0xff,0xff,0xff,0xff,
0xf6,0x3d,0xff,0xff,0xff,0xff,0xff,0x50,0x00,0x00,0x00,0x00,0x00,0x00,0x5d,0xff,
0xff,0xff,0xff,0xf8,0x3d,0xff,0xff,0xff,0xff,0xff,0x41,0x00,0x00,0x00,0x00,0x00,
0x00,0x5d,0xff,0xff,0xff,0xff,0xf8,0x3d,0xff,0xff,0xff,0xff,0xff,0x3d,0x00,0x00,
0x00,0x00,0x00,0x00,0x5d,0xff,0xff,0xff,0xff,0xf8,0x3d,0xff,0xff,0xff,0xff,0xff,
0x3d,0x00,0x00,0x00,0x00,0x00,0x00,0x5d,0xff,0xff,0xff,0xff,0xf8,0x3d,0xff,0xff,
0xff,0xff,0xff,0x3d,0x00,0x00,0x00,0x00,0x00,0x00,0x5d,0xff,0xff,0xff,0xff,0xf8,
0x3d,0xff,0xff,0xff,0xff,0xff,0x3d,0x00,0x00,0x00,0x00,0x00,0x00,0x5d,0xff,0xff,
0xff,0xff,0xf8,0x3d,0xff,0xff,0xff,0xff,0xff,0x3d,0x00,0x00,0x00,0x00,0x00,0x00,
0x5d,0xff,0xff,0xff,0xff,0xf8,0x3d,0xff,0xff,0xff,0xff,0xff,0x3d,0x00,0x00,0x00,
0x00,0x00,0x00,0x5d,0xff,0xff,0xff,0xff,0xf8,0x3d,0xff,0xff,0xff,0xff,0xff,0x3d,
0x00,0x00,0x00,0x00,0x00,0x00,0x5d,0xff,0xff,0xff,0xff,0xf8,0x3d,0xff,0xff,0xff,
0xff,0xff,0x3d,0x00,0x00,0x00,0x00,0x00,0x00,0x5d,0xff,0xff,0xff,0xff,0xf8,0x3d,
0xff,0xff,0xff,0xff,0xff,0x3d,0x00,0x00,0x00,0x00,0x00,0x00,0x5d,0xff,0xff,0xff,
0xff,0xf8,0x3d,0xff,0xff,0xff,0xff,0xff,0x3d,0x00,0x00,0x00,0x00,0x00,0x00,0x5d,
0xff,0xff,0xff,0xff,0xf8,0x00,0x00,0x00,0x00,0x00,0x0e,0x6c,0xae,0xee,0xfa,0xff,
0xf2,0xbf,0x81,0x1f,0x00,0x00,0x00,0x00,0x00,0x00,0x00,0x00,0x00,0x70,0xf4,0xff,
0xff,0xff,0xff,0xff,0xff,0xff,0xff,0xfc,0x8a,0x06,0x00,0x00,0x00,0x00,0x00,0x00,
0xa7,0xff,0xff,0xff,0xff,0xff,0xff,0xff,0xff,0xff,0xff,0xff,0xff,0xc5,0x0c,0x00,
0x00,0x00,0x00,0x85,0xff,0xff,0xff,0xff,0xff,0xff,0xff,0xff,0xff,0xff,0xff,0xff,
0xff,0xff,0xb0,0x00,0x00,0x00,0x26,0xff,0xff,0xff,0xff,0xff,0xf8,0x8e,0x52,0x50,
0x77,0xe5,0xff,0xff,0xff,0xff,0xff,0x57,0x00,0x00,0x96,0xff,0xff,0xff,0xff,0xff,
0x3f,0x00,0x00,0x00,0x00,0x15,0xe1,0xff,0xff,0xff,0xff,0xd2,0x00,0x00,0xe9,0xff,
0xff,0xff,0xff,0xaa,0x00,0x00,0x00,0x00,0x00,0x00,0x61,0xff,0xff,0xff,0xff,0xff,
0x2a,0x22,0xff,0xff,0xff,0xff,0xff,0x52,0x00,0x00,0x00,0x00,0x00,0x00,0x0c,0xff,
0xff,0xff,0xff,0xff,0x61,0x4c,0xff,0xff,0xff,0xff,0xff,0x30,0x00,0x00,0x00,0x00,
0x00,0x00,0x00,0xf2,0xff,0xff,0xff,0xff,0x99,0x55,0xff,0xff,0xff,0xff,0xff,0x08,
0x00,0x00,0x00,0x00,0x00,0x00,0x00,0xcc,0xff,0xff,0xff,0xff,0xa1,0x57,0xff,0xff,
0xff,0xff,0xff,0x06,0x00,0x00,0x00,0x00,0x00,0x00,0x00,0xbd,0xff,0xff,0xff,0xff,
0xa3,0x4e,0xff,0xff,0xff,0xff,0xff,0x22,0x00,0x00,0x00,0x00,0x00,0x00,0x00,0xee,
0xff,0xff,0xff,0xff,0x9d,0x2a,0xff,0xff,0xff,0xff,0xff,0x4c,0x00,0x00,0x00,0x00,
0x00,0x00,0x02,0xfc,0xff,0xff,0xff,0xff,0x74,0x02,0xf8,0xff,0xff,0xff,0xff,0x8c,
0x00,0x00,0x00,0x00,0x00,0x00,0x44,0xff,0xff,0xff,0xff,0xff,0x46,0x00,0xa1,0xff,
0xff,0xff,0xff,0xee,0x15,0x00,0x00,0x00,0x00,0x00,0xbd,0xff,0xff,0xff,0xff,0xf6,
0x02,0x00,0x39,0xff,0xff,0xff,0xff,0xff,0xd4,0x3d,0x00,0x00,0x1f,0xa3,0xff,0xff,
0xff,0xff,0xff,0x8c,0x00,0x00,0x00,0xa5,0xff,0xff,0xff,0xff,0xff,0xff,0xfc,0xfa,
0xff,0xff,0xff,0xff,0xff,0xff,0xe9,0x13,0x00,0x00,0x00,0x0c,0xce,0xff,0xff,0xff,
0xff,0xff,0xff,0xff,0xff,0xff,0xff,0xff,0xff,0xf8,0x41,0x00,0x00,0x00,0x00,0x00,
0x11,0xb2,0xff,0xff,0xff,0xff,0xff,0xff,0xff,0xff,0xff,0xff,0xe5,0x3d,0x00,0x00,
0x00,0x00,0x00,0x00,0x00,0x00,0x4a,0xbd,0xfc,0xff,0xff,0xff,0xff,0xff,0xda,0x7f,
0x0c,0x00,0x00,0x00,0x00,0x00,0x00,0x00,0x00,0x00,0x00,0x00,0x04,0x44,0x50,0x50,
0x4a,0x17,0x00,0x00,0x00,0x00,0x00,0x00,0x00,0x28,0xa7,0xa7,0xa7,0xa7,0x2c,0x00,
0x00,0x39,0xac,0xf2,0xfc,0xf6,0xc9,0x77,0x08,0x00,0x00,0x00,0x00,0x3d,0xff,0xff,
0xff,0xff,0x7d,0x00,0x85,0xff,0xff,0xff,0xff,0xff,0xff,0xff,0xdf,0x2a,0x00,0x00,
0x00,0x3d,0xff,0xff,0xff,0xff,0xc5,0x7d,0xff,0xff,0xff,0xff,0xff,0xff,0xff,0xff,
0xff,0xe9,0x1d,0x00,0x00,0x3d,0xff,0xff,0xff,0xff,0xff,0xff,0xff,0xff,0xff,0xff,
0xff,0xff,0xff,0xff,0xff,0xff,0xbd,0x00,0x00,0x3d,0xff,0xff,0xff,0xff,0xff,0xff,
0xee,0x7d,0x4c,0x4c,0x8c,0xff,0xff,0xff,0xff,0xff,0xff,0x35,0x00,0x3d,0xff,0xff,
0xff,0xff,0xff,0xfa,0x2a,0x00,0x00,0x00,0x00,0x5d,0xff,0xff,0xff,0xff,0xff,0x90,
0x00,0x3d,0xff,0xff,0xff,0xff,0xff,0x9f,0x00,0x00,0x00,0x00,0x00,0x00,0xd0,0xff,
0xff,0xff,0xff,0xd2,0x00,0x3d,0xff,0xff,0xff,0xff,0xff,0x55,0x00,0x00,0x00,0x00,
0x00,0x00,0x88,0xff,0xff,0xff,0xff,0xfc,0x00,0x3d,0xff,0xff,0xff,0xff,0xff,0x44,
0x00,0x00,0x00,0x00,0x00,0x00,0x57,0xff,0xff,0xff,0xff,0xff,0x08,0x3d,0xff,0xff,
0xff,0xff,0xff,0x3d,0x00,0x00,0x00,0x00,0x00,0x00,0x50,0xff,0xff,0xff,0xff,0xff,
0x11,0x3d,0xff,0xff,0xff,0xff,0xff,0x3d,0x00,0x00,0x00,0x00,0x00,0x00,0x50,0xff,
0xff,0xff,0xff,0xff,0x1d,0x3d,0xff,0xff,0xff,0xff,0xff,0x46,0x00,0x00,0x00,0x00,
0x00,0x00,0x57,0xff,0xff,0xff,0xff,0xff,0x0a,0x3d,0xff,0xff,0xff,0xff,0xff,0x57,
0x00,0x00,0x00,0x00,0x00,0x00,0x7b,0xff,0xff,0xff,0xff,0xfc,0x02,0x3d,0xff,0xff,
0xff,0xff,0xff,0x9b,0x00,0x00,0x00,0x00,0x00,0x00,0xbf,0xff,0xff,0xff,0xff,0xe1,
0x00,0x3d,0xff,0xff,0xff,0xff,0xff,0xf4,0x17,0x00,0x00,0x00,0x00,0x30,0xff,0xff,
0xff,0xff,0xff,0xa1,0x00,0x3d,0xff,0xff,0xff,0xff,0xff,0xff,0xd4,0x44,0x02,0x02,
0x4a,0xe5,0xff,0xff,0xff,0xff,0xff,0x4a,0x00,0x3d,0xff,0xff,0xff,0xff,0xff,0xff,
0xff,0xff,0xff,0xff,0xff,0xff,0xff,0xff,0xff,0xff,0xd6,0x00,0x00,0x3d,0xff,0xff,
0xff,0xff,0xff,0xf6,0xff,0xff,0xff,0xff,0xff,0xff,0xff,0xff,0xff,0xfc,0x3b,0x00,
0x00,0x3d,0xff,0xff,0xff,0xff,0xfa,0x3b,0xee,0xff,0xff,0xff,0xff,0xff,0xff,0xff,
0xfa,0x55,0x00,0x00,0x00,0x3d,0xff,0xff,0xff,0xff,0xff,0x0a,0x1d,0xb0,0xff,0xff,
0xff,0xff,0xff,0xb8,0x2e,0x00,0x00,0x00,0x00,0x3d,0xff,0xff,0xff,0xff,0xff,0x2c,
0x00,0x00,0x15,0x4a,0x50,0x4c,0x13,0x00,0x00,0x00,0x00,0x00,0x00,0x3d,0xff,0xff,
0xff,0xff,0xff,0x3d,0x00,0x00,0x00,0x00,0x00,0x00,0x00,0x00,0x00,0x00,0x00,0x00,
0x00,0x3d,0xff,0xff,0xff,0xff,0xff,0x3d,0x00,0x00,0x00,0x00,0x00,0x00,0x00,0x00,
0x00,0x00,0x00,0x00,0x00,0x3d,0xff,0xff,0xff,0xff,0xff,0x3d,0x00,0x00,0x00,0x00,
0x00,0x00,0x00,0x00,0x00,0x00,0x00,0x00,0x00,0x3d,0xff,0xff,0xff,0xff,0xff,0x3d,
0x00,0x00,0x00,0x00,0x00,0x00,0x00,0x00,0x00,0x00,0x00,0x00,0x00,0x3d,0xff,0xff,
0xff,0xff,0xff,0x3d,0x00,0x00,0x00,0x00,0x00,0x00,0x00,0x00,0x00,0x00,0x00,0x00,
0x00,0x3d,0xff,0xff,0xff,0xff,0xff,0x3d,0x00,0x00,0x00,0x00,0x00,0x00,0x00,0x00,
0x00,0x00,0x00,0x00,0x00,0x3d,0xff,0xff,0xff,0xff,0xff,0x3d,0x00,0x00,0x00,0x00,
0x00,0x00,0x00,0x00,0x00,0x00,0x00,0x00,0x00,0x26,0xa1,0xa1,0xa1,0xa1,0xa1,0x26,
0x00,0x00,0x00,0x00,0x00,0x00,0x00,0x00,0x00,0x00,0x00,0x00,0x00,0x00,0x00,0x00,
0x00,0x13,0x7f,0xd0,0xf6,0xfc,0xf0,0xa7,0x3b,0x00,0x00,0x6a,0xa7,0xa7,0xa7,0xa3,
0x00,0x00,0x00,0x41,0xe9,0xff,0xff,0xff,0xff,0xff,0xff,0xff,0x8a,0x00,0xbb,0xff,
0xff,0xff,0xf8,0x00,0x00,0x35,0xf6,0xff,0xff,0xff,0xff,0xff,0xff,0xff,0xff,0xff,
0x83,0xf8,0xff,0xff,0xff,0xf8,0x00,0x02,0xdd,0xff,0xff,0xff,0xff,0xff,0xff,0xff,
0xff,0xff,0xff,0xff,0xff,0xff,0xff,0xff,0xf8,0x00,0x66,0xff,0xff,0xff,0xff,0xff,
0xfc,0x96,0x57,0x59,0x94,0xf8,0xff,0xff,0xff,0xff,0xff,0xf8,0x00,0xbf,0xff,0xff,
0xff,0xff,0xff,0x4a,0x00,0x00,0x00,0x00,0x35,0xfa,0xff,0xff,0xff,0xff,0xf8,0x02,
0xfc,0xff,0xff,0xff,0xff,0xb8,0x00,0x00,0x00,0x00,0x00,0x00,0x96,0xff,0xff,0xff,
0xff,0xf8,0x33,0xff,0xff,0xff,0xff,0xff,0x59,0x00,0x00,0x00,0x00,0x00,0x00,0x4e,
0xff,0xff,0xff,0xff,0xf8,0x4e,0xff,0xff,0xff,0xff,0xff,0x3b,0x00,0x00,0x00,0x00,
0x00,0x00,0x15,0xff,0xff,0xff,0xff,0xf8,0x55,0xff,0xff,0xff,0xff,0xff,0x0a,0x00,
0x00,0x00,0x00,0x00,0x00,0x02,0xff,0xff,0xff,0xff,0xf8,0x57,0xff,0xff,0xff,0xff,
0xff,0x06,0x00,0x00,0x00,0x00,0x00,0x00,0x00,0xff,0xff,0xff,0xff,0xf8,0x52,0xff,
0xff,0xff,0xff,0xff,0x19,0x00,0x00,0x00,0x00,0x00,0x00,0x04,0xff,0xff,0xff,0xff,
0xf8,0x48,0xff,0xff,0xff,0xff,0xff,0x4a,0x00,0x00,0x00,0x00,0x00,0x00,0x24,0xff,
0xff,0xff,0xff,0xf8,0x0c,0xff,0xff,0xff,0xff,0xff,0x7f,0x00,0x00,0x00,0x00,0x00,
0x00,0x59,0xff,0xff,0xff,0xff,0xf8,0x00,0xdd,0xff,0xff,0xff,0xff,0xe5,0x0c,0x00,
0x00,0x00,0x00,0x00,0xc5,0xff,0xff,0xff,0xff,0xf8,0x00,0x8a,0xff,0xff,0xff,0xff,
0xff,0xbd,0x1d,0x00,0x00,0x11,0x96,0xff,0xff,0xff,0xff,0xff,0xf8,0x00,0x24,0xfc,
0xff,0xff,0xff,0xff,0xff,0xff,0xee,0xee,0xfc,0xff,0xff,0xff,0xff,0xff,0xff,0xf8,
0x00,0x00,0x7f,0xff,0xff,0xff,0xff,0xff,0xff,0xff,0xff,0xff,0xff,0xc9,0xff,0xff,
0xff,0xff,0xf8,0x00,0x00,0x00,0xa1,0xff,0xff,0xff,0xff,0xff,0xff,0xff,0xff,0xb6,
0x50,0xff,0xff,0xff,0xff,0xf8,0x00,0x00,0x00,0x00,0x63,0xe1,0xff,0xff,0xff,0xff,
0xf4,0x7f,0x02,0x55,0xff,0xff,0xff,0xff,0xf8,0x00,0x00,0x00,0x00,0x00,0x00,0x30,
0x4e,0x50,0x3d,0x02,0x00,0x00,0x57,0xff,0xff,0xff,0xff,0xf8,0x00,0x00,0x00,0x00,
0x00,0x00,0x00,0x00,0x00,0x00,0x00,0x00,0x00,0x57,0xff,0xff,0xff,0xff,0xf8,0x00,
0x00,0x00,0x00,0x00,0x00,0x00,0x00,0x00,0x00,0x00,0x00,0x00,0x57,0xff,0xff,0xff,
0xff,0xf8,0x00,0x00,0x00,0x00,0x00,0x00,0x00,0x00,0x00,0x00,0x00,0x00,0x00,0x57,
0xff,0xff,0xff,0xff,0xf8,0x00,0x00,0x00,0x00,0x00,0x00,0x00,0x00,0x00,0x00,0x00,
0x00,0x00,0x57,0xff,0xff,0xff,0xff,0xf8,0x00,0x00,0x00,0x00,0x00,0x00,0x00,0x00,
0x00,0x00,0x00,0x00,0x00,0x57,0xff,0xff,0xff,0xff,0xf8,0x00,0x00,0x00,0x00,0x00,
0x00,0x00,0x00,0x00,0x00,0x00,0x00,0x00,0x57,0xff,0xff,0xff,0xff,0xf8,0x00,0x00,
0x00,0x00,0x00,0x00,0x00,0x00,0x00,0x00,0x00,0x00,0x00,0x57,0xff,0xff,0xff,0xff,
0xf8,0x00,0x00,0x00,0x00,0x00,0x00,0x00,0x00,0x00,0x00,0x00,0x00,0x00,0x37,0xa1,
0xa1,0xa1,0xa1,0x9d,0x28,0xa7,0xa7,0xa7,0xa1,0x00,0x00,0x00,0x1b,0x8e,0xe1,0xfc,
0xfa,0x8e,0x3d,0xff,0xff,0xff,0xff,0x24,0x00,0x48,0xf0,0xff,0xff,0xff,0xff,0x74,
0x3d,0xff,0xff,0xff,0xff,0x5b,0x41,0xfa,0xff,0xff,0xff,0xff,0xff,0x5b,0x3d,0xff,
0xff,0xff,0xff,0xbb,0xe7,0xff,0xff,0xff,0xff,0xff,0xff,0x4e,0x3d,0xff,0xff,0xff,
0xff,0xff,0xff,0xff,0xff,0xff,0xff,0xff,0xff,0x46,0x3d,0xff,0xff,0xff,0xff,0xff,
0xff,0xff,0xae,0x4c,0x06,0x00,0x02,0x06,0x3d,0xff,0xff,0xff,0xff,0xff,0xff,0x68,
0x00,0x00,0x00,0x00,0x00,0x00,0x3d,0xff,0xff,0xff,0xff,0xff,0xac,0x00,0x00,0x00,
0x00,0x00,0x00,0x00,0x3d,0xff,0xff,0xff,0xff,0xff,0x52,0x00,0x00,0x00,0x00,0x00,
0x00,0x00,0x3d,0xff,0xff,0xff,0xff,0xff,0x3f,0x00,0x00,0x00,0x00,0x00,0x00,0x00,
0x3d,0xff,0xff,0xff,0xff,0xff,0x3d,0x00,0x00,0x00,0x00,0x00,0x00,0x00,0x3d,0xff,
0xff,0xff,0xff,0xff,0x3d,0x00,0x00,0x00,0x00,0x00,0x00,0x00,0x3d,0xff,0xff,0xff,
0xff,0xff,0x3d,0x00,0x00,0x00,0x00,0x00,0x00,0x00,0x3d,0xff,0xff,0xff,0xff,0xff,
0x3d,0x00,0x00,0x00,0x00,0x00,0x00,0x00,0x3d,0xff,0xff,0xff,0xff,0xff,0x3d,0x00,
0x00,0x00,0x00,0x00,0x00,0x00,0x3d,0xff,0xff,0xff,0xff,0xff,0x3d,0x00,0x00,0x00,
0x00,0x00,0x00,0x00,0x3d,0xff,0xff,0xff,0xff,0xff,0x3d,0x00,0x00,0x00,0x00,0x00,
0x00,0x00,0x3d,0xff,0xff,0xff,0xff,0xff,0x3d,0x00,0x00,0x00,0x00,0x00,0x00,0x00,
0x3d,0xff,0xff,0xff,0xff,0xff,0x3d,0x00,0x00,0x00,0x00,0x00,0x00,0x00,0x3d,0xff,
0xff,0xff,0xff,0xff,0x3d,0x00,0x00,0x00,0x00,0x00,0x00,0x00,0x00,0x00,0x00,0x15,
0x72,0xae,0xeb,0xfa,0xff,0xf8,0xe7,0xae,0x7d,0x30,0x00,0x00,0x00,0x00,0x6e,0xf4,
0xff,0xff,0xff,0xff,0xff,0xff,0xff,0xff,0xff,0xff,0xd0,0x22,0x00,0x72,0xff,0xff,
0xff,0xff,0xff,0xff,0xff,0xff,0xff,0xff,0xff,0xff,0xe1,0x00,0x06,0xf4,0xff,0xff,
0xff,0xff,0xff,0xfc,0xf8,0xfc,0xff,0xff,0xff,0xff,0x77,0x00,0x4c,0xff,0xff,0xff,
0xff,0xff,0x4e,0x02,0x00,0x02,0x35,0x83,0xe1,0xfa,0x15,0x00,0x57,0xff,0xff,0xff,
0xff,0xfa,0x04,0x00,0x00,0x00,0x00,0x00,0x00,0x2e,0x00,0x00,0x4e,0xff,0xff,0xff,
0xff,0xff,0xae,0x19,0x00,0x00,0x00,0x00,0x00,0x00,0x00,0x00,0x0e,0xfc,0xff,0xff,
0xff,0xff,0xff,0xfa,0x96,0x28,0x00,0x00,0x00,0x00,0x00,0x00,0x00,0x99,0xff,0xff,
0xff,0xff,0xff,0xff,0xff,0xff,0xbf,0x46,0x00,0x00,0x00,0x00,0x00,0x08,0xb6,0xff,
0xff,0xff,0xff,0xff,0xff,0xff,0xff,0xff,0xc7,0x2a,0x00,0x00,0x00,0x00,0x00,0x68,
0xe7,0xff,0xff,0xff,0xff,0xff,0xff,0xff,0xff,0xf2,0x3d,0x00,0x00,0x00,0x00,0x00,
0x06,0x6a,0xd6,0xff,0xff,0xff,0xff,0xff,0xff,0xff,0xe5,0x06,0x00,0x00,0x00,0x00,
0x00,0x00,0x00,0x46,0xc7,0xff,0xff,0xff,0xff,0xff,0xff,0x52,0x00,0x00,0x00,0x00,
0x00,0x00,0x00,0x00,0x00,0x66,0xff,0xff,0xff,0xff,0xff,0x7f,0x08,0x00,0x00,0x00,
0x00,0x00,0x00,0x00,0x00,0x00,0xc3,0xff,0xff,0xff,0xff,0x90,0x50,0xd8,0x7d,0x2a,
0x00,0x00,0x00,0x00,0x00,0x15,0xeb,0xff,0xff,0xff,0xff,0x5b,0x50,0xff,0xff,0xff,
0xee,0xae,0x9d,0x9b,0xa5,0xee,0xff,0xff,0xff,0xff,0xfc,0x1f,0x50,0xff,0xff,0xff,
0xff,0xff,0xff,0xff,0xff,0xff,0xff,0xff,0xff,0xff,0x94,0x00,0x50,0xff,0xff,0xff,
0xff,0xff,0xff,0xff,0xff,0xff,0xff,0xff,0xff,0xa7,0x04,0x00,0x17,0x81,0xce,0xff,
0xff,0xff,0xff,0xff,0xff,0xff,0xfc,0xb6,0x4a,0x00,0x00,0x00,0x00,0x00,0x00,0x04,
0x3b,0x4c,0x50,0x50,0x4c,0x30,0x02,0x00,0x00,0x00,0x00,0x00,0x00,0x00,0x00,0x00,
0x00,0x99,0xbb,0xbb,0x83,0x00,0x00,0x00,0x00,0x00,0x00,0x00,0x00,0x00,0x00,0x26,
0xff,0xff,0xff,0xb4,0x00,0x00,0x00,0x00,0x00,0x00,0x00,0x00,0x00,0x00,0x83,0xff,
0xff,0xff,0xb4,0x00,0x00,0x00,0x00,0x00,0x00,0x00,0x00,0x00,0x00,0xe3,0xff,0xff,
0xff,0xb4,0x00,0x00,0x00,0x00,0x00,0x00,0x00,0x00,0x06,0x8a,0xff,0xff,0xff,0xff,
0xe5,0xa7,0xa7,0xa7,0xa7,0xa7,0x30,0x00,0x46,0xdd,0xff,0xff,0xff,0xff,0xff,0xff,
0xff,0xff,0xff,0xff,0xff,0x4a,0x37,0xff,0xff,0xff,0xff,0xff,0xff,0xff,0xff,0xff,
0xff,0xff,0xff,0xff,0x4a,0x3d,0xff,0xff,0xff,0xff,0xff,0xff,0xff,0xff,0xff,0xff,
0xff,0xff,0xff,0x4a,0x15,0x57,0x57,0xc1,0xff,0xff,0xff,0xff,0xce,0x57,0x57,0x57,
0x57,0x57,0x19,0x00,0x00,0x00,0xa1,0xff,0xff,0xff,0xff,0xb4,0x00,0x00,0x00,0x00,
0x00,0x00,0x00,0x00,0x00,0xa1,0xff,0xff,0xff,0xff,0xb4,0x00,0x00,0x00,0x00,0x00,
0x00,0x00,0x00,0x00,0xa1,0xff,0xff,0xff,0xff,0xb4,0x00,0x00,0x00,0x00,0x00,0x00,
0x00,0x00,0x00,0xa1,0xff,0xff,0xff,0xff,0xb4,0x00,0x00,0x00,0x00,0x00,0x00,0x00,
0x00,0x00,0xa1,0xff,0xff,0xff,0xff,0xb4,0x00,0x00,0x00,0x00,0x00,0x00,0x00,0x00,
0x00,0xa1,0xff,0xff,0xff,0xff,0xb4,0x00,0x00,0x00,0x00,0x00,0x00,0x00,0x00,0x00,
0xa1,0xff,0xff,0xff,0xff,0xb4,0x00,0x00,0x00,0x00,0x00,0x00,0x00,0x00,0x00,0xa1,
0xff,0xff,0xff,0xff,0xb4,0x00,0x00,0x00,0x00,0x00,0x00,0x00,0x00,0x00,0xa1,0xff,
0xff,0xff,0xff,0xb4,0x00,0x00,0x00,0x00,0x00,0x00,0x00,0x00,0x00,0x9d,0xff,0xff,
0xff,0xff,0xd0,0x00,0x00,0x00,0x00,0x00,0x00,0x00,0x00,0x00,0x7f,0xff,0xff,0xff,
0xff,0xff,0x70,0x02,0x00,0x02,0x41,0x28,0x00,0x00,0x00,0x4c,0xff,0xff,0xff,0xff,
0xff,0xff,0xf8,0xf4,0xfc,0xff,0x63,0x00,0x00,0x00,0x02,0xe5,0xff,0xff,0xff,0xff,
0xff,0xff,0xff,0xff,0xff,0x63,0x00,0x00,0x00,0x00,0x4a,0xff,0xff,0xff,0xff,0xff,
0xff,0xff,0xff,0xff,0x63,0x00,0x00,0x00,0x00,0x00,0x3f,0xcc,0xff,0xff,0xff,0xff,
0xff,0xff,0xcc,0x39,0x00,0x00,0x00,0x00,0x00,0x00,0x00,0x17,0x4c,0x50,0x4e,0x41,
0x06,0x00,0x00,0x30,0xa7,0xa7,0xa7,0xa7,0xa7,0x04,0x00,0x00,0x00,0x00,0x00,0x00,
0x61,0xa7,0xa7,0xa7,0xa7,0x96,0x4a,0xff,0xff,0xff,0xff,0xff,0x06,0x00,0x00,0x00,
0x00,0x00,0x00,0x94,0xff,0xff,0xff,0xff,0xe5,0x4a,0xff,0xff,0xff,0xff,0xff,0x06,
0x00,0x00,0x00,0x00,0x00,0x00,0x94,0xff,0xff,0xff,0xff,0xe5,0x4a,0xff,0xff,0xff,
0xff,0xff,0x06,0x00,0x00,0x00,0x00,0x00,0x00,0x94,0xff,0xff,0xff,0xff,0xe5,0x4a,
0xff,0xff,0xff,0xff,0xff,0x06,0x00,0x00,0x00,0x00,0x00,0x00,0x94,0xff,0xff,0xff,
0xff,0xe5,0x4a,0xff,0xff,0xff,0xff,0xff,0x06,0x00,0x00,0x00,0x00,0x00,0x00,0x94,
0xff,0xff,0xff,0xff,0xe5,0x4a,0xff,0xff,0xff,0xff,0xff,0x06,0x00,0x00,0x00,0x00,
0x00,0x00,0x94,0xff,0xff,0xff,0xff,0xe5,0x4a,0xff,0xff,0xff,0xff,0xff,0x06,0x00,
0x00,0x00,0x00,0x00,0x00,0x94,0xff,0xff,0xff,0xff,0xe5,0x4a,0xff,0xff,0xff,0xff,
0xff,0x06,0x00,0x00,0x00,0x00,0x00,0x00,0x94,0xff,0xff,0xff,0xff,0xe5,0x4a,0xff,
0xff,0xff,0xff,0xff,0x06,0x00,0x00,0x00,0x00,0x00,0x00,0x94,0xff,0xff,0xff,0xff,
0xe5,0x4a,0xff,0xff,0xff,0xff,0xff,0x06,0x00,0x00,0x00,0x00,0x00,0x00,0x96,0xff,
0xff,0xff,0xff,0xe5,0x4a,0xff,0xff,0xff,0xff,0xff,0x06,0x00,0x00,0x00,0x00,0x00,
0x00,0xa1,0xff,0xff,0xff,0xff,0xe5,0x4a,0xff,0xff,0xff,0xff,0xff,0x08,0x00,0x00,
0x00,0x00,0x00,0x00,0xbb,0xff,0xff,0xff,0xff,0xe5,0x4a,0xff,0xff,0xff,0xff,0xff,
0x39,0x00,0x00,0x00,0x00,0x00,0x0a,0xfa,0xff,0xff,0xff,0xff,0xe5,0x41,0xff,0xff,
0xff,0xff,0xff,0x83,0x00,0x00,0x00,0x00,0x00,0x7b,0xff,0xff,0xff,0xff,0xff,0xe5,
0x06,0xff,0xff,0xff,0xff,0xff,0xfa,0x5b,0x02,0x00,0x08,0x74,0xff,0xff,0xff,0xff,
0xff,0xff,0xe5,0x00,0xc3,0xff,0xff,0xff,0xff,0xff,0xff,0xf8,0xf4,0xfc,0xff,0xff,
0xff,0xff,0xff,0xff,0xff,0xe5,0x00,0x4a,0xff,0xff,0xff,0xff,0xff,0xff,0xff,0xff,
0xff,0xff,0xff,0xbb,0xf6,0xff,0xff,0xff,0xe5,0x00,0x00,0x7b,0xff,0xff,0xff,0xff,
0xff,0xff,0xff,0xff,0xff,0xcc,0x13,0xac,0xff,0xff,0xff,0xe5,0x00,0x00,0x00,0x46,
0xc7,0xff,0xff,0xff,0xff,0xff,0xe3,0x7d,0x06,0x00,0x63,0xff,0xff,0xff,0xe5,0x00,
0x00,0x00,0x00,0x00,0x15,0x4a,0x50,0x4e,0x26,0x00,0x00,0x00,0x00,0x00,0x00,0x00,
0x00,0x00,0x90,0xa7,0xa7,0xa7,0xa7,0x72,0x00,0x00,0x00,0x00,0x00,0x00,0x00,0x00,
0x26,0xa7,0xa7,0xa7,0xa7,0xa7,0x37,0x88,0xff,0xff,0xff,0xff,0xf6,0x04,0x00,0x00,
0x00,0x00,0x00,0x00,0x00,0x7f,0xff,0xff,0xff,0xff,0xfa,0x0c,0x28,0xff,0xff,0xff,
0xff,0xff,0x50,0x00,0x00,0x00,0x00,0x00,0x00,0x00,0xd6,0xff,0xff,0xff,0xff,0xa3,
0x00,0x00,0xc7,0xff,0xff,0xff,0xff,0xa7,0x00,0x00,0x00,0x00,0x00,0x00,0x2a,0xff,
0xff,0xff,0xff,0xff,0x41,0x00,0x00,0x66,0xff,0xff,0xff,0xff,0xf8,0x04,0x00,0x00,
0x00,0x00,0x00,0x81,0xff,0xff,0xff,0xff,0xdf,0x00,0x00,0x00,0x0c,0xfa,0xff,0xff,
0xff,0xff,0x52,0x00,0x00,0x00,0x00,0x00,0xd8,0xff,0xff,0xff,0xff,0x7f,0x00,0x00,
0x00,0x00,0xa1,0xff,0xff,0xff,0xff,0xaa,0x00,0x00,0x00,0x00,0x2e,0xff,0xff,0xff,
0xff,0xff,0x1f,0x00,0x00,0x00,0x00,0x41,0xff,0xff,0xff,0xff,0xfa,0x06,0x00,0x00,
0x00,0x83,0xff,0xff,0xff,0xff,0xbf,0x00,0x00,0x00,0x00,0x00,0x00,0xdf,0xff,0xff,
0xff,0xff,0x59,0x00,0x00,0x00,0xdd,0xff,0xff,0xff,0xff,0x5f,0x00,0x00,0x00,0x00,
0x00,0x00,0x7d,0xff,0xff,0xff,0xff,0xac,0x00,0x00,0x33,0xff,0xff,0xff,0xff,0xf2,
0x06,0x00,0x00,0x00,0x00,0x00,0x00,0x1f,0xff,0xff,0xff,0xff,0xfa,0x08,0x00,0x88,
0xff,0xff,0xff,0xff,0x96,0x00,0x00,0x00,0x00,0x00,0x00,0x00,0x00,0xbd,0xff,0xff,
0xff,0xff,0x59,0x00,0xdd,0xff,0xff,0xff,0xff,0x37,0x00,0x00,0x00,0x00,0x00,0x00,
0x00,0x00,0x5f,0xff,0xff,0xff,0xff,0xa5,0x2c,0xff,0xff,0xff,0xff,0xd4,0x00,0x00,
0x00,0x00,0x00,0x00,0x00,0x00,0x00,0x04,0xf4,0xff,0xff,0xff,0xdd,0x5f,0xff,0xff,
0xff,0xff,0x74,0x00,0x00,0x00,0x00,0x00,0x00,0x00,0x00,0x00,0x00,0x94,0xff,0xff,
0xff,0xfc,0x9f,0xff,0xff,0xff,0xfc,0x17,0x00,0x00,0x00,0x00,0x00,0x00,0x00,0x00,
0x00,0x00,0x37,0xff,0xff,0xff,0xff,0xd2,0xff,0xff,0xff,0xb4,0x00,0x00,0x00,0x00,
0x00,0x00,0x00,0x00,0x00,0x00,0x00,0x00,0xd4,0xff,0xff,0xff,0xff,0xff,0xff,0xff,
0x52,0x00,0x00,0x00,0x00,0x00,0x00,0x00,0x00,0x00,0x00,0x00,0x00,0x72,0xff,0xff,
0xff,0xff,0xff,0xff,0xeb,0x02,0x00,0x00,0x00,0x00,0x00,0x00,0x00,0x00,0x00,0x00,
0x00,0x00,0x15,0xfc,0xff,0xff,0xff,0xff,0xff,0x8c,0x00,0x00,0x00,0x00,0x00,0x00,
0x00,0x00,0x00,0x00,0x00,0x00,0x00,0x00,0xb2,0xff,0xff,0xff,0xff,0xff,0x2c,0x00,
0x00,0x00,0x00,0x00,0x00,0x00,0x5f,0xa7,0xa7,0xa7,0xa7,0x7b,0x00,0x00,0x00,0x00,
0x00,0x00,0x6a,0xa7,0xa7,0xa7,0xa7,0xa7,0x4a,0x00,0x00,0x00,0x00,0x00,0x00,0x94,
0xa7,0xa7,0xa7,0xa7,0x37,0x50,0xff,0xff,0xff,0xff,0xf8,0x02,0x00,0x00,0x00,0x00,
0x00,0xcc,0xff,0xff,0xff,0xff,0xff,0xa7,0x00,0x00,0x00,0x00,0x00,0x17,0xff,0xff,
0xff,0xff,0xff,0x19,0x04,0xfa,0xff,0xff,0xff,0xff,0x3f,0x00,0x00,0x00,0x00,0x0a,
0xfc,0xff,0xff,0xff,0xff,0xff,0xe9,0x00,0x00,0x00,0x00,0x00,0x57,0xff,0xff,0xff,
0xff,0xd0,0x00,0x00,0xb8,0xff,0xff,0xff,0xff,0x7d,0x00,0x00,0x00,0x00,0x52,0xff,
0xff,0xff,0xff,0xff,0xff,0xff,0x24,0x00,0x00,0x00,0x00,0xa7,0xff,0xff,0xff,0xff,
0x85,0x00,0x00,0x72,0xff,0xff,0xff,0xff,0xbd,0x00,0x00,0x00,0x00,0x92,0xff,0xff,
0xff,0xda,0xff,0xff,0xff,0x5f,0x00,0x00,0x00,0x00,0xe7,0xff,0xff,0xff,0xff,0x3f,
0x00,0x00,0x28,0xff,0xff,0xff,0xff,0xfa,0x04,0x00,0x00,0x00,0xd0,0xff,0xff,0xfc,
0x5b,0xff,0xff,0xff,0xa3,0x00,0x00,0x00,0x2c,0xff,0xff,0xff,0xff,0xf4,0x02,0x00,
0x00,0x00,0xe1,0xff,0xff,0xff,0xff,0x4a,0x00,0x00,0x0e,0xff,0xff,0xff,0xd2,0x0c,
0xff,0xff,0xff,0xe3,0x00,0x00,0x00,0x6e,0xff,0xff,0xff,0xff,0xa7,0x00,0x00,0x00,
0x00,0x9b,0xff,0xff,0xff,0xff,0x88,0x00,0x00,0x52,0xff,0xff,0xff,0x9f,0x00,0xd2,
0xff,0xff,0xff,0x1f,0x00,0x00,0xb0,0xff,0xff,0xff,0xff,0x5b,0x00,0x00,0x00,0x00,
0x50,0xff,0xff,0xff,0xff,0xc5,0x00,0x00,0x99,0xff,0xff,0xff,0x57,0x00,0x99,0xff,
0xff,0xff,0x57,0x00,0x02,0xfa,0xff,0xff,0xff,0xff,0x13,0x00,0x00,0x00,0x00,0x06,
0xfc,0xff,0xff,0xff,0xfc,0x06,0x00,0xd6,0xff,0xff,0xff,0x1f,0x00,0x55,0xff,0xff,
0xff,0xa1,0x00,0x3f,0xff,0xff,0xff,0xff,0xce,0x00,0x00,0x00,0x00,0x00,0x00,0xbd,
0xff,0xff,0xff,0xff,0x4a,0x06,0xff,0xff,0xff,0xe5,0x00,0x00,0x1b,0xff,0xff,0xff,
0xd4,0x00,0x72,0xff,0xff,0xff,0xff,0x83,0x00,0x00,0x00,0x00,0x00,0x00,0x74,0xff,
0xff,0xff,0xff,0x68,0x44,0xff,0xff,0xff,0xa5,0x00,0x00,0x00,0xe9,0xff,0xff,0xfc,
0x02,0xa7,0xff,0xff,0xff,0xff,0x39,0x00,0x00,0x00,0x00,0x00,0x00,0x2a,0xff,0xff,
0xff,0xff,0x9b,0x5d,0xff,0xff,0xff,0x6a,0x00,0x00,0x00,0xaa,0xff,0xff,0xff,0x39,
0xd2,0xff,0xff,0xff,0xf0,0x00,0x00,0x00,0x00,0x00,0x00,0x00,0x00,0xe7,0xff,0xff,
0xff,0xae,0x9b,0xff,0xff,0xff,0x35,0x00,0x00,0x00,0x6e,0xff,0xff,0xff,0x59,0xfc,
0xff,0xff,0xff,0xa7,0x00,0x00,0x00,0x00,0x00,0x00,0x00,0x00,0x9d,0xff,0xff,0xff,
0xe7,0xae,0xff,0xff,0xf8,0x00,0x00,0x00,0x00,0x3f,0xff,0xff,0xff,0x94,0xff,0xff,
0xff,0xff,0x59,0x00,0x00,0x00,0x00,0x00,0x00,0x00,0x00,0x52,0xff,0xff,0xff,0xfc,
0xdf,0xff,0xff,0xb8,0x00,0x00,0x00,0x00,0x04,0xfc,0xff,0xff,0xf4,0xff,0xff,0xff,
0xfc,0x13,0x00,0x00,0x00,0x00,0x00,0x00,0x00,0x00,0x0a,0xfc,0xff,0xff,0xff,0xff,
0xff,0xff,0x7f,0x00,0x00,0x00,0x00,0x00,0xc7,0xff,0xff,0xff,0xff,0xff,0xff,0xc7,
0x00,0x00,0x00,0x00,0x00,0x00,0x00,0x00,0x00,0x00,0xbf,0xff,0xff,0xff,0xff,0xff,
0xff,0x4c,0x00,0x00,0x00,0x00,0x00,0x96,0xff,0xff,0xff,0xff,0xff,0xff,0x81,0x00,
0x00,0x00,0x00,0x00,0x00,0x00,0x00,0x00,0x00,0x74,0xff,0xff,0xff,0xff,0xff,0xfc,
0x04,0x00,0x00,0x00,0x00,0x00,0x55,0xff,0xff,0xff,0xff,0xff,0xff,0x37,0x00,0x00,
0x00,0x00,0x00,0x00,0x00,0x00,0x00,0x00,0x30,0xff,0xff,0xff,0xff,0xff,0xc9,0x00,
0x00,0x00,0x00,0x00,0x00,0x1d,0xff,0xff,0xff,0xff,0xff,0xeb,0x00,0x00,0x00,0x00,
0x00,0x00,0x2a,0xa7,0xa7,0xa7,0xa7,0xa7,0x81,0x00,0x00,0x00,0x00,0x00,0x00,0x02,
0x9b,0xa7,0xa7,0xa7,0xa7,0xa7,0x13,0x00,0xb6,0xff,0xff,0xff,0xff,0xff,0x46,0x00,
0x00,0x00,0x00,0x00,0x72,0xff,0xff,0xff,0xff,0xff,0x8c,0x00,0x00,0x1b,0xf2,0xff,
0xff,0xff,0xff,0xdd,0x06,0x00,0x00,0x00,0x19,0xf2,0xff,0xff,0xff,0xff,0xda,0x08,
0x00,0x00,0x00,0x66,0xff,0xff,0xff,0xff,0xff,0x7f,0x00,0x00,0x00,0xa7,0xff,0xff,
0xff,0xff,0xff,0x39,0x00,0x00,0x00,0x00,0x00,0xbb,0xff,0xff,0xff,0xff,0xf8,0x22,
0x00,0x46,0xff,0xff,0xff,0xff,0xff,0x8c,0x00,0x00,0x00,0x00,0x00,0x00,0x1d,0xf2,
0xff,0xff,0xff,0xff,0xb4,0x06,0xdd,0xff,0xff,0xff,0xff,0xda,0x08,0x00,0x00,0x00,
0x00,0x00,0x00,0x00,0x6c,0xff,0xff,0xff,0xff,0xff,0xbd,0xff,0xff,0xff,0xff,0xff,
0x39,0x00,0x00,0x00,0x00,0x00,0x00,0x00,0x00,0x00,0xc3,0xff,0xff,0xff,0xff,0xff,
0xff,0xff,0xff,0xff,0x8c,0x00,0x00,0x00,0x00,0x00,0x00,0x00,0x00,0x00,0x00,0x22,
0xf4,0xff,0xff,0xff,0xff,0xff,0xff,0xff,0xda,0x08,0x00,0x00,0x00,0x00,0x00,0x00,
0x00,0x00,0x00,0x00,0x00,0x6e,0xff,0xff,0xff,0xff,0xff,0xff,0xff,0x39,0x00,0x00,
0x00,0x00,0x00,0x00,0x00,0x00,0x00,0x00,0x00,0x00,0x7f,0xff,0xff,0xff,0xff,0xff,
0xff,0xff,0x48,0x00,0x00,0x00,0x00,0x00,0x00,0x00,0x00,0x00,0x00,0x00,0x2c,0xfc,
0xff,0xff,0xff,0xff,0xff,0xff,0xff,0xe5,0x0e,0x00,0x00,0x00,0x00,0x00,0x00,0x00,
0x00,0x00,0x02,0xd0,0xff,0xff,0xff,0xff,0xff,0xff,0xff,0xff,0xff,0x9f,0x00,0x00,
0x00,0x00,0x00,0x00,0x00,0x00,0x00,0x7d,0xff,0xff,0xff,0xff,0xff,0xa7,0xff,0xff,
0xff,0xff,0xff,0x48,0x00,0x00,0x00,0x00,0x00,0x00,0x00,0x28,0xfc,0xff,0xff,0xff,
0xff,0x9f,0x00,0xd0,0xff,0xff,0xff,0xff,0xe3,0x0e,0x00,0x00,0x00,0x00,0x00,0x02,
0xcc,0xff,0xff,0xff,0xff,0xee,0x13,0x00,0x30,0xff,0xff,0xff,0xff,0xff,0x9d,0x00,
0x00,0x00,0x00,0x00,0x79,0xff,0xff,0xff,0xff,0xff,0x68,0x00,0x00,0x00,0x96,0xff,
0xff,0xff,0xff,0xff,0x48,0x00,0x00,0x00,0x28,0xf8,0xff,0xff,0xff,0xff,0xc9,0x00,
0x00,0x00,0x00,0x11,0xe9,0xff,0xff,0xff,0xff,0xe3,0x0c,0x00,0x00,0xcc,0xff,0xff,
0xff,0xff,0xfc,0x2a,0x00,0x00,0x00,0x00,0x00,0x59,0xff,0xff,0xff,0xff,0xff,0x99,
0x00,0x77,0xff,0xff,0xff,0xff,0xff,0x8c,0x00,0x00,0x00,0x00,0x00,0x00,0x00,0xbf,
0xff,0xff,0xff,0xff,0xff,0x44,0x8e,0xa7,0xa7,0xa7,0xa7,0xa3,0x00,0x00,0x00,0x00,
0x00,0x00,0x00,0x00,0x3b,0xa7,0xa7,0xa7,0xa7,0xa7,0x37,0x83,0xff,0xff,0xff,0xff,
0xff,0x3f,0x00,0x00,0x00,0x00,0x00,0x00,0x00,0xa5,0xff,0xff,0xff,0xff,0xfa,0x0c,
0x1f,0xff,0xff,0xff,0xff,0xff,0x92,0x00,0x00,0x00,0x00,0x00,0x00,0x04,0xf6,0xff,
0xff,0xff,0xff,0xa5,0x00,0x00,0xbb,0xff,0xff,0xff,0xff,0xe9,0x00,0x00,0x00,0x00,
0x00,0x00,0x4c,0xff,0xff,0xff,0xff,0xff,0x46,0x00,0x00,0x50,0xff,0xff,0xff,0xff,
0xff,0x41,0x00,0x00,0x00,0x00,0x00,0xa1,0xff,0xff,0xff,0xff,0xe5,0x00,0x00,0x00,
0x02,0xe5,0xff,0xff,0xff,0xff,0x94,0x00,0x00,0x00,0x00,0x02,0xf2,0xff,0xff,0xff,
0xff,0x85,0x00,0x00,0x00,0x00,0x83,0xff,0xff,0xff,0xff,0xe9,0x00,0x00,0x00,0x00,
0x4a,0xff,0xff,0xff,0xff,0xff,0x26,0x00,0x00,0x00,0x00,0x1f,0xff,0xff,0xff,0xff,
0xff,0x41,0x00,0x00,0x00,0x9b,0xff,0xff,0xff,0xff,0xc7,0x00,0x00,0x00,0x00,0x00,
0x00,0xbb,0xff,0xff,0xff,0xff,0x96,0x00,0x00,0x02,0xee,0xff,0xff,0xff,0xff,0x68,
0x00,0x00,0x00,0x00,0x00,0x00,0x50,0xff,0xff,0xff,0xff,0xe9,0x00,0x00,0x41,0xff,
0xff,0xff,0xff,0xfa,0x0e,0x00,0x00,0x00,0x00,0x00,0x00,0x02,0xe5,0xff,0xff,0xff,
0xff,0x41,0x00,0x99,0xff,0xff,0xff,0xff,0xa5,0x00,0x00,0x00,0x00,0x00,0x00,0x00,
0x00,0x83,0xff,0xff,0xff,0xff,0x99,0x00,0xe9,0xff,0xff,0xff,0xff,0x46,0x00,0x00,
0x00,0x00,0x00,0x00,0x00,0x00,0x1f,0xff,0xff,0xff,0xff,0xe3,0x3d,0xff,0xff,0xff,
0xff,0xe5,0x00,0x00,0x00,0x00,0x00,0x00,0x00,0x00,0x00,0x00,0xbb,0xff,0xff,0xff,
0xff,0x74,0xff,0xff,0xff,0xff,0x85,0x00,0x00,0x00,0x00,0x00,0x00,0x00,0x00,0x00,
0x00,0x50,0xff,0xff,0xff,0xff,0xdf,0xff,0xff,0xff,0xff,0x26,0x00,0x00,0x00,0x00,
0x00,0x00,0x00,0x00,0x00,0x00,0x02,0xe3,0xff,0xff,0xff,0xff,0xff,0xff,0xff,0xc7,
0x00,0x00,0x00,0x00,0x00,0x00,0x00,0x00,0x00,0x00,0x00,0x00,0x83,0xff,0xff,0xff,
0xff,0xff,0xff,0xff,0x68,0x00,0x00,0x00,0x00,0x00,0x00,0x00,0x00,0x00,0x00,0x00,
0x00,0x1f,0xff,0xff,0xff,0xff,0xff,0xff,0xfa,0x0e,0x00,0x00,0x00,0x00,0x00,0x00,
0x00,0x00,0x00,0x00,0x00,0x00,0x00,0xb6,0xff,0xff,0xff,0xff,0xff,0xa5,0x00,0x00,
0x00,0x00,0x00,0x00,0x00,0x00,0x00,0x00,0x00,0x00,0x00,0x00,0x55,0xff,0xff,0xff,
0xff,0xff,0x46,0x00,0x00,0x00,0x00,0x00,0x00,0x00,0x00,0x00,0x00,0x00,0x00,0x00,
0x00,0x63,0xff,0xff,0xff,0xff,0xe5,0x00,0x00,0x00,0x00,0x00,0x00,0x00,0x00,0x00,
0x00,0x00,0x00,0x00,0x00,0x00,0xc9,0xff,0xff,0xff,0xff,0x85,0x00,0x00,0x00,0x00,
0x00,0x00,0x00,0x00,0x00,0x00,0x00,0x00,0x00,0x00,0x57,0xff,0xff,0xff,0xff,0xff,
0x26,0x00,0x00,0x00,0x00,0x00,0x00,0x00,0x00,0x00,0x00,0x00,0x00,0x00,0x46,0xf4,
0xff,0xff,0xff,0xff,0xbd,0x00,0x00,0x00,0x00,0x00,0x00,0x00,0x00,0x00,0x00,0x94,
0xb2,0xae,0xd2,0xff,0xff,0xff,0xff,0xff,0xff,0x30,0x00,0x00,0x00,0x00,0x00,0x00,
0x00,0x00,0x00,0x00,0xb4,0xff,0xff,0xff,0xff,0xff,0xff,0xff,0xff,0x7d,0x00,0x00,
0x00,0x00,0x00,0x00,0x00,0x00,0x00,0x00,0x00,0xb4,0xff,0xff,0xff,0xff,0xff,0xff,
0xff,0x92,0x00,0x00,0x00,0x00,0x00,0x00,0x00,0x00,0x00,0x00,0x00,0x00,0xb4,0xff,
0xff,0xff,0xff,0xff,0xdf,0x55,0x00,0x00,0x00,0x00,0x00,0x00,0x00,0x00,0x00,0x00,
0x00,0x00,0x00,0x44,0x92,0xa1,0x9f,0x7b,0x41,0x00,0x00,0x00,0x00,0x00,0x00,0x00,
0x00,0x00,0x00,0x00,0x00,0x00,0x00,0x41,0xa7,0xa7,0xa7,0xa7,0xa7,0xa7,0xa7,0xa7,
0xa7,0xa7,0xa7,0xa7,0xa7,0xa7,0x0c,0x63,0xff,0xff,0xff,0xff,0xff,0xff,0xff,0xff,
0xff,0xff,0xff,0xff,0xff,0xff,0x13,0x63,0xff,0xff,0xff,0xff,0xff,0xff,0xff,0xff,
0xff,0xff,0xff,0xff,0xff,0xff,0x13,0x63,0xff,0xff,0xff,0xff,0xff,0xff,0xff,0xff,
0xff,0xff,0xff,0xff,0xff,0xff,0x13,0x26,0x63,0x63,0x63,0x63,0x63,0x63,0x63,0x74,
0xfc,0xff,0xff,0xff,0xff,0xa7,0x00,0x00,0x00,0x00,0x00,0x00,0x00,0x00,0x00,0xac,
0xff,0xff,0xff,0xff,0xdd,0x0e,0x00,0x00,0x00,0x00,0x00,0x00,0x00,0x00,0x63,0xff,
0xff,0xff,0xff,0xfc,0x35,0x00,0x00,0x00,0x00,0x00,0x00,0x00,0x00,0x2a,0xf6,0xff,
0xff,0xff,0xff,0x72,0x00,0x00,0x00,0x00,0x00,0x00,0x00,0x00,0x0a,0xd8,0xff,0xff,
0xff,0xff,0xb4,0x00,0x00,0x00,0x00,0x00,0x00,0x00,0x00,0x00,0x9b,0xff,0xff,0xff,
0xff,0xe9,0x15,0x00,0x00,0x00,0x00,0x00,0x00,0x00,0x00,0x59,0xff,0xff,0xff,0xff,
0xff,0x44,0x00,0x00,0x00,0x00,0x00,0x00,0x00,0x00,0x24,0xf2,0xff,0xff,0xff,0xff,
0x85,0x00,0x00,0x00,0x00,0x00,0x00,0x00,0x00,0x02,0xce,0xff,0xff,0xff,0xff,0xc3,
0x00,0x00,0x00,0x00,0x00,0x00,0x00,0x00,0x00,0x8c,0xff,0xff,0xff,0xff,0xee,0x1d,
0x00,0x00,0x00,0x00,0x00,0x00,0x00,0x00,0x4a,0xff,0xff,0xff,0xff,0xff,0x4e,0x00,
0x00,0x00,0x00,0x00,0x00,0x00,0x00,0x19,0xeb,0xff,0xff,0xff,0xff,0x9f,0x0c,0x0c,
0x0c,0x0c,0x0c,0x0c,0x0c,0x0c,0x04,0xbf,0xff,0xff,0xff,0xff,0xff,0xff,0xff,0xff,
0xff,0xff,0xff,0xff,0xff,0xff,0x63,0xff,0xff,0xff,0xff,0xff,0xff,0xff,0xff,0xff,
0xff,0xff,0xff,0xff,0xff,0xff,0x63,0xff,0xff,0xff,0xff,0xff,0xff,0xff,0xff,0xff,
0xff,0xff,0xff,0xff,0xff,0xff,0x63,0xff,0xff,0xff,0xff,0xff,0xff,0xff,0xff,0xff,
0xff,0xff,0xff,0xff,0xff,0xff,0x63,0x00,0x00,0x00,0x00,0x00,0x00,0x00,0x08,0x52,
0x83,0x9f,0xa7,0x7b,0x00,0x00,0x00,0x00,0x00,0x00,0x6c,0xf4,0xff,0xff,0xff,0xff,
0xb4,0x00,0x00,0x00,0x00,0x00,0x50,0xff,0xff,0xff,0xff,0xff,0xff,0xb4,0x00,0x00,
0x00,0x00,0x00,0xb4,0xff,0xff,0xff,0xff,0xff,0xff,0xb4,0x00,0x00,0x00,0x00,0x00,
0xf0,0xff,0xff,0xff,0xff,0xc9,0x63,0x35,0x00,0x00,0x00,0x00,0x00,0xf8,0xff,0xff,
0xff,0xdf,0x04,0x00,0x00,0x00,0x00,0x00,0x00,0x00,0xf8,0xff,0xff,0xff,0xaa,0x00,
0x00,0x00,0x00,0x00,0x00,0x00,0x00,0xf8,0xff,0xff,0xff,0xa7,0x00,0x00,0x00,0x00,
0x00,0x00,0x00,0x00,0xf8,0xff,0xff,0xff,0xa7,0x00,0x00,0x00,0x00,0x00,0x00,0x00,
0x00,0xf8,0xff,0xff,0xff,0xa7,0x00,0x00,0x00,0x00,0x00,0x00,0x00,0x00,0xf8,0xff,
0xff,0xff,0xa7,0x00,0x00,0x00,0x00,0x00,0x00,0x00,0x02,0xfc,0xff,0xff,0xff,0xa7,
0x00,0x00,0x00,0x00,0x00,0x00,0x00,0x6a,0xff,0xff,0xff,0xff,0xa5,0x00,0x00,0x00,
0x02,0x17,0x4c,0x99,0xff,0xff,0xff,0xff,0xff,0x66,0x00,0x00,0x00,0x63,0xff,0xff,
0xff,0xff,0xff,0xff,0xff,0xb4,0x00,0x00,0x00,0x00,0x63,0xff,0xff,0xff,0xff,0xf0,
0xac,0x55,0x00,0x00,0x00,0x00,0x00,0x63,0xff,0xff,0xff,0xff,0xf6,0xac,0x59,0x00,
0x00,0x00,0x00,0x00,0x63,0xff,0xff,0xff,0xff,0xff,0xff,0xff,0xb6,0x02,0x00,0x00,
0x00,0x04,0x1b,0x4c,0x9d,0xff,0xff,0xff,0xff,0xff,0x66,0x00,0x00,0x00,0x00,0x00,
0x00,0x00,0x6e,0xff,0xff,0xff,0xff,0xa5,0x00,0x00,0x00,0x00,0x00,0x00,0x00,0x04,
0xfc,0xff,0xff,0xff,0xa7,0x00,0x00,0x00,0x00,0x00,0x00,0x00,0x00,0xf8,0xff,0xff,
0xff,0xa7,0x00,0x00,0x00,0x00,0x00,0x00,0x00,0x00,0xf8,0xff,0xff,0xff,0xa7,0x00,
0x00,0x00,0x00,0x00,0x00,0x00,0x00,0xf8,0xff,0xff,0xff,0xa7,0x00,0x00,0x00,0x00,
0x00,0x00,0x00,0x00,0xf8,0xff,0xff,0xff,0xa7,0x00,0x00,0x00,0x00,0x00,0x00,0x00,
0x00,0xf8,0xff,0xff,0xff,0xaa,0x00,0x00,0x00,0x00,0x00,0x00,0x00,0x00,0xf8,0xff,
0xff,0xff,0xe3,0x04,0x00,0x00,0x00,0x00,0x00,0x00,0x00,0xf0,0xff,0xff,0xff,0xff,
0xce,0x68,0x37,0x00,0x00,0x00,0x00,0x00,0xb2,0xff,0xff,0xff,0xff,0xff,0xff,0xb4,
0x00,0x00,0x00,0x00,0x00,0x4e,0xff,0xff,0xff,0xff,0xff,0xff,0xb4,0x00,0x00,0x00,
0x00,0x00,0x00,0x6a,0xf4,0xff,0xff,0xff,0xff,0xb4,0x00,0x00,0x00,0x00,0x00,0x00,
0x00,0x06,0x4c,0x74,0x9d,0xa5,0x77,0x4a,0x4a,0x4a,0x41,0xff,0xff,0xff,0xe5,0xff,
0xff,0xff,0xe5,0xff,0xff,0xff,0xe5,0xff,0xff,0xff,0xe5,0xff,0xff,0xff,0xe5,0xff,
0xff,0xff,0xe5,0xff,0xff,0xff,0xe5,0xff,0xff,0xff,0xe5,0xff,0xff,0xff,0xe5,0xff,
0xff,0xff,0xe5,0xff,0xff,0xff,0xe5,0xff,0xff,0xff,0xe5,0xff,0xff,0xff,0xe5,0xff,
0xff,0xff,0xe5,0xff,0xff,0xff,0xe5,0xff,0xff,0xff,0xe5,0xff,0xff,0xff,0xe5,0xff,
0xff,0xff,0xe5,0xff,0xff,0xff,0xe5,0xff,0xff,0xff,0xe5,0xff,0xff,0xff,0xe5,0xff,
0xff,0xff,0xe5,0xff,0xff,0xff,0xe5,0xff,0xff,0xff,0xe5,0xff,0xff,0xff,0xe5,0xff,
0xff,0xff,0xe5,0xff,0xff,0xff,0xe5,0xff,0xff,0xff,0xe5,0xff,0xff,0xff,0xe5,0xff,
0xff,0xff,0xe5,0xff,0xff,0xff,0xe5,0xff,0xff,0xff,0xe5,0xff,0xff,0xff,0xe5,0xff,
0xff,0xff,0xe5,0xff,0xff,0xff,0xe5,0x3d,0x3d,0x3d,0x35,0x6a,0xaa,0xa3,0x8e,0x55,
0x15,0x00,0x00,0x00,0x00,0x00,0x00,0x00,0x9b,0xff,0xff,0xff,0xff,0xfc,0x92,0x02,
0x00,0x00,0x00,0x00,0x00,0x9b,0xff,0xff,0xff,0xff,0xff,0xff,0x81,0x00,0x00,0x00,
0x00,0x00,0x9b,0xff,0xff,0xff,0xff,0xff,0xff,0xe9,0x00,0x00,0x00,0x00,0x00,0x2c,
0x59,0xb0,0xff,0xff,0xff,0xff,0xff,0x08,0x00,0x00,0x00,0x00,0x00,0x00,0x00,0xb6,
0xff,0xff,0xff,0xff,0x0c,0x00,0x00,0x00,0x00,0x00,0x00,0x00,0x81,0xff,0xff,0xff,
0xff,0x0c,0x00,0x00,0x00,0x00,0x00,0x00,0x00,0x6a,0xff,0xff,0xff,0xff,0x0c,0x00,
0x00,0x00,0x00,0x00,0x00,0x00,0x6a,0xff,0xff,0xff,0xff,0x0c,0x00,0x00,0x00,0x00,
0x00,0x00,0x00,0x6a,0xff,0xff,0xff,0xff,0x0c,0x00,0x00,0x00,0x00,0x00,0x00,0x00,
0x6a,0xff,0xff,0xff,0xff,0x0c,0x00,0x00,0x00,0x00,0x00,0x00,0x00,0x6a,0xff,0xff,
0xff,0xff,0x39,0x00,0x00,0x00,0x00,0x00,0x00,0x00,0x63,0xff,0xff,0xff,0xff,0x99,
0x00,0x00,0x00,0x00,0x00,0x00,0x00,0x30,0xff,0xff,0xff,0xff,0xff,0xb6,0x52,0x22,
0x04,0x00,0x00,0x00,0x00,0x83,0xff,0xff,0xff,0xff,0xff,0xff,0xff,0xa1,0x00,0x00,
0x00,0x00,0x00,0x39,0xa1,0xe3,0xff,0xff,0xff,0xff,0xa1,0x00,0x00,0x00,0x00,0x00,
0x3b,0xa5,0xe7,0xff,0xff,0xff,0xff,0xa1,0x00,0x00,0x00,0x00,0x88,0xff,0xff,0xff,
0xff,0xff,0xff,0xff,0xa1,0x00,0x00,0x00,0x37,0xff,0xff,0xff,0xff,0xff,0xb8,0x55,
0x26,0x08,0x00,0x00,0x00,0x63,0xff,0xff,0xff,0xff,0x9d,0x00,0x00,0x00,0x00,0x00,
0x00,0x00,0x6a,0xff,0xff,0xff,0xff,0x3b,0x00,0x00,0x00,0x00,0x00,0x00,0x00,0x6a,
0xff,0xff,0xff,0xff,0x0c,0x00,0x00,0x00,0x00,0x00,0x00,0x00,0x6a,0xff,0xff,0xff,
0xff,0x0c,0x00,0x00,0x00,0x00,0x00,0x00,0x00,0x6a,0xff,0xff,0xff,0xff,0x0c,0x00,
0x00,0x00,0x00,0x00,0x00,0x00,0x6a,0xff,0xff,0xff,0xff,0x0c,0x00,0x00,0x00,0x00,
0x00,0x00,0x00,0x81,0xff,0xff,0xff,0xff,0x0c,0x00,0x00,0x00,0x00,0x00,0x00,0x00,
0xbd,0xff,0xff,0xff,0xff,0x0c,0x00,0x00,0x00,0x00,0x2c,0x59,0xbb,0xff,0xff,0xff,
0xff,0xff,0x08,0x00,0x00,0x00,0x00,0x9b,0xff,0xff,0xff,0xff,0xff,0xff,0xe9,0x00,
0x00,0x00,0x00,0x00,0x9b,0xff,0xff,0xff,0xff,0xff,0xff,0x81,0x00,0x00,0x00,0x00,
0x00,0x9b,0xff,0xff,0xff,0xff,0xfa,0x8a,0x00,0x00,0x00,0x00,0x00,0x00,0x66,0xa5,
0x9f,0x81,0x52,0x11,0x00,0x00,0x00,0x00,0x00,0x00,0x00,0x00,0x00,0x22,0x72,0x9f,
0xa3,0x96,0x57,0x15,0x00,0x00,0x00,0x00,0x00,0x00,0x00,0x00,0x3d,0x00,0x8c,0xfc,
0xff,0xff,0xff,0xff,0xff,0xfc,0xb4,0x46,0x00,0x00,0x00,0x00,0x02,0x79,0xfa,0x5f,
0xff,0xff,0xff,0xff,0xff,0xff,0xff,0xff,0xff,0xff,0xf2,0xae,0x9d,0xa3,0xe7,0xff,
0xff,0x63,0xff,0xff,0xff,0xff,0xff,0xff,0xff,0xff,0xff,0xff,0xff,0xff,0xff,0xff,
0xff,0xff,0xff,0x63,0xff,0xd0,0x5d,0x41,0x46,0x61,0xb4,0xfc,0xff,0xff,0xff,0xff,
0xff,0xff,0xff,0xff,0xc9,0x63,0x79,0x00,0x00,0x00,0x00,0x00,0x00,0x17,0x79,0xce,
0xff,0xff,0xff,0xff,0xf0,0x81,0x06,0x04,0x00,0x00,0x00,0x00,0x00,0x00,0x00,0x00,
0x00,0x00,0x06,0x41,0x4a,0x39,0x02,0x00,0x00,0x00,0x0e,0x4e,0x6f,0x74,0x6f,0x20,
0x53,0x61,0x6e,0x73,0x20,0x42,0x6f,0x6c,0x64,0x00,0x0d,0x4e,0x6f,0x74,0x6f,0x53,
0x61,0x6e,0x73,0x2d,0x42,0x6f,0x6c,0x64,0x01,
};
const uint32_t Font_NotoSansBold36_size = 44169;
